# Blender 4.5.3 LTS
# www.blender.org
mtllib kelpCycleEngine_Iteration1.mtl
o Plane
v -0.423689 4.038567 -0.230871
v -3.436204 4.198528 -0.670340
v -0.604427 4.253280 -0.031623
v -3.328272 4.342050 -0.446504
v -1.510201 3.939911 -0.541310
v -2.641763 4.049098 -0.692353
v -2.566586 4.383569 -0.234558
v -1.637208 4.313365 -0.057719
v -0.423916 7.007562 0.195818
v -2.943104 8.123177 1.816578
v -0.416388 7.184628 0.472834
v -2.708734 8.145281 1.922560
v -1.443715 7.317050 0.652621
v -2.376663 7.778896 1.275526
v -2.001768 7.902183 1.590015
v -1.203780 7.521672 1.121315
v -0.411481 10.488533 -0.290482
v -3.325806 11.484135 -1.164277
v -0.628336 10.483746 -0.105610
v -3.259839 11.354017 -0.922511
v -1.438693 10.879296 -0.775230
v -2.535331 11.280203 -1.079875
v -2.543967 11.067109 -0.600674
v -1.651838 10.697530 -0.300926
v -0.808876 13.869503 1.465588
v -1.364270 14.479723 2.181244
v -1.804712 14.652460 1.999672
v -1.177451 13.947618 1.093983
v -1.899505 14.961272 2.729009
v -0.317671 13.370892 0.583185
v -2.145558 15.093196 2.701700
v -0.419855 13.295984 0.318756
v -0.103942 16.770641 -0.635618
v -1.547037 15.954411 -3.276904
v -0.377443 16.588808 -0.650949
v -1.657056 15.829883 -3.053076
v -0.502014 16.547544 -1.683137
v -1.065375 16.261038 -2.663481
v -1.381418 15.965345 -2.319107
v -0.955402 16.147099 -1.483947
v -0.478719 21.100445 -0.060025
v -3.436066 20.701666 0.483990
v -0.585734 20.873411 0.187115
v -3.263916 20.498327 0.651127
v -1.595077 21.082888 -0.015584
v -2.700355 20.944637 0.214563
v -2.484278 20.499977 0.607355
v -1.564306 20.547365 0.458878
v -0.263449 23.972317 -0.473706
v -2.535234 23.375954 -2.454634
v -0.531288 24.129070 -0.406879
v -2.572871 23.535683 -2.210878
v -0.990982 23.610149 -1.310691
v -1.854536 23.433872 -2.044384
v -2.054816 23.763422 -1.624971
v -1.375196 23.923983 -0.979939
v -0.434539 3.992420 -0.223322
v -3.451499 4.152178 -0.663734
v -0.614576 4.207050 -0.024007
v -3.344064 4.295801 -0.439918
v -1.532303 3.878905 -0.531971
v -2.666264 3.988017 -0.683589
v -2.591944 4.322702 -0.225802
v -1.657772 4.252206 -0.048219
v -0.424405 6.959103 0.200986
v -2.955038 8.075184 1.821337
v -0.419221 7.136404 0.478006
v -2.719898 8.097138 1.927276
v -1.451972 7.252911 0.659507
v -2.394673 7.715465 1.282170
v -2.019287 7.838506 1.596548
v -1.217775 7.458061 1.128183
v -0.428316 10.440757 -0.293846
v -3.344614 11.437017 -1.168540
v -0.644095 10.435678 -0.108879
v -3.279500 11.307129 -0.926780
v -1.467097 10.817051 -0.780344
v -2.563941 11.218149 -1.085505
v -2.574132 11.005464 -0.606255
v -1.677942 10.634655 -0.305793
v -0.863154 13.816404 1.469658
v -1.421741 14.428103 2.185092
v -1.861802 14.600699 2.003572
v -1.228660 13.892926 1.097970
v -1.942084 14.922169 2.731698
v -0.353990 13.328912 0.586143
v -2.188292 15.054195 2.704418
v -0.454984 13.253382 0.321675
v -0.053419 16.736217 -0.635890
v -1.494777 15.921390 -3.277785
v -0.326892 16.554392 -0.651124
v -1.605049 15.796682 -3.054044
v -0.434525 16.501802 -1.684198
v -0.996571 16.216345 -2.664829
v -1.313272 15.920174 -2.320625
v -0.888007 16.101255 -1.484806
v -0.477293 21.054924 -0.068968
v -3.443524 20.657099 0.474388
v -0.585548 20.828012 0.178156
v -3.270959 20.453720 0.641506
v -1.601683 21.022669 -0.027742
v -2.714211 20.885319 0.202033
v -2.497852 20.440639 0.594764
v -1.573942 20.487442 0.446662
v -0.290014 23.928404 -0.467440
v -2.560198 23.330980 -2.449166
v -0.557189 24.085072 -0.400405
v -2.598734 23.490940 -2.205524
v -1.028851 23.551725 -1.303297
v -1.890359 23.374567 -2.037310
v -2.092593 23.704666 -1.618063
v -1.411894 23.865488 -0.972066
v -0.000000 0.000000 -0.334053
v 0.034281 27.291584 -0.326846
v 0.289298 0.000000 -0.167027
v 0.323580 27.291582 -0.159820
v 0.289298 0.000000 0.167027
v 0.323580 27.291584 0.174234
v -0.000000 0.000000 0.334053
v 0.034281 27.291584 0.341260
v -0.289299 0.000000 0.167027
v -0.255017 27.291584 0.174234
v -0.289299 0.000000 -0.167027
v -0.255017 27.291584 -0.159820
v -0.016191 4.532735 -0.337470
v -0.019937 9.073695 -0.311403
v -0.140327 13.608205 -0.522109
v -0.170480 18.091125 -0.669843
v -0.020703 22.543980 -0.570941
v 0.313103 22.543980 -0.378218
v 0.163326 18.091125 -0.477120
v 0.193479 13.608204 -0.329382
v 0.313869 9.073692 -0.118664
v 0.317615 4.532734 -0.144743
v 0.313103 22.543980 0.007228
v 0.163326 18.091125 -0.091674
v 0.193479 13.608203 0.056066
v 0.313869 9.073690 0.266787
v 0.317615 4.532735 0.240705
v -0.020704 22.543980 0.199951
v -0.170480 18.091125 0.101049
v -0.140327 13.608203 0.248787
v -0.019938 9.073691 0.459505
v -0.016192 4.532735 0.433427
v -0.354510 22.543980 0.007228
v -0.504287 18.091125 -0.091674
v -0.474133 13.608204 0.056060
v -0.353744 9.073694 0.266767
v -0.349998 4.532735 0.240700
v -0.354510 22.543976 -0.378218
v -0.504287 18.091127 -0.477120
v -0.474133 13.608204 -0.329383
v -0.353744 9.073691 -0.118669
v -0.349998 4.532735 -0.144744
v 0.459649 2.071907 0.088866
v 3.450639 2.682095 0.453994
v 0.685834 1.784391 -0.075393
v 3.400718 2.494930 0.242307
v 1.444034 2.511278 0.335868
v 2.659183 2.489641 0.529240
v 2.634620 2.047877 0.098589
v 1.691364 1.839965 -0.057079
v 0.532997 6.235484 -0.292087
v 3.217818 5.027339 -1.693458
v 0.649485 6.065669 -0.626150
v 2.937567 4.897381 -1.764450
v 1.542719 5.804022 -0.627537
v 2.577395 5.177642 -1.163905
v 2.178504 5.056346 -1.468987
v 1.365343 5.470005 -1.100700
v 0.460598 8.313196 0.177018
v 3.315354 9.051754 1.350879
v 0.668631 8.122138 0.029150
v 3.159536 8.804700 1.072606
v 1.419473 8.733863 0.722483
v 2.499070 9.057792 1.139609
v 2.505149 8.626704 0.675893
v 1.617201 8.201310 0.299888
v 0.180994 11.238945 0.042497
v 3.819734 12.675004 -0.154780
v 0.413909 11.281209 -0.145381
v 3.584419 12.717817 -0.295650
v 1.678803 11.514956 0.122809
v 2.717878 11.730176 -0.007467
v 2.512403 12.424648 -0.353519
v 1.675097 12.160629 -0.323152
v 0.446086 14.622090 0.195797
v 3.141994 15.669917 1.688006
v 0.715464 14.809813 0.072040
v 3.103397 15.621014 1.421064
v 1.264353 14.897447 0.833294
v 2.333206 15.467143 1.401262
v 2.453024 15.457474 0.936295
v 1.640865 15.136195 0.444844
v 0.510740 18.374557 -0.332015
v 3.321787 18.419970 -1.452462
v 0.564620 18.511007 -0.603440
v 3.021001 18.389658 -1.587182
v 1.597410 18.195246 -0.620564
v 2.651400 18.251438 -1.054911
v 2.332627 18.585735 -1.398887
v 1.473819 18.633932 -1.088987
v 0.494125 21.811722 0.117050
v 3.586233 22.446302 0.870759
v 0.698115 21.757521 -0.076837
v 3.417778 22.165413 0.633493
v 1.536737 21.884832 0.565375
v 2.680028 22.233097 0.807512
v 2.634200 21.878321 0.343510
v 1.722178 21.683826 0.081122
v 0.434526 26.007904 -0.397288
v 2.175077 24.512983 -2.876173
v 0.317649 26.060120 -0.653844
v 1.892806 24.496225 -2.835695
v 1.194888 25.494562 -1.206425
v 1.823693 24.934874 -2.131632
v 1.328599 24.648109 -2.190968
v 0.795422 25.328009 -1.518540
v 0.458260 2.033235 0.102308
v 3.479952 2.641965 0.460560
v 0.685753 1.745741 -0.061780
v 3.426548 2.455050 0.249012
v 1.431200 2.457084 0.351611
v 2.667341 2.432264 0.541092
v 2.634360 1.991180 0.110927
v 1.679697 1.785994 -0.040786
v 0.505729 6.191054 -0.286838
v 3.223998 4.979705 -1.688925
v 0.622269 6.021350 -0.620719
v 2.946453 4.849383 -1.760103
v 1.509727 5.744419 -0.620018
v 2.563673 5.115426 -1.156452
v 2.172034 4.993235 -1.461907
v 1.334293 5.410456 -1.092818
v 0.445324 8.269787 0.186132
v 3.289302 9.010053 1.359190
v 0.650287 8.078845 0.038195
v 3.137640 8.762733 1.081066
v 1.410442 8.674974 0.734968
v 2.478531 9.000010 1.151488
v 2.493642 8.568291 0.688122
v 1.602752 8.142553 0.312289
v 0.241616 11.166333 0.030306
v 3.878287 12.618120 -0.178136
v 0.474280 11.208611 -0.157608
v 3.643659 12.661019 -0.319012
v 1.709000 11.437861 0.103335
v 2.737497 11.659147 -0.032100
v 2.535696 12.354474 -0.378517
v 1.697796 12.084208 -0.343914
v 0.485804 14.581383 0.193684
v 3.155135 15.621431 1.689548
v 0.754806 14.768934 0.069694
v 3.120261 15.573753 1.422497
v 1.315526 14.842631 0.832345
v 2.365023 15.406038 1.402628
v 2.494516 15.399520 0.937212
v 1.693515 15.081740 0.443199
v 0.483755 18.330599 -0.338110
v 3.308499 18.371809 -1.455565
v 0.537734 18.467142 -0.609689
v 3.008557 18.341129 -1.589978
v 1.563006 18.136457 -0.629027
v 2.624735 18.190123 -1.061967
v 2.308282 18.523497 -1.405228
v 1.440241 18.575150 -1.097657
v 0.488901 21.763025 0.119715
v 3.596103 22.400700 0.879070
v 0.690277 21.708548 -0.074405
v 3.428878 22.119837 0.641526
v 1.546544 21.820875 0.571089
v 2.697513 22.171484 0.816795
v 2.653224 21.816591 0.351898
v 1.725835 21.619154 0.086028
v 0.399562 25.966549 -0.393777
v 2.201624 24.468519 -2.870880
v 0.288877 26.018335 -0.649555
v 1.919561 24.451756 -2.830474
v 1.169811 25.436769 -1.199573
v 1.844073 24.875559 -2.123132
v 1.353666 24.588495 -2.182142
v 0.786998 25.269064 -1.509663
v -0.014942 26.416590 -0.411994
v 0.318864 26.416588 -0.219270
v 0.318864 26.416588 0.166176
v -0.014942 26.416588 0.358899
v -0.348748 26.416588 0.166176
v -0.348748 26.416588 -0.219270
v 0.329057 0.755114 -0.186593
v 0.329057 0.755114 0.198853
v -0.004749 0.755114 0.391577
v -0.338555 0.755114 0.198853
v -0.338555 0.755114 -0.186593
v -0.004749 0.755114 -0.379316
v 0.716480 11.492830 -0.210640
v 0.471496 11.300064 0.093008
v 0.769493 11.416759 -0.225106
v 0.527350 11.223832 0.078952
v 3.484672 12.319886 -0.097920
v 3.197421 12.609488 -0.331564
v 3.528846 12.256685 -0.122755
v 3.244771 12.546685 -0.356428
v 0.141875 11.217353 0.071083
v 3.903671 12.691274 -0.138554
v 0.454583 11.269135 -0.177647
v 3.587355 12.724854 -0.321747
v 1.685284 11.340124 0.230972
v 2.772499 11.544191 0.074785
v 2.465232 12.586119 -0.444387
v 1.677799 12.308807 -0.438301
v 0.420066 11.238631 0.166496
v 0.786811 11.527822 -0.289081
v 3.133962 12.671002 -0.394293
v 3.564021 12.236498 -0.043819
v 0.172613 11.180727 0.064959
v 3.933999 12.662768 -0.150310
v 0.485194 11.232518 -0.183788
v 3.618029 12.696391 -0.333507
v 1.700946 11.302652 0.221704
v 2.781513 11.509633 0.062890
v 2.477026 12.552208 -0.456558
v 1.687786 12.271845 -0.448543
v 0.447535 11.201645 0.159736
v 0.812131 11.490958 -0.296151
v 3.157353 12.640602 -0.406354
v 3.585009 12.205797 -0.055858
v 0.049928 27.315493 0.007207
v -0.000000 0.000000 -0.000000
v -0.423689 31.080896 -0.230871
v -3.436204 31.240858 -0.670340
v -0.604427 31.295610 -0.031623
v -3.328272 31.384380 -0.446504
v -1.510201 30.982241 -0.541310
v -2.641763 31.091429 -0.692353
v -2.566586 31.425898 -0.234558
v -1.637208 31.355694 -0.057719
v -0.423916 34.049892 0.195818
v -2.943104 35.165504 1.816578
v -0.416388 34.226955 0.472834
v -2.708734 35.187611 1.922560
v -1.443715 34.359375 0.652621
v -2.376663 34.821228 1.275526
v -2.001768 34.944515 1.590015
v -1.203780 34.564007 1.121315
v -0.411481 37.530861 -0.290482
v -3.325806 38.526466 -1.164277
v -0.628336 37.526073 -0.105610
v -3.259839 38.396347 -0.922511
v -1.438693 37.921631 -0.775230
v -2.535331 38.322529 -1.079875
v -2.543967 38.109440 -0.600674
v -1.651838 37.739861 -0.300926
v -0.808876 40.911835 1.465588
v -1.364270 41.522053 2.181244
v -1.804712 41.694794 1.999672
v -1.177451 40.989944 1.093983
v -1.899505 42.003601 2.729009
v -0.317671 40.413223 0.583185
v -2.145558 42.135529 2.701700
v -0.419855 40.338314 0.318756
v -0.103942 43.812965 -0.635618
v -1.547037 42.996742 -3.276904
v -0.377443 43.631134 -0.650949
v -1.657056 42.872208 -3.053076
v -0.502014 43.589878 -1.683137
v -1.065375 43.303371 -2.663481
v -1.381418 43.007675 -2.319107
v -0.955402 43.189430 -1.483947
v -0.478719 48.142773 -0.060025
v -3.436066 47.743999 0.483990
v -0.585734 47.915741 0.187115
v -3.263916 47.540657 0.651127
v -1.595077 48.125221 -0.015584
v -2.700355 47.986969 0.214563
v -2.484278 47.542305 0.607355
v -1.564306 47.589695 0.458878
v -0.263449 51.014648 -0.473706
v -2.535234 50.418285 -2.454634
v -0.531288 51.171402 -0.406879
v -2.572871 50.578014 -2.210878
v -0.990982 50.652481 -1.310691
v -1.854536 50.476200 -2.044384
v -2.054816 50.805752 -1.624971
v -1.375196 50.966312 -0.979939
v -0.434539 31.034750 -0.223322
v -3.451499 31.194508 -0.663734
v -0.614576 31.249382 -0.024007
v -3.344064 31.338129 -0.439918
v -1.532303 30.921236 -0.531971
v -2.666264 31.030348 -0.683589
v -2.591944 31.365032 -0.225802
v -1.657772 31.294537 -0.048219
v -0.424405 34.001434 0.200986
v -2.955038 35.117512 1.821337
v -0.419221 34.178730 0.478006
v -2.719898 35.139465 1.927276
v -1.451972 34.295242 0.659507
v -2.394673 34.757797 1.282170
v -2.019287 34.880836 1.596548
v -1.217775 34.500389 1.128183
v -0.428316 37.483086 -0.293846
v -3.344614 38.479343 -1.168540
v -0.644095 37.478008 -0.108879
v -3.279500 38.349457 -0.926780
v -1.467097 37.859379 -0.780344
v -2.563941 38.260479 -1.085505
v -2.574132 38.047791 -0.606255
v -1.677942 37.676983 -0.305793
v -0.863154 40.858734 1.469658
v -1.421741 41.470432 2.185092
v -1.861802 41.643036 2.003572
v -1.228660 40.935253 1.097970
v -1.942084 41.964500 2.731698
v -0.353990 40.371239 0.586143
v -2.188292 42.096527 2.704418
v -0.454984 40.295712 0.321675
v -0.053419 43.778545 -0.635890
v -1.494777 42.963715 -3.277785
v -0.326892 43.596722 -0.651124
v -1.605049 42.839012 -3.054044
v -0.434525 43.544128 -1.684198
v -0.996571 43.258678 -2.664829
v -1.313272 42.962509 -2.320625
v -0.888007 43.143585 -1.484806
v -0.477293 48.097256 -0.068968
v -3.443524 47.699425 0.474388
v -0.585548 47.870338 0.178156
v -3.270959 47.496048 0.641506
v -1.601683 48.065002 -0.027742
v -2.714211 47.927647 0.202033
v -2.497852 47.482971 0.594764
v -1.573942 47.529774 0.446662
v -0.290014 50.970737 -0.467440
v -2.560198 50.373314 -2.449166
v -0.557189 51.127403 -0.400405
v -2.598734 50.533272 -2.205524
v -1.028851 50.594055 -1.303297
v -1.890359 50.416893 -2.037310
v -2.092593 50.746998 -1.618063
v -1.411894 50.907814 -0.972066
v -0.000000 27.042328 -0.334053
v 0.034281 54.333912 -0.326846
v 0.289298 27.042328 -0.167027
v 0.323580 54.333912 -0.159820
v 0.289298 27.042328 0.167027
v 0.323580 54.333912 0.174234
v -0.000000 27.042328 0.334053
v 0.034281 54.333912 0.341260
v -0.289299 27.042328 0.167027
v -0.255017 54.333912 0.174234
v -0.289299 27.042328 -0.167027
v -0.255017 54.333912 -0.159820
v -0.016191 31.575064 -0.337470
v -0.019937 36.116020 -0.311403
v -0.140327 40.650536 -0.522109
v -0.170480 45.133453 -0.669843
v -0.020703 49.586315 -0.570941
v 0.313103 49.586308 -0.378218
v 0.163326 45.133453 -0.477120
v 0.193479 40.650532 -0.329382
v 0.313869 36.116020 -0.118664
v 0.317615 31.575062 -0.144743
v 0.313103 49.586308 0.007228
v 0.163326 45.133453 -0.091674
v 0.193479 40.650532 0.056066
v 0.313869 36.116020 0.266787
v 0.317615 31.575064 0.240705
v -0.020704 49.586308 0.199951
v -0.170480 45.133453 0.101049
v -0.140327 40.650532 0.248787
v -0.019938 36.116020 0.459505
v -0.016192 31.575064 0.433427
v -0.354510 49.586308 0.007228
v -0.504287 45.133453 -0.091674
v -0.474133 40.650532 0.056060
v -0.353744 36.116020 0.266767
v -0.349998 31.575064 0.240700
v -0.354510 49.586304 -0.378218
v -0.504287 45.133457 -0.477120
v -0.474133 40.650536 -0.329383
v -0.353744 36.116020 -0.118669
v -0.349998 31.575064 -0.144744
v 0.459649 29.114237 0.088866
v 3.450639 29.724424 0.453994
v 0.685834 28.826719 -0.075393
v 3.400718 29.537260 0.242307
v 1.444034 29.553608 0.335868
v 2.659183 29.531971 0.529240
v 2.634620 29.090206 0.098589
v 1.691364 28.882296 -0.057079
v 0.532997 33.277813 -0.292087
v 3.217818 32.069668 -1.693458
v 0.649485 33.108002 -0.626150
v 2.937567 31.939711 -1.764450
v 1.542719 32.846352 -0.627537
v 2.577395 32.219971 -1.163905
v 2.178504 32.098675 -1.468987
v 1.365343 32.512337 -1.100700
v 0.460598 35.355526 0.177018
v 3.315354 36.094086 1.350879
v 0.668631 35.164467 0.029150
v 3.159536 35.847031 1.072606
v 1.419473 35.776196 0.722483
v 2.499070 36.100121 1.139609
v 2.505149 35.669033 0.675893
v 1.617201 35.243637 0.299888
v 0.180994 38.281277 0.042497
v 3.819734 39.717331 -0.154780
v 0.413909 38.323540 -0.145381
v 3.584419 39.760151 -0.295650
v 1.678803 38.557289 0.122809
v 2.717878 38.772503 -0.007467
v 2.512403 39.466976 -0.353519
v 1.675097 39.202961 -0.323152
v 0.446086 41.664421 0.195797
v 3.141994 42.712246 1.688006
v 0.715464 41.852142 0.072040
v 3.103397 42.663338 1.421064
v 1.264353 41.939777 0.833294
v 2.333206 42.509472 1.401262
v 2.453024 42.499802 0.936295
v 1.640865 42.178524 0.444844
v 0.510740 45.416889 -0.332015
v 3.321787 45.462296 -1.452462
v 0.564620 45.553333 -0.603440
v 3.021001 45.431984 -1.587182
v 1.597410 45.237579 -0.620564
v 2.651400 45.293770 -1.054911
v 2.332627 45.628063 -1.398887
v 1.473819 45.676262 -1.088987
v 0.494125 48.854053 0.117050
v 3.586233 49.488632 0.870759
v 0.698115 48.799847 -0.076837
v 3.417778 49.207741 0.633493
v 1.536737 48.927162 0.565375
v 2.680028 49.275417 0.807512
v 2.634200 48.920647 0.343510
v 1.722178 48.726151 0.081122
v 0.434526 53.050232 -0.397288
v 2.175077 51.555313 -2.876173
v 0.317649 53.102451 -0.653844
v 1.892806 51.538555 -2.835695
v 1.194888 52.536892 -1.206425
v 1.823693 51.977200 -2.131632
v 1.328599 51.690445 -2.190968
v 0.795422 52.370338 -1.518540
v 0.458260 29.075563 0.102308
v 3.479952 29.684296 0.460560
v 0.685753 28.788073 -0.061780
v 3.426548 29.497379 0.249012
v 1.431200 29.499413 0.351611
v 2.667341 29.474592 0.541092
v 2.634360 29.033510 0.110927
v 1.679697 28.828325 -0.040786
v 0.505729 33.233387 -0.286838
v 3.223998 32.022038 -1.688925
v 0.622269 33.063679 -0.620719
v 2.946453 31.891712 -1.760103
v 1.509727 32.786747 -0.620018
v 2.563673 32.157757 -1.156452
v 2.172034 32.035564 -1.461907
v 1.334293 32.452782 -1.092818
v 0.445324 35.312119 0.186132
v 3.289302 36.052380 1.359190
v 0.650287 35.121178 0.038195
v 3.137640 35.805061 1.081066
v 1.410442 35.717304 0.734968
v 2.478531 36.042339 1.151488
v 2.493642 35.610622 0.688122
v 1.602752 35.184883 0.312289
v 0.241616 38.208660 0.030306
v 3.878287 39.660450 -0.178136
v 0.474280 38.250938 -0.157608
v 3.643659 39.703350 -0.319012
v 1.709000 38.480190 0.103335
v 2.737497 38.701473 -0.032100
v 2.535696 39.396805 -0.378517
v 1.697796 39.126537 -0.343914
v 0.485804 41.623711 0.193684
v 3.155135 42.663761 1.689548
v 0.754806 41.811260 0.069694
v 3.120261 42.616081 1.422497
v 1.315526 41.884964 0.832345
v 2.365023 42.448364 1.402628
v 2.494516 42.441853 0.937212
v 1.693515 42.124065 0.443199
v 0.483755 45.372925 -0.338110
v 3.308499 45.414135 -1.455565
v 0.537734 45.509472 -0.609689
v 3.008557 45.383453 -1.589978
v 1.563006 45.178791 -0.629027
v 2.624735 45.232456 -1.061967
v 2.308282 45.565826 -1.405228
v 1.440241 45.617481 -1.097657
v 0.488901 48.805359 0.119715
v 3.596103 49.443027 0.879070
v 0.690277 48.750877 -0.074405
v 3.428878 49.162163 0.641526
v 1.546544 48.863205 0.571089
v 2.697513 49.213810 0.816795
v 2.653224 48.858929 0.351898
v 1.725835 48.661488 0.086028
v 0.399562 53.008881 -0.393777
v 2.201624 51.510849 -2.870880
v 0.288877 53.060661 -0.649555
v 1.919561 51.494087 -2.830474
v 1.169811 52.479095 -1.199573
v 1.844073 51.917885 -2.123132
v 1.353666 51.630825 -2.182142
v 0.786998 52.311394 -1.509663
v -0.014942 53.458920 -0.411994
v 0.318864 53.458916 -0.219270
v 0.318864 53.458912 0.166176
v -0.014942 53.458912 0.358899
v -0.348748 53.458912 0.166176
v -0.348748 53.458912 -0.219270
v 0.329057 27.797441 -0.186593
v 0.329057 27.797441 0.198853
v -0.004749 27.797441 0.391577
v -0.338555 27.797441 0.198853
v -0.338555 27.797441 -0.186593
v -0.004749 27.797440 -0.379316
v 0.716480 38.535160 -0.210640
v 0.471496 38.342396 0.093008
v 0.769493 38.459087 -0.225106
v 0.527350 38.266159 0.078952
v 3.484672 39.362213 -0.097920
v 3.197421 39.651817 -0.331564
v 3.528846 39.299019 -0.122755
v 3.244771 39.589012 -0.356428
v 0.141875 38.259678 0.071083
v 3.903671 39.733601 -0.138554
v 0.454583 38.311466 -0.177647
v 3.587355 39.767189 -0.321747
v 1.685284 38.382454 0.230972
v 2.772499 38.586521 0.074785
v 2.465232 39.628445 -0.444387
v 1.677799 39.351131 -0.438301
v 0.420066 38.280964 0.166496
v 0.786811 38.570152 -0.289081
v 3.133962 39.713333 -0.394293
v 3.564021 39.278824 -0.043819
v 0.172613 38.223057 0.064959
v 3.933999 39.705097 -0.150310
v 0.485194 38.274849 -0.183788
v 3.618029 39.738720 -0.333507
v 1.700946 38.344982 0.221704
v 2.781513 38.551968 0.062890
v 2.477026 39.594536 -0.456558
v 1.687786 39.314171 -0.448543
v 0.447535 38.243973 0.159736
v 0.812131 38.533283 -0.296151
v 3.157353 39.682930 -0.406354
v 3.585009 39.248127 -0.055858
v 0.049928 54.357826 0.007207
v -0.000000 27.042336 -0.000000
v -0.423689 58.123230 -0.230871
v -3.436204 58.283184 -0.670340
v -0.604427 58.337940 -0.031623
v -3.328272 58.426712 -0.446504
v -1.510201 58.024578 -0.541310
v -2.641763 58.133759 -0.692353
v -2.566586 58.468227 -0.234558
v -1.637208 58.398026 -0.057719
v -0.423916 61.092228 0.195818
v -2.943104 62.207832 1.816578
v -0.416388 61.269291 0.472834
v -2.708734 62.229939 1.922560
v -1.443715 61.401707 0.652621
v -2.376663 61.863556 1.275526
v -2.001768 61.986843 1.590015
v -1.203780 61.606327 1.121315
v -0.411481 64.573189 -0.290482
v -3.325806 65.568787 -1.164277
v -0.628336 64.568405 -0.105610
v -3.259839 65.438675 -0.922511
v -1.438693 64.963966 -0.775230
v -2.535331 65.364861 -1.079875
v -2.543967 65.151772 -0.600674
v -1.651838 64.782181 -0.300926
v -0.808876 67.954163 1.465588
v -1.364270 68.564384 2.181244
v -1.804712 68.737122 1.999672
v -1.177451 68.032280 1.093983
v -1.899505 69.045937 2.729009
v -0.317671 67.455551 0.583185
v -2.145558 69.177856 2.701700
v -0.419855 67.380638 0.318756
v -0.103942 70.855301 -0.635618
v -1.547037 70.039078 -3.276904
v -0.377443 70.673477 -0.650949
v -1.657056 69.914543 -3.053076
v -0.502014 70.632202 -1.683137
v -1.065375 70.345703 -2.663481
v -1.381418 70.050003 -2.319107
v -0.955402 70.231758 -1.483947
v -0.478719 75.185104 -0.060025
v -3.436066 74.786331 0.483990
v -0.585734 74.958069 0.187115
v -3.263916 74.582985 0.651127
v -1.595077 75.167542 -0.015584
v -2.700355 75.029297 0.214563
v -2.484278 74.584641 0.607355
v -1.564306 74.632034 0.458878
v -0.263449 78.056976 -0.473706
v -2.535234 77.460609 -2.454634
v -0.531288 78.213722 -0.406879
v -2.572871 77.620338 -2.210878
v -0.990982 77.694801 -1.310691
v -1.854536 77.518539 -2.044384
v -2.054816 77.848091 -1.624971
v -1.375196 78.008652 -0.979939
v -0.434539 58.077084 -0.223322
v -3.451499 58.236839 -0.663734
v -0.614576 58.291710 -0.024007
v -3.344064 58.380459 -0.439918
v -1.532303 57.963562 -0.531971
v -2.666264 58.072678 -0.683589
v -2.591944 58.407368 -0.225802
v -1.657772 58.336864 -0.048219
v -0.424405 61.043762 0.200986
v -2.955038 62.159843 1.821337
v -0.419221 61.221066 0.478006
v -2.719898 62.181801 1.927276
v -1.451972 61.337570 0.659507
v -2.394673 61.800125 1.282170
v -2.019287 61.923168 1.596548
v -1.217775 61.542725 1.128183
v -0.428316 64.525421 -0.293846
v -3.344614 65.521675 -1.168540
v -0.644095 64.520348 -0.108879
v -3.279500 65.391785 -0.926780
v -1.467097 64.901711 -0.780344
v -2.563941 65.302811 -1.085505
v -2.574132 65.090118 -0.606255
v -1.677942 64.719315 -0.305793
v -0.863154 67.901070 1.469658
v -1.421741 68.512764 2.185092
v -1.861802 68.685356 2.003572
v -1.228660 67.977592 1.097970
v -1.942084 69.006828 2.731698
v -0.353990 67.413567 0.586143
v -2.188292 69.138855 2.704418
v -0.454984 67.338043 0.321675
v -0.053419 70.820877 -0.635890
v -1.494777 70.006050 -3.277785
v -0.326892 70.639053 -0.651124
v -1.605049 69.881340 -3.054044
v -0.434525 70.586456 -1.684198
v -0.996571 70.301003 -2.664829
v -1.313272 70.004829 -2.320625
v -0.888007 70.185921 -1.484806
v -0.477293 75.139587 -0.068968
v -3.443524 74.741760 0.474388
v -0.585548 74.912674 0.178156
v -3.270959 74.538376 0.641506
v -1.601683 75.107338 -0.027742
v -2.714211 74.969978 0.202033
v -2.497852 74.525291 0.594764
v -1.573942 74.572098 0.446662
v -0.290014 78.013069 -0.467440
v -2.560198 77.415642 -2.449166
v -0.557189 78.169731 -0.400405
v -2.598734 77.575600 -2.205524
v -1.028851 77.636383 -1.303297
v -1.890359 77.459221 -2.037310
v -2.092593 77.789322 -1.618063
v -1.411894 77.950150 -0.972066
v -0.000000 54.084656 -0.334053
v 0.034281 81.376251 -0.326846
v 0.289298 54.084656 -0.167027
v 0.323580 81.376244 -0.159820
v 0.289298 54.084656 0.167027
v 0.323580 81.376244 0.174234
v -0.000000 54.084656 0.334053
v 0.034281 81.376244 0.341260
v -0.289299 54.084656 0.167027
v -0.255017 81.376244 0.174234
v -0.289299 54.084656 -0.167027
v -0.255017 81.376244 -0.159820
v -0.016191 58.617393 -0.337470
v -0.019937 63.158352 -0.311403
v -0.140327 67.692863 -0.522109
v -0.170480 72.175797 -0.669843
v -0.020703 76.628647 -0.570941
v 0.313103 76.628639 -0.378218
v 0.163326 72.175781 -0.477120
v 0.193479 67.692863 -0.329382
v 0.313869 63.158352 -0.118664
v 0.317615 58.617397 -0.144743
v 0.313103 76.628639 0.007228
v 0.163326 72.175781 -0.091674
v 0.193479 67.692863 0.056066
v 0.313869 63.158352 0.266787
v 0.317615 58.617393 0.240705
v -0.020704 76.628639 0.199951
v -0.170480 72.175781 0.101049
v -0.140327 67.692863 0.248787
v -0.019938 63.158352 0.459505
v -0.016192 58.617393 0.433427
v -0.354510 76.628639 0.007228
v -0.504287 72.175781 -0.091674
v -0.474133 67.692863 0.056060
v -0.353744 63.158352 0.266767
v -0.349998 58.617393 0.240700
v -0.354510 76.628639 -0.378218
v -0.504287 72.175781 -0.477120
v -0.474133 67.692863 -0.329383
v -0.353744 63.158348 -0.118669
v -0.349998 58.617393 -0.144744
v 0.459649 56.156567 0.088866
v 3.450639 56.766754 0.453994
v 0.685834 55.869053 -0.075393
v 3.400718 56.579586 0.242307
v 1.444034 56.595936 0.335868
v 2.659183 56.574299 0.529240
v 2.634620 56.132542 0.098589
v 1.691364 55.924625 -0.057079
v 0.532997 60.320145 -0.292087
v 3.217818 59.111996 -1.693458
v 0.649485 60.150326 -0.626150
v 2.937567 58.982044 -1.764450
v 1.542719 59.888680 -0.627537
v 2.577395 59.262302 -1.163905
v 2.178504 59.141010 -1.468987
v 1.365343 59.554665 -1.100700
v 0.460598 62.397858 0.177018
v 3.315354 63.136417 1.350879
v 0.668631 62.206795 0.029150
v 3.159536 62.889359 1.072606
v 1.419473 62.818516 0.722483
v 2.499070 63.142448 1.139609
v 2.505149 62.711361 0.675893
v 1.617201 62.285973 0.299888
v 0.180994 65.323616 0.042497
v 3.819734 66.759666 -0.154780
v 0.413909 65.365875 -0.145381
v 3.584419 66.802475 -0.295650
v 1.678803 65.599609 0.122809
v 2.717878 65.814835 -0.007467
v 2.512403 66.509308 -0.353519
v 1.675097 66.245285 -0.323152
v 0.446086 68.706749 0.195797
v 3.141994 69.754585 1.688006
v 0.715464 68.894470 0.072040
v 3.103397 69.705673 1.421064
v 1.264353 68.982109 0.833294
v 2.333206 69.551804 1.401262
v 2.453024 69.542137 0.936295
v 1.640865 69.220848 0.444844
v 0.510740 72.459221 -0.332015
v 3.321787 72.504631 -1.452462
v 0.564620 72.595665 -0.603440
v 3.021001 72.474312 -1.587182
v 1.597410 72.279900 -0.620564
v 2.651400 72.336098 -1.054911
v 2.332627 72.670395 -1.398887
v 1.473819 72.718582 -1.088987
v 0.494125 75.896385 0.117050
v 3.586233 76.530968 0.870759
v 0.698115 75.842186 -0.076837
v 3.417778 76.250076 0.633493
v 1.536737 75.969498 0.565375
v 2.680028 76.317757 0.807512
v 2.634200 75.962975 0.343510
v 1.722178 75.768486 0.081122
v 0.434526 80.092567 -0.397288
v 2.175077 78.597649 -2.876173
v 0.317649 80.144791 -0.653844
v 1.892806 78.580879 -2.835695
v 1.194888 79.579224 -1.206425
v 1.823693 79.019539 -2.131632
v 1.328599 78.732765 -2.190968
v 0.795422 79.412666 -1.518540
v 0.458260 56.117889 0.102308
v 3.479952 56.726624 0.460560
v 0.685753 55.830402 -0.061780
v 3.426548 56.539707 0.249012
v 1.431200 56.541744 0.351611
v 2.667341 56.516926 0.541092
v 2.634360 56.075840 0.110927
v 1.679697 55.870655 -0.040786
v 0.505729 60.275711 -0.286838
v 3.223998 59.064365 -1.688925
v 0.622269 60.106018 -0.620719
v 2.946453 58.934044 -1.760103
v 1.509727 59.829075 -0.620018
v 2.563673 59.200077 -1.156452
v 2.172034 59.077896 -1.461907
v 1.334293 59.495113 -1.092818
v 0.445324 62.354446 0.186132
v 3.289302 63.094704 1.359190
v 0.650287 62.163509 0.038195
v 3.137640 62.847389 1.081066
v 1.410442 62.759636 0.734968
v 2.478531 63.084671 1.151488
v 2.493642 62.652950 0.688122
v 1.602752 62.227211 0.312289
v 0.241616 65.250992 0.030306
v 3.878287 66.702782 -0.178136
v 0.474280 65.293274 -0.157608
v 3.643659 66.745682 -0.319012
v 1.709000 65.522522 0.103335
v 2.737497 65.743797 -0.032100
v 2.535696 66.439133 -0.378517
v 1.697796 66.168869 -0.343914
v 0.485804 68.666039 0.193684
v 3.155135 69.706100 1.689548
v 0.754806 68.853584 0.069694
v 3.120261 69.658417 1.422497
v 1.315526 68.927292 0.832345
v 2.365023 69.490707 1.402628
v 2.494516 69.484184 0.937212
v 1.693515 69.166405 0.443199
v 0.483755 72.415260 -0.338110
v 3.308499 72.456467 -1.455565
v 0.537734 72.551796 -0.609689
v 3.008557 72.425789 -1.589978
v 1.563006 72.221115 -0.629027
v 2.624735 72.274788 -1.061967
v 2.308282 72.608154 -1.405228
v 1.440241 72.659805 -1.097657
v 0.488901 75.847687 0.119715
v 3.596103 76.485352 0.879070
v 0.690277 75.793205 -0.074405
v 3.428878 76.204491 0.641526
v 1.546544 75.905533 0.571089
v 2.697513 76.256142 0.816795
v 2.653224 75.901245 0.351898
v 1.725835 75.703804 0.086028
v 0.399562 80.051208 -0.393777
v 2.201624 78.553177 -2.870880
v 0.288877 80.102989 -0.649555
v 1.919561 78.536407 -2.830474
v 1.169811 79.521423 -1.199573
v 1.844073 78.960220 -2.123132
v 1.353666 78.673149 -2.182142
v 0.786998 79.353729 -1.509663
v -0.014942 80.501236 -0.411994
v 0.318864 80.501259 -0.219270
v 0.318864 80.501259 0.166176
v -0.014942 80.501259 0.358899
v -0.348748 80.501259 0.166176
v -0.348748 80.501259 -0.219270
v 0.329057 54.839775 -0.186593
v 0.329057 54.839771 0.198853
v -0.004749 54.839775 0.391577
v -0.338555 54.839775 0.198853
v -0.338555 54.839775 -0.186593
v -0.004749 54.839775 -0.379316
v 0.716480 65.577492 -0.210640
v 0.471496 65.384727 0.093008
v 0.769493 65.501419 -0.225106
v 0.527350 65.308487 0.078952
v 3.484672 66.404549 -0.097920
v 3.197421 66.694153 -0.331564
v 3.528846 66.341347 -0.122755
v 3.244771 66.631340 -0.356428
v 0.141875 65.302017 0.071083
v 3.903671 66.775932 -0.138554
v 0.454583 65.353806 -0.177647
v 3.587355 66.809517 -0.321747
v 1.685284 65.424782 0.230972
v 2.772499 65.628845 0.074785
v 2.465232 66.670776 -0.444387
v 1.677799 66.393471 -0.438301
v 0.420066 65.323288 0.166496
v 0.786811 65.612480 -0.289081
v 3.133962 66.755653 -0.394293
v 3.564021 66.321159 -0.043819
v 0.172613 65.265381 0.064959
v 3.933999 66.747437 -0.150310
v 0.485194 65.317184 -0.183788
v 3.618029 66.781052 -0.333507
v 1.700946 65.387314 0.221704
v 2.781513 65.594299 0.062890
v 2.477026 66.636871 -0.456558
v 1.687786 66.356506 -0.448543
v 0.447535 65.286301 0.159736
v 0.812131 65.575615 -0.296151
v 3.157353 66.725258 -0.406354
v 3.585009 66.290451 -0.055858
v 0.049928 81.400146 0.007207
v -0.000000 54.084671 -0.000000
v -0.427107 4.155705 -0.118828
v -3.142181 4.138211 -0.696556
v -3.439533 4.278973 -0.565736
v -1.038704 4.287399 -0.027636
v -0.840980 3.978117 -0.369635
v -2.109341 3.970603 -0.648005
v -3.019903 4.375051 -0.352902
v -2.129601 4.353349 -0.130153
v -1.569705 4.138091 -0.301281
v -2.599500 4.227767 -0.465098
v -0.346783 7.078499 0.288984
v -2.745350 7.998338 1.602708
v -2.872618 8.161124 1.902793
v -0.738146 7.329169 0.757392
v -0.830356 7.112243 0.355337
v -1.957189 7.545514 0.959627
v -2.415946 8.059678 1.794693
v -1.613236 7.717262 1.385284
v -1.321662 7.431337 0.885679
v -2.185884 7.852456 1.431535
v -0.434916 10.470024 -0.169727
v -3.029889 11.423998 -1.149953
v -3.347844 11.441748 -1.057908
v -1.061227 10.565407 -0.173365
v -0.802293 10.640336 -0.498751
v -2.015439 11.097565 -0.966394
v -2.971479 11.243734 -0.782301
v -2.128904 10.873259 -0.441559
v -1.540155 10.800143 -0.537142
v -2.534139 11.185253 -0.839224
v -1.573750 14.575785 2.089731
v -0.983274 13.918666 1.279030
v -1.086347 14.174421 1.855624
v -1.671129 14.772630 2.512600
v -1.533943 14.321700 1.558511
v -0.727534 13.544579 0.605996
v -0.509888 13.574117 0.962416
v -2.050441 15.065529 2.762877
v -2.031044 14.942458 2.433284
v -0.313561 13.294638 0.383593
v -0.207954 16.713171 -0.567188
v -1.360722 16.085953 -3.060817
v -1.637374 15.877609 -3.215911
v -0.634881 16.389414 -0.992500
v -0.242911 16.691444 -1.050912
v -0.777441 16.409142 -2.218480
v -1.557876 15.885904 -2.750579
v -1.194415 16.025112 -1.913502
v -0.741353 16.355907 -1.583362
v -1.236235 16.121616 -2.491026
v -0.447612 21.008516 0.052539
v -3.169730 20.815634 0.370901
v -3.406640 20.594336 0.580749
v -0.993721 20.719677 0.314026
v -0.914505 21.108004 -0.063105
v -2.188762 21.032244 0.079639
v -2.945589 20.497776 0.644090
v -2.045338 20.491360 0.552626
v -1.578169 20.826391 0.223932
v -2.589745 20.733431 0.413314
v -0.330596 24.081558 -0.384350
v -2.272455 23.392965 -2.318224
v -2.596880 23.449303 -2.370744
v -0.893504 24.050570 -0.635702
v -0.530010 23.811569 -0.811208
v -1.432526 23.491495 -1.720493
v -2.367247 23.643377 -1.967574
v -1.746922 23.840864 -1.303404
v -1.176098 23.778028 -1.146746
v -1.947776 23.609715 -1.835988
v -0.439233 4.099350 -0.109527
v -3.163379 4.079333 -0.688169
v -3.457973 4.222443 -0.557677
v -1.054062 4.228553 -0.018127
v -0.857686 3.919425 -0.360255
v -2.134111 3.909714 -0.639050
v -3.042028 4.316365 -0.344549
v -2.153979 4.292496 -0.121110
v -1.599038 4.054102 -0.288329
v -2.633778 4.143927 -0.453053
v -0.348030 7.019514 0.295282
v -2.762017 7.937362 1.608887
v -2.886317 8.102458 1.908546
v -0.745648 7.267900 0.764001
v -0.833278 7.050521 0.361942
v -1.971535 7.481859 0.966429
v -2.431283 7.998424 1.800786
v -1.630599 7.653767 1.392011
v -1.336960 7.343510 0.895134
v -2.210311 7.765069 1.440594
v -0.454266 10.411481 -0.173724
v -3.055203 11.364158 -1.155396
v -3.370862 11.384344 -1.063105
v -1.083009 10.504440 -0.177693
v -0.826134 10.579930 -0.503265
v -2.045132 11.035691 -0.971838
v -2.998391 11.184319 -0.787746
v -2.158169 10.811260 -0.446833
v -1.577629 10.714122 -0.544004
v -2.574547 11.100210 -0.846931
v -1.652511 14.504708 2.095058
v -1.055797 13.844559 1.284570
v -1.143040 14.122484 1.859632
v -1.725854 14.722979 2.516119
v -1.588652 14.268767 1.562501
v -0.773695 13.490837 0.609761
v -0.558394 13.521602 0.966254
v -2.102312 15.017835 2.766148
v -2.085976 14.892958 2.436857
v -0.356680 13.242867 0.387161
v -0.146329 16.671219 -0.567402
v -1.294285 16.043615 -3.062016
v -1.573731 15.837308 -3.217008
v -0.570396 16.345486 -0.992922
v -0.178461 16.647512 -1.051521
v -0.709388 16.363857 -2.219793
v -1.491939 15.843209 -2.751945
v -1.126795 15.979499 -1.914798
v -0.648621 16.292944 -1.584682
v -1.142083 16.059835 -2.492996
v -0.445805 20.953058 0.041645
v -3.181211 20.758858 0.358736
v -3.414945 20.539944 0.569011
v -0.997152 20.661942 0.302503
v -0.915512 21.050034 -0.074593
v -2.200545 20.972549 0.067300
v -2.956350 20.440931 0.631887
v -2.058701 20.431820 0.540219
v -1.589335 20.743793 0.207175
v -2.608603 20.651857 0.396043
v -0.362333 24.027946 -0.376509
v -2.305129 23.335766 -2.311334
v -2.627571 23.394543 -2.364111
v -0.927276 23.994486 -0.627669
v -0.565022 23.755634 -0.803578
v -1.469995 23.432722 -1.713406
v -2.401647 23.586622 -1.960893
v -1.784841 23.782368 -1.296138
v -1.227363 23.697645 -1.136250
v -1.998376 23.528549 -1.826376
v -0.319502 4.001452 -0.223770
v -3.515771 4.170226 -0.690666
v -0.546838 4.253603 -0.004585
v -3.381735 4.331190 -0.432747
v -1.497583 3.839400 -0.627329
v -2.668028 3.955825 -0.773806
v -2.565250 4.415869 -0.144345
v -1.671160 4.352794 0.037719
v -0.340823 6.940009 0.130364
v -3.018107 8.122559 1.847968
v -0.353991 7.158005 0.453902
v -2.740828 8.141023 1.963371
v -1.492294 7.246564 0.568185
v -2.456007 7.724088 1.219892
v -1.940189 7.893438 1.652237
v -1.166327 7.528283 1.212628
v -0.311039 10.434531 -0.272464
v -3.402041 11.490485 -1.200118
v -0.578142 10.446975 -0.070987
v -3.316664 11.335606 -0.920894
v -1.413146 10.882315 -0.866742
v -2.547872 11.289094 -1.172545
v -2.560814 10.996370 -0.513610
v -1.704639 10.631951 -0.214404
v -0.767195 13.828455 1.537307
v -1.310458 14.421537 2.217208
v -1.915804 14.658956 1.967582
v -1.271876 13.934770 1.026293
v -1.932608 14.961604 2.775981
v -0.284565 13.323176 0.543320
v -2.220145 15.121759 2.753044
v -0.385676 13.214327 0.227434
v -0.016684 16.793169 -0.548048
v -1.545413 15.928516 -3.349175
v -0.337599 16.591225 -0.586542
v -1.665692 15.786401 -3.083744
v -0.383250 16.599766 -1.721034
v -0.971653 16.294178 -2.728708
v -1.406665 15.887273 -2.255312
v -1.006723 16.049084 -1.447010
v -0.374154 21.105499 -0.094987
v -3.514632 20.683899 0.480594
v -0.519262 20.856073 0.189171
v -3.306953 20.450382 0.669165
v -1.603865 21.153162 -0.110619
v -2.747824 20.998354 0.134656
v -2.450524 20.386934 0.674702
v -1.563638 20.417023 0.541726
v -0.186958 23.964302 -0.409427
v -2.594557 23.330788 -2.510531
v -0.505972 24.145203 -0.351431
v -2.629894 23.513065 -2.224324
v -0.937986 23.522100 -1.369055
v -1.834712 23.342379 -2.119472
v -2.111440 23.795889 -1.542893
v -1.465475 23.953573 -0.913942
v 0.168757 0.000000 -0.292297
v 0.203039 27.291582 -0.285090
v 0.004658 27.146351 -0.376034
v 0.327649 0.094389 -0.188745
v 0.337515 0.000000 -0.000000
v 0.371797 27.291582 0.007207
v 0.327649 0.094389 0.190277
v 0.168757 0.000000 0.292297
v 0.203039 27.291582 0.299504
v -0.000594 0.094389 0.379788
v -0.168758 0.000000 0.292297
v -0.134476 27.291582 0.299504
v -0.328837 0.094389 0.190277
v -0.337516 0.000000 -0.000000
v -0.303234 27.291582 0.007207
v -0.328837 0.094389 -0.188745
v -0.168758 0.000000 -0.292297
v -0.134476 27.291582 -0.285090
v -0.013302 2.359987 -0.364890
v -0.008894 6.802441 -0.303626
v -0.073127 11.344151 -0.398793
v -0.182692 15.859403 -0.623462
v -0.094754 20.306025 -0.644516
v 0.326453 24.745525 -0.289770
v 0.239052 20.306028 -0.451793
v 0.151114 15.859403 -0.430738
v 0.260680 11.344148 -0.206059
v 0.324912 6.802440 -0.110892
v 0.326453 24.745525 0.095676
v 0.239052 20.306028 -0.066346
v 0.151114 15.859403 -0.045292
v 0.260679 11.344148 0.179391
v 0.324912 6.802439 0.274558
v -0.007353 24.745525 0.288399
v -0.094754 20.306028 0.126377
v -0.182692 15.859403 0.147431
v -0.073127 11.344148 0.372110
v -0.008894 6.802439 0.467278
v -0.341159 24.745525 0.095676
v -0.428561 20.306028 -0.066346
v -0.516499 15.859403 -0.045292
v -0.406933 11.344150 0.179376
v -0.342700 6.802441 0.274544
v -0.341159 24.745523 -0.289770
v -0.428561 20.306026 -0.451793
v -0.516499 15.859403 -0.430738
v -0.406933 11.344148 -0.206063
v -0.342700 6.802439 -0.110895
v -0.208130 4.532735 -0.284470
v -0.211876 9.073694 -0.258399
v -0.332265 13.608204 -0.469109
v -0.362419 18.091127 -0.616844
v -0.212642 22.543980 -0.517943
v -0.400069 4.532735 0.047978
v -0.403815 9.073692 0.074049
v -0.524204 13.608203 -0.136661
v -0.554358 18.091127 -0.284397
v -0.404581 22.543982 -0.185495
v -0.208130 4.532735 0.380425
v -0.211876 9.073692 0.406497
v -0.332265 13.608203 0.195786
v -0.362419 18.091127 0.048050
v -0.212642 22.543982 0.146952
v 0.175747 4.532735 0.380429
v 0.172001 9.073690 0.406511
v 0.051612 13.608203 0.195790
v 0.021458 18.091127 0.048050
v 0.171235 22.543982 0.146952
v 0.367686 4.532735 0.047981
v 0.363940 9.073690 0.074063
v 0.243550 13.608203 -0.136658
v 0.213397 18.091127 -0.284397
v 0.363173 22.543982 -0.185495
v 0.175747 4.532735 -0.284469
v 0.172001 9.073693 -0.258398
v 0.051612 13.608205 -0.469109
v 0.021458 18.091127 -0.616844
v 0.171235 22.543976 -0.517943
v 0.495058 1.907854 -0.003959
v 3.161890 2.587786 0.509258
v 3.479507 2.625420 0.347084
v 1.106508 1.798362 -0.083990
v 0.820013 2.296993 0.190528
v 2.076409 2.521376 0.463594
v 3.095636 2.295176 0.179496
v 2.186261 1.904816 0.011504
v 1.569996 2.185761 0.136391
v 2.646161 2.279453 0.311647
v 0.526759 6.195346 -0.427743
v 2.997303 5.066086 -1.483592
v 3.129261 4.962847 -1.762252
v 0.948430 5.815176 -0.842684
v 0.918921 6.094290 -0.397225
v 2.099686 5.454199 -0.879874
v 2.620548 4.941143 -1.647058
v 1.766813 5.219591 -1.298768
v 1.460035 5.648184 -0.865562
v 2.379843 5.128744 -1.317809
v 0.490917 8.207257 0.068910
v 3.019545 9.089577 1.288806
v 3.295856 8.933895 1.233957
v 1.066447 8.124101 0.128829
v 0.824331 8.487774 0.404850
v 1.973318 8.935619 0.962384
v 2.895882 8.747563 0.898114
v 2.091994 8.406363 0.479463
v 1.520538 8.478616 0.508852
v 2.505114 8.853142 0.905491
v 0.290750 11.257632 -0.051207
v 3.728288 12.559435 -0.125243
v 3.723490 12.710785 -0.225691
v 0.498640 11.326596 -0.177436
v 1.022326 11.405702 0.120867
v 2.244085 11.593236 0.068212
v 2.878931 12.516211 -0.344388
v 2.123757 12.338459 -0.350472
v 1.676594 11.838826 -0.099901
v 2.614851 12.078364 -0.180159
v 0.507145 14.701210 0.094305
v 2.840826 15.624887 1.600731
v 3.176207 15.660272 1.583032
v 1.106168 14.950679 0.213463
v 0.739585 14.697849 0.454686
v 1.803064 15.190539 1.150830
v 2.841591 15.566200 1.214932
v 2.074806 15.310576 0.682561
v 1.442875 15.027066 0.639312
v 2.386242 15.473469 1.168564
v 0.460427 18.451363 -0.435474
v 3.093240 18.365122 -1.291852
v 3.223686 18.409151 -1.542107
v 0.941331 18.570702 -0.821601
v 0.940002 18.292307 -0.425821
v 2.164955 18.180664 -0.831028
v 2.733092 18.466053 -1.519018
v 1.929628 18.646088 -1.271087
v 1.541988 18.425611 -0.853169
v 2.496796 18.430170 -1.225643
v 0.513425 21.796246 -0.005512
v 3.248590 22.395227 0.861552
v 3.566593 22.329576 0.764519
v 1.131775 21.713438 -0.024461
v 0.893646 21.824160 0.313785
v 2.122704 22.037258 0.723529
v 3.091442 22.036201 0.505354
v 2.204039 21.745745 0.202729
v 1.628195 21.796391 0.322253
v 2.653692 22.067272 0.573854
v 0.329593 26.087826 -0.457337
v 2.058577 24.668690 -2.591561
v 2.066000 24.493090 -2.911929
v 0.509911 25.784779 -1.031950
v 0.748980 25.799183 -0.700024
v 1.549008 25.208513 -1.678939
v 1.648247 24.535032 -2.567594
v 1.056434 24.919287 -1.875083
v 0.998296 25.422230 -1.363958
v 1.571885 24.802643 -2.162925
v 0.495596 1.860878 0.012674
v 3.188509 2.534792 0.518666
v 3.516210 2.577130 0.354907
v 1.101662 1.748336 -0.067160
v 0.812865 2.246905 0.207007
v 2.068833 2.464778 0.477506
v 3.115461 2.242678 0.189194
v 2.174516 1.848738 0.026011
v 1.553151 2.111399 0.158415
v 2.651591 2.201027 0.328277
v 0.493530 6.141212 -0.421297
v 2.997535 5.005635 -1.477243
v 3.140087 4.904519 -1.756971
v 0.914409 5.758684 -0.835457
v 0.884571 6.037607 -0.390345
v 2.074004 5.393406 -0.872146
v 2.626147 4.879981 -1.641062
v 1.746417 5.158314 -1.291046
v 1.416006 5.566267 -0.854974
v 2.365960 5.042580 -1.307817
v 0.469251 8.154519 0.079938
v 2.990919 9.035572 1.299684
v 3.265069 8.883120 1.244097
v 1.046445 8.068460 0.140501
v 0.810067 8.431926 0.416646
v 1.961724 8.876886 0.974708
v 2.875232 8.693040 0.909281
v 2.082479 8.347341 0.491940
v 1.504395 8.397736 0.525962
v 2.483082 8.773258 0.922065
v 0.353032 11.183103 -0.063709
v 3.783332 12.499329 -0.149557
v 3.784862 12.652657 -0.249640
v 0.559118 11.251454 -0.190415
v 1.066208 11.328540 0.104471
v 2.264622 11.518435 0.045688
v 2.913542 12.449960 -0.369646
v 2.141964 12.264504 -0.373934
v 1.704587 11.757585 -0.121194
v 2.637561 12.003636 -0.206424
v 0.555128 14.651402 0.091464
v 2.861991 15.563981 1.602548
v 3.193079 15.601570 1.584883
v 1.156832 14.898673 0.210904
v 0.790685 14.646074 0.452599
v 1.846123 15.132952 1.151186
v 2.870101 15.507706 1.216512
v 2.124279 15.255010 0.682258
v 1.514254 14.951940 0.637529
v 2.436642 15.391619 1.170135
v 0.427548 18.397789 -0.442931
v 3.073150 18.304665 -1.296899
v 3.208702 18.349998 -1.545451
v 0.907435 18.514805 -0.829831
v 0.905838 18.236254 -0.433772
v 2.133499 18.120949 -0.839194
v 2.714685 18.404869 -1.523469
v 1.899981 18.585846 -1.278961
v 1.495250 18.344782 -0.864949
v 2.461726 18.345226 -1.234853
v 0.504119 21.736691 -0.002534
v 3.263123 22.336853 0.871643
v 3.578697 22.274021 0.774626
v 1.126253 21.650988 -0.020886
v 0.893201 21.762251 0.317847
v 2.138986 21.974495 0.731073
v 3.108196 21.977852 0.514876
v 2.217671 21.682499 0.209293
v 1.637452 21.707952 0.329554
v 2.678791 21.982477 0.586003
v 0.288920 26.037441 -0.452842
v 2.089263 24.611881 -2.584138
v 2.098986 24.438904 -2.905704
v 0.483239 25.730177 -1.025212
v 0.710019 25.745436 -0.694821
v 1.547476 25.149622 -1.670811
v 1.679864 24.478176 -2.560249
v 1.067171 24.859554 -1.865603
v 0.975264 25.341974 -1.353143
v 1.603130 24.720875 -2.151013
v 0.358029 2.040820 0.095965
v 3.527635 2.709463 0.471933
v 0.632626 1.727912 -0.087251
v 3.468082 2.493086 0.230057
v 1.391133 2.610031 0.417365
v 2.668657 2.543719 0.615868
v 2.629095 1.936761 0.024057
v 1.732014 1.687129 -0.122558
v 0.423885 6.262150 -0.224006
v 3.301694 5.019753 -1.725437
v 0.596404 6.074407 -0.625034
v 2.967654 4.847612 -1.793786
v 1.559299 5.836844 -0.535093
v 2.644646 5.169361 -1.102941
v 2.101157 5.001963 -1.522685
v 1.316742 5.377608 -1.185443
v 0.351409 8.280601 0.152962
v 3.383919 9.056420 1.403908
v 0.608759 8.081174 -0.004113
v 3.177007 8.760596 1.074146
v 1.378392 8.804259 0.807970
v 2.486814 9.109790 1.232462
v 2.501382 8.516609 0.595093
v 1.646542 8.072089 0.226844
v 0.194070 11.166759 0.057127
v 3.933907 12.645960 -0.158705
v 0.492873 11.217017 -0.181243
v 3.632041 12.681678 -0.334750
v 1.707322 11.306707 0.203731
v 2.779101 11.516475 0.046939
v 2.488403 12.515866 -0.450975
v 1.692461 12.235719 -0.438975
v 0.371079 14.564808 0.157507
v 3.212853 15.659790 1.740518
v 0.691194 14.787804 0.028261
v 3.156431 15.602054 1.427397
v 1.219205 14.825241 0.905719
v 2.325742 15.438108 1.489169
v 2.497143 15.426978 0.849530
v 1.737925 15.153768 0.371122
v 0.402670 18.355553 -0.280797
v 3.401972 18.416372 -1.468550
v 0.485304 18.493599 -0.597609
v 3.030416 18.342783 -1.619008
v 1.603304 18.083597 -0.536947
v 2.697620 18.158190 -0.994010
v 2.260902 18.617210 -1.466486
v 1.433934 18.686796 -1.181171
v 0.382846 21.794582 0.101928
v 3.681993 22.472420 0.907409
v 0.634697 21.738359 -0.109974
v 3.463297 22.131176 0.631736
v 1.507447 21.890610 0.659105
v 2.697219 22.268824 0.899237
v 2.635264 21.780924 0.260620
v 1.758200 21.613735 -0.007298
v 0.367261 26.020790 -0.300517
v 2.247580 24.460653 -2.936130
v 0.251251 26.104477 -0.609661
v 1.917405 24.471344 -2.881503
v 1.255688 25.497004 -1.144667
v 1.926274 24.959007 -2.116287
v 1.248742 24.564507 -2.197650
v 0.717871 25.267199 -1.572433
v -0.007353 24.745525 -0.482493
v 0.332901 27.146351 -0.186523
v 0.332901 27.146351 0.192499
v 0.004658 27.146351 0.382010
v -0.323584 27.146351 0.192499
v -0.323584 27.146351 -0.186523
v -0.206881 26.416588 -0.358995
v -0.398819 26.416588 -0.026547
v -0.206881 26.416588 0.305900
v 0.176996 26.416588 0.305900
v 0.368935 26.416588 -0.026547
v 0.176996 26.416588 -0.358995
v 0.320504 2.359987 -0.172166
v 0.320504 2.359987 0.213280
v -0.013302 2.359987 0.406003
v -0.347108 2.359987 0.213280
v -0.347108 2.359987 -0.172166
v -0.000594 0.094389 -0.378256
v 0.187190 0.755114 -0.326317
v 0.379128 0.755114 0.006130
v 0.187190 0.755114 0.338578
v -0.196687 0.755114 0.338578
v -0.388626 0.755114 0.006130
v -0.196687 0.755114 -0.326317
v 1.154344 11.825424 -0.266931
v 0.213024 11.248444 0.071773
v 1.191675 11.748664 -0.284298
v 0.274269 11.173259 0.058905
v 0.466928 11.191740 0.147321
v 0.815480 11.469046 -0.289693
v 0.650868 11.316872 -0.073718
v 0.593255 11.397472 -0.058624
v 3.136310 12.003607 -0.062722
v 3.435485 12.679995 -0.318016
v 3.166007 11.936692 -0.087895
v 3.492048 12.620079 -0.342344
v 3.176298 12.618443 -0.404247
v 3.585183 12.201635 -0.068347
v 3.388865 12.398852 -0.240709
v 3.340430 12.465539 -0.214407
v 0.142539 11.228225 0.067412
v 3.883287 12.693861 -0.138967
v 0.441558 11.278471 -0.170927
v 3.580834 12.729506 -0.315007
v 1.681139 11.369960 0.219425
v 2.763752 11.574799 0.067037
v 2.468617 12.573157 -0.430437
v 1.675335 12.298158 -0.421726
v 0.420645 11.254189 0.158750
v 0.772627 11.531299 -0.277770
v 3.136913 12.669787 -0.383884
v 3.549633 12.253459 -0.048018
v 3.815860 12.524252 -0.081742
v 2.820800 12.632888 -0.419193
v 0.579764 11.332082 -0.241976
v 0.997212 11.287359 0.215011
v 2.096738 12.511960 -0.459255
v 3.375887 12.699932 -0.370185
v 2.277830 11.393907 0.169012
v 0.150499 11.215776 0.131900
v 1.193557 11.917044 -0.366936
v 3.795550 12.740158 -0.231550
v 3.205606 11.863811 0.003327
v 0.283853 11.236651 -0.052905
v 0.156246 11.200229 0.068220
v 3.917850 12.677945 -0.144050
v 0.468895 11.252015 -0.180518
v 3.601697 12.711546 -0.327245
v 1.692607 11.322605 0.226639
v 2.776714 11.528034 0.069224
v 2.470746 12.570265 -0.450078
v 1.682469 12.291526 -0.443090
v 0.432909 11.221340 0.163336
v 0.798649 11.510587 -0.292386
v 3.144898 12.656789 -0.399932
v 3.573834 12.222144 -0.049448
v 3.842663 12.494918 -0.093605
v 2.838250 12.600851 -0.431453
v 0.609215 11.295408 -0.248321
v 1.019381 11.249888 0.207192
v 2.105250 12.476214 -0.470759
v 3.403812 12.670735 -0.382058
v 2.288105 11.357521 0.158217
v 0.180521 11.179070 0.125637
v 1.210768 11.879879 -0.375489
v 3.827100 12.711934 -0.243272
v 3.219338 11.831276 -0.008867
v 0.314729 11.200044 -0.059000
v 0.237129 27.312500 -0.102003
v 0.047972 27.312500 -0.211213
v -0.141185 27.312500 -0.102003
v -0.141185 27.312500 0.116417
v 0.047972 27.312500 0.225627
v 0.237129 27.312500 0.116417
v -0.000000 0.000000 -0.218420
v 0.189157 0.000000 -0.109210
v 0.189157 0.000000 0.109210
v -0.000000 0.000000 0.218420
v -0.189157 0.000000 0.109210
v -0.189157 0.000000 -0.109210
v -0.427107 31.198040 -0.118828
v -3.142181 31.180540 -0.696556
v -3.439533 31.321304 -0.565736
v -1.038704 31.329731 -0.027636
v -0.840980 31.020445 -0.369635
v -2.109341 31.012936 -0.648005
v -3.019903 31.417381 -0.352902
v -2.129601 31.395679 -0.130153
v -1.569705 31.180424 -0.301281
v -2.599500 31.270098 -0.465098
v -0.346783 34.120831 0.288984
v -2.745350 35.040665 1.602708
v -2.872618 35.203461 1.902793
v -0.738146 34.371498 0.757392
v -0.830356 34.154575 0.355337
v -1.957189 34.587845 0.959627
v -2.415946 35.102013 1.794693
v -1.613236 34.759590 1.385284
v -1.321662 34.473667 0.885679
v -2.185884 34.894787 1.431535
v -0.434916 37.512356 -0.169727
v -3.029889 38.466324 -1.149953
v -3.347844 38.484077 -1.057908
v -1.061227 37.607735 -0.173365
v -0.802293 37.682667 -0.498751
v -2.015439 38.139896 -0.966394
v -2.971479 38.286060 -0.782301
v -2.128904 37.915588 -0.441559
v -1.540155 37.842472 -0.537142
v -2.534139 38.227581 -0.839224
v -1.573750 41.618114 2.089731
v -0.983274 40.961002 1.279030
v -1.086347 41.216751 1.855624
v -1.671129 41.814960 2.512600
v -1.533943 41.364033 1.558511
v -0.727534 40.586914 0.605996
v -0.509888 40.616447 0.962416
v -2.050441 42.107861 2.762877
v -2.031044 41.984787 2.433284
v -0.313561 40.336971 0.383593
v -0.207954 43.755497 -0.567188
v -1.360722 43.128281 -3.060817
v -1.637374 42.919941 -3.215911
v -0.634881 43.431747 -0.992500
v -0.242911 43.733776 -1.050912
v -0.777441 43.451469 -2.218480
v -1.557876 42.928234 -2.750579
v -1.194415 43.067444 -1.913502
v -0.741353 43.398235 -1.583362
v -1.236235 43.163952 -2.491026
v -0.447612 48.050846 0.052539
v -3.169730 47.857964 0.370901
v -3.406640 47.636665 0.580749
v -0.993721 47.762005 0.314026
v -0.914505 48.150337 -0.063105
v -2.188762 48.074566 0.079639
v -2.945589 47.540108 0.644090
v -2.045338 47.533691 0.552626
v -1.578169 47.868717 0.223932
v -2.589745 47.775761 0.413314
v -0.330596 51.123890 -0.384350
v -2.272455 50.435295 -2.318224
v -2.596880 50.491634 -2.370744
v -0.893504 51.092896 -0.635702
v -0.530010 50.853905 -0.811208
v -1.432526 50.533825 -1.720493
v -2.367247 50.685707 -1.967574
v -1.746922 50.883198 -1.303404
v -1.176098 50.820362 -1.146746
v -1.947776 50.652046 -1.835988
v -0.439233 31.141682 -0.109527
v -3.163379 31.121664 -0.688169
v -3.457973 31.264776 -0.557677
v -1.054062 31.270884 -0.018127
v -0.857686 30.961756 -0.360255
v -2.134111 30.952042 -0.639050
v -3.042028 31.358698 -0.344549
v -2.153979 31.334826 -0.121110
v -1.599038 31.096434 -0.288329
v -2.633778 31.186256 -0.453053
v -0.348030 34.061840 0.295282
v -2.762017 34.979694 1.608887
v -2.886317 35.144791 1.908546
v -0.745648 34.310226 0.764001
v -0.833278 34.092854 0.361942
v -1.971535 34.524189 0.966429
v -2.431283 35.040756 1.800786
v -1.630599 34.696098 1.392011
v -1.336960 34.385841 0.895134
v -2.210311 34.807396 1.440594
v -0.454266 37.453812 -0.173724
v -3.055203 38.406487 -1.155396
v -3.370862 38.426682 -1.063105
v -1.083009 37.546772 -0.177693
v -0.826134 37.622257 -0.503265
v -2.045132 38.078022 -0.971838
v -2.998391 38.226646 -0.787746
v -2.158169 37.853592 -0.446833
v -1.577629 37.756451 -0.544004
v -2.574547 38.142540 -0.846931
v -1.652511 41.547039 2.095058
v -1.055797 40.886887 1.284570
v -1.143040 41.164814 1.859632
v -1.725854 41.765308 2.516119
v -1.588652 41.311096 1.562501
v -0.773695 40.533161 0.609761
v -0.558394 40.563927 0.966254
v -2.102312 42.060173 2.766148
v -2.085976 41.935287 2.436857
v -0.356680 40.285202 0.387161
v -0.146329 43.713547 -0.567402
v -1.294285 43.085949 -3.062016
v -1.573731 42.879631 -3.217008
v -0.570396 43.387810 -0.992922
v -0.178461 43.689842 -1.051521
v -0.709388 43.406189 -2.219793
v -1.491939 42.885540 -2.751945
v -1.126795 43.021828 -1.914798
v -0.648621 43.335270 -1.584682
v -1.142083 43.102165 -2.492996
v -0.445805 47.995380 0.041645
v -3.181211 47.801189 0.358736
v -3.414945 47.582272 0.569011
v -0.997152 47.704277 0.302503
v -0.915512 48.092358 -0.074593
v -2.200545 48.014877 0.067300
v -2.956350 47.483257 0.631887
v -2.058701 47.474155 0.540219
v -1.589335 47.786129 0.207175
v -2.608603 47.694187 0.396043
v -0.362333 51.070274 -0.376509
v -2.305129 50.378101 -2.311334
v -2.627571 50.436882 -2.364111
v -0.927276 51.036816 -0.627669
v -0.565022 50.797966 -0.803578
v -1.469995 50.475052 -1.713406
v -2.401647 50.628948 -1.960893
v -1.784841 50.824696 -1.296138
v -1.227363 50.739975 -1.136250
v -1.998376 50.570877 -1.826376
v -0.319502 31.043785 -0.223770
v -3.515771 31.212555 -0.690666
v -0.546838 31.295935 -0.004585
v -3.381735 31.373524 -0.432747
v -1.497583 30.881727 -0.627329
v -2.668028 30.998158 -0.773806
v -2.565250 31.458200 -0.144345
v -1.671160 31.395124 0.037719
v -0.340823 33.982338 0.130364
v -3.018107 35.164894 1.847968
v -0.353991 34.200333 0.453902
v -2.740828 35.183350 1.963371
v -1.492294 34.288895 0.568185
v -2.456007 34.766418 1.219892
v -1.940189 34.935768 1.652237
v -1.166327 34.570610 1.212628
v -0.311039 37.476860 -0.272464
v -3.402041 38.532814 -1.200118
v -0.578142 37.489304 -0.070987
v -3.316664 38.377941 -0.920894
v -1.413146 37.924644 -0.866742
v -2.547872 38.331425 -1.172545
v -2.560814 38.038696 -0.513610
v -1.704639 37.674282 -0.214404
v -0.767195 40.870789 1.537307
v -1.310458 41.463867 2.217208
v -1.915804 41.701286 1.967582
v -1.271876 40.977100 1.026293
v -1.932608 42.003937 2.775981
v -0.284565 40.365509 0.543320
v -2.220145 42.164097 2.753044
v -0.385676 40.256664 0.227434
v -0.016684 43.835499 -0.548048
v -1.545413 42.970844 -3.349175
v -0.337599 43.633556 -0.586542
v -1.665692 42.828728 -3.083744
v -0.383250 43.642097 -1.721034
v -0.971653 43.336506 -2.728708
v -1.406665 42.929604 -2.255312
v -1.006723 43.091415 -1.447010
v -0.374154 48.147831 -0.094987
v -3.514632 47.726223 0.480594
v -0.519262 47.898407 0.189171
v -3.306953 47.492706 0.669165
v -1.603865 48.195496 -0.110619
v -2.747824 48.040680 0.134656
v -2.450524 47.429268 0.674702
v -1.563638 47.459358 0.541726
v -0.186958 51.006630 -0.409427
v -2.594557 50.373116 -2.510531
v -0.505972 51.187542 -0.351431
v -2.629894 50.555393 -2.224324
v -0.937986 50.564426 -1.369055
v -1.834712 50.384708 -2.119472
v -2.111440 50.838223 -1.542893
v -1.465475 50.995903 -0.913942
v 0.168757 27.042328 -0.292297
v 0.203039 54.333908 -0.285090
v 0.004658 54.188671 -0.376034
v 0.327649 27.136717 -0.188745
v 0.337515 27.042330 -0.000000
v 0.371797 54.333908 0.007207
v 0.327649 27.136717 0.190277
v 0.168757 27.042330 0.292297
v 0.203039 54.333908 0.299504
v -0.000594 27.136719 0.379788
v -0.168758 27.042330 0.292297
v -0.134476 54.333908 0.299504
v -0.328837 27.136719 0.190277
v -0.337516 27.042330 -0.000000
v -0.303234 54.333908 0.007207
v -0.328837 27.136719 -0.188745
v -0.168758 27.042328 -0.292297
v -0.134476 54.333908 -0.285090
v -0.013302 29.402315 -0.364890
v -0.008894 33.844772 -0.303626
v -0.073127 38.386486 -0.398793
v -0.182692 42.901730 -0.623462
v -0.094754 47.348358 -0.644516
v 0.326453 51.787857 -0.289770
v 0.239052 47.348362 -0.451793
v 0.151114 42.901737 -0.430738
v 0.260680 38.386478 -0.206059
v 0.324912 33.844769 -0.110892
v 0.326453 51.787857 0.095676
v 0.239052 47.348362 -0.066346
v 0.151114 42.901737 -0.045292
v 0.260679 38.386475 0.179391
v 0.324912 33.844769 0.274558
v -0.007353 51.787857 0.288399
v -0.094754 47.348362 0.126377
v -0.182692 42.901737 0.147431
v -0.073127 38.386475 0.372110
v -0.008894 33.844769 0.467278
v -0.341159 51.787857 0.095676
v -0.428561 47.348362 -0.066346
v -0.516499 42.901737 -0.045292
v -0.406933 38.386478 0.179376
v -0.342700 33.844772 0.274544
v -0.341159 51.787853 -0.289770
v -0.428561 47.348358 -0.451793
v -0.516499 42.901733 -0.430738
v -0.406933 38.386478 -0.206063
v -0.342700 33.844772 -0.110895
v -0.208130 31.575064 -0.284470
v -0.211876 36.116024 -0.258399
v -0.332265 40.650532 -0.469109
v -0.362419 45.133457 -0.616844
v -0.212642 49.586308 -0.517943
v -0.400069 31.575064 0.047978
v -0.403815 36.116020 0.074049
v -0.524204 40.650532 -0.136661
v -0.554358 45.133461 -0.284397
v -0.404581 49.586308 -0.185495
v -0.208130 31.575064 0.380425
v -0.211876 36.116020 0.406497
v -0.332265 40.650536 0.195786
v -0.362419 45.133461 0.048050
v -0.212642 49.586308 0.146952
v 0.175747 31.575064 0.380429
v 0.172001 36.116016 0.406511
v 0.051612 40.650532 0.195790
v 0.021458 45.133461 0.048050
v 0.171235 49.586308 0.146952
v 0.367686 31.575062 0.047981
v 0.363940 36.116016 0.074063
v 0.243550 40.650532 -0.136658
v 0.213397 45.133461 -0.284397
v 0.363173 49.586308 -0.185495
v 0.175747 31.575064 -0.284469
v 0.172001 36.116020 -0.258398
v 0.051612 40.650536 -0.469109
v 0.021458 45.133453 -0.616844
v 0.171235 49.586308 -0.517943
v 0.495058 28.950186 -0.003959
v 3.161890 29.630117 0.509258
v 3.479507 29.667749 0.347084
v 1.106508 28.840691 -0.083990
v 0.820013 29.339321 0.190528
v 2.076409 29.563705 0.463594
v 3.095636 29.337505 0.179496
v 2.186261 28.947147 0.011504
v 1.569996 29.228092 0.136391
v 2.646161 29.321783 0.311647
v 0.526759 33.237675 -0.427743
v 2.997303 32.108414 -1.483592
v 3.129261 32.005177 -1.762252
v 0.948430 32.857506 -0.842684
v 0.918921 33.136620 -0.397225
v 2.099686 32.496529 -0.879874
v 2.620548 31.983473 -1.647058
v 1.766813 32.261921 -1.298768
v 1.460035 32.690514 -0.865562
v 2.379843 32.171078 -1.317809
v 0.490917 35.249584 0.068910
v 3.019545 36.131912 1.288806
v 3.295856 35.976227 1.233957
v 1.066447 35.166431 0.128829
v 0.824331 35.530106 0.404850
v 1.973318 35.977951 0.962384
v 2.895882 35.789894 0.898114
v 2.091994 35.448696 0.479463
v 1.520538 35.520947 0.508852
v 2.505114 35.895470 0.905491
v 0.290750 38.299957 -0.051207
v 3.728288 39.601768 -0.125243
v 3.723490 39.753117 -0.225691
v 0.498640 38.368923 -0.177436
v 1.022326 38.448036 0.120867
v 2.244085 38.635567 0.068212
v 2.878931 39.558540 -0.344388
v 2.123757 39.380791 -0.350472
v 1.676594 38.881161 -0.099901
v 2.614851 39.120689 -0.180159
v 0.507145 41.743542 0.094305
v 2.840826 42.667221 1.600731
v 3.176207 42.702602 1.583032
v 1.106168 41.993000 0.213463
v 0.739585 41.740177 0.454686
v 1.803064 42.232872 1.150830
v 2.841591 42.608528 1.214932
v 2.074806 42.352909 0.682561
v 1.442875 42.069397 0.639312
v 2.386242 42.515797 1.168564
v 0.460427 45.493690 -0.435474
v 3.093240 45.407452 -1.291852
v 3.223686 45.451485 -1.542107
v 0.941331 45.613026 -0.821601
v 0.940002 45.334633 -0.425821
v 2.164955 45.222992 -0.831028
v 2.733092 45.508381 -1.519018
v 1.929628 45.688416 -1.271087
v 1.541988 45.467941 -0.853169
v 2.496796 45.472504 -1.225643
v 0.513425 48.838573 -0.005512
v 3.248590 49.437557 0.861552
v 3.566593 49.371906 0.764519
v 1.131775 48.755768 -0.024461
v 0.893646 48.866486 0.313785
v 2.122704 49.079594 0.723529
v 3.091442 49.078533 0.505354
v 2.204039 48.788071 0.202729
v 1.628195 48.838718 0.322253
v 2.653692 49.109596 0.573854
v 0.329593 53.130154 -0.457337
v 2.058577 51.711018 -2.591561
v 2.066000 51.535423 -2.911929
v 0.509911 52.827110 -1.031950
v 0.748980 52.841518 -0.700024
v 1.549008 52.250839 -1.678939
v 1.648247 51.577362 -2.567594
v 1.056434 51.961609 -1.875083
v 0.998296 52.464561 -1.363958
v 1.571885 51.844971 -2.162925
v 0.495596 28.903208 0.012674
v 3.188509 29.577124 0.518666
v 3.516210 29.619459 0.354907
v 1.101662 28.790665 -0.067160
v 0.812865 29.289236 0.207007
v 2.068833 29.507109 0.477506
v 3.115461 29.285007 0.189194
v 2.174516 28.891068 0.026011
v 1.553151 29.153728 0.158415
v 2.651591 29.243357 0.328277
v 0.493530 33.183537 -0.421297
v 2.997535 32.047966 -1.477243
v 3.140087 31.946852 -1.756971
v 0.914409 32.801014 -0.835457
v 0.884571 33.079941 -0.390345
v 2.074004 32.435738 -0.872146
v 2.626147 31.922310 -1.641062
v 1.746417 32.200645 -1.291046
v 1.416006 32.608597 -0.854974
v 2.365960 32.084908 -1.307817
v 0.469251 35.196850 0.079938
v 2.990919 36.077904 1.299684
v 3.265069 35.925453 1.244097
v 1.046445 35.110790 0.140501
v 0.810067 35.474255 0.416646
v 1.961724 35.919212 0.974708
v 2.875232 35.735371 0.909281
v 2.082479 35.389671 0.491940
v 1.504395 35.440063 0.525962
v 2.483082 35.815586 0.922065
v 0.353032 38.225437 -0.063709
v 3.783332 39.541660 -0.149557
v 3.784862 39.694992 -0.249640
v 0.559118 38.293785 -0.190415
v 1.066208 38.370869 0.104471
v 2.264622 38.560757 0.045688
v 2.913542 39.492294 -0.369646
v 2.141964 39.306828 -0.373934
v 1.704587 38.799915 -0.121194
v 2.637561 39.045971 -0.206424
v 0.555128 41.693729 0.091464
v 2.861991 42.606308 1.602548
v 3.193079 42.643906 1.584883
v 1.156832 41.941002 0.210904
v 0.790685 41.688404 0.452599
v 1.846123 42.175282 1.151186
v 2.870101 42.550034 1.216512
v 2.124279 42.297340 0.682258
v 1.514254 41.994270 0.637529
v 2.436642 42.433949 1.170135
v 0.427548 45.440117 -0.442931
v 3.073150 45.346996 -1.296899
v 3.208702 45.392330 -1.545451
v 0.907435 45.557137 -0.829831
v 0.905838 45.278580 -0.433772
v 2.133499 45.163280 -0.839194
v 2.714685 45.447197 -1.523469
v 1.899981 45.628174 -1.278961
v 1.495250 45.387115 -0.864949
v 2.461726 45.387550 -1.234853
v 0.504119 48.779026 -0.002534
v 3.263123 49.379185 0.871643
v 3.578697 49.316353 0.774626
v 1.126253 48.693325 -0.020886
v 0.893201 48.804581 0.317847
v 2.138986 49.016827 0.731073
v 3.108196 49.020180 0.514876
v 2.217671 48.724823 0.209293
v 1.637452 48.750282 0.329554
v 2.678791 49.024807 0.586003
v 0.288920 53.079777 -0.452842
v 2.089263 51.654217 -2.584138
v 2.098986 51.481239 -2.905704
v 0.483239 52.772503 -1.025212
v 0.710019 52.787769 -0.694821
v 1.547476 52.191956 -1.670811
v 1.679864 51.520508 -2.560249
v 1.067171 51.901886 -1.865603
v 0.975264 52.384304 -1.353143
v 1.603130 51.763210 -2.151013
v 0.358029 29.083153 0.095965
v 3.527635 29.751795 0.471933
v 0.632626 28.770243 -0.087251
v 3.468082 29.535416 0.230057
v 1.391133 29.652361 0.417365
v 2.668657 29.586048 0.615868
v 2.629095 28.979092 0.024057
v 1.732014 28.729460 -0.122558
v 0.423885 33.304482 -0.224006
v 3.301694 32.062080 -1.725437
v 0.596404 33.116737 -0.625034
v 2.967654 31.889942 -1.793786
v 1.559299 32.879173 -0.535093
v 2.644646 32.211689 -1.102941
v 2.101157 32.044296 -1.522685
v 1.316742 32.419937 -1.185443
v 0.351409 35.322929 0.152962
v 3.383919 36.098751 1.403908
v 0.608759 35.123508 -0.004113
v 3.177007 35.802925 1.074146
v 1.378392 35.846592 0.807970
v 2.486814 36.152115 1.232462
v 2.501382 35.558937 0.595093
v 1.646542 35.114418 0.226844
v 0.194070 38.209087 0.057127
v 3.933907 39.688290 -0.158705
v 0.492873 38.259350 -0.181243
v 3.632041 39.724010 -0.334750
v 1.707322 38.349037 0.203731
v 2.779101 38.558807 0.046939
v 2.488403 39.558197 -0.450975
v 1.692461 39.278053 -0.438975
v 0.371079 41.607136 0.157507
v 3.212853 42.702122 1.740518
v 0.691194 41.830135 0.028261
v 3.156431 42.644386 1.427397
v 1.219205 41.867573 0.905719
v 2.325742 42.480438 1.489169
v 2.497143 42.469311 0.849530
v 1.737925 42.196095 0.371122
v 0.402670 45.397888 -0.280797
v 3.401972 45.458706 -1.468550
v 0.485304 45.535927 -0.597609
v 3.030416 45.385109 -1.619008
v 1.603304 45.125923 -0.536947
v 2.697620 45.200520 -0.994010
v 2.260902 45.659542 -1.466486
v 1.433934 45.729126 -1.181171
v 0.382846 48.836906 0.101928
v 3.681993 49.514751 0.907409
v 0.634697 48.780689 -0.109974
v 3.463297 49.173508 0.631736
v 1.507447 48.932941 0.659105
v 2.697219 49.311157 0.899237
v 2.635264 48.823250 0.260620
v 1.758200 48.656067 -0.007298
v 0.367261 53.063122 -0.300517
v 2.247580 51.502991 -2.936130
v 0.251251 53.146805 -0.609661
v 1.917405 51.513680 -2.881503
v 1.255688 52.539337 -1.144667
v 1.926274 52.001343 -2.116287
v 1.248742 51.606838 -2.197650
v 0.717871 52.309532 -1.572433
v -0.007353 51.787853 -0.482493
v 0.332901 54.188671 -0.186523
v 0.332901 54.188671 0.192499
v 0.004658 54.188671 0.382010
v -0.323584 54.188671 0.192499
v -0.323584 54.188671 -0.186523
v -0.206881 53.458920 -0.358995
v -0.398819 53.458912 -0.026547
v -0.206881 53.458912 0.305900
v 0.176996 53.458912 0.305900
v 0.368935 53.458912 -0.026547
v 0.176996 53.458912 -0.358995
v 0.320504 29.402317 -0.172166
v 0.320504 29.402317 0.213280
v -0.013302 29.402317 0.406003
v -0.347108 29.402317 0.213280
v -0.347108 29.402317 -0.172166
v -0.000594 27.136719 -0.378256
v 0.187190 27.797441 -0.326317
v 0.379128 27.797441 0.006130
v 0.187190 27.797443 0.338578
v -0.196687 27.797443 0.338578
v -0.388626 27.797443 0.006130
v -0.196687 27.797443 -0.326317
v 1.154344 38.867756 -0.266931
v 0.213024 38.290771 0.071773
v 1.191675 38.790993 -0.284298
v 0.274269 38.215588 0.058905
v 0.466928 38.234066 0.147321
v 0.815480 38.511375 -0.289693
v 0.650868 38.359203 -0.073718
v 0.593255 38.439804 -0.058624
v 3.136310 39.045937 -0.062722
v 3.435485 39.722328 -0.318016
v 3.166007 38.979023 -0.087895
v 3.492048 39.662407 -0.342344
v 3.176298 39.660770 -0.404247
v 3.585183 39.243965 -0.068347
v 3.388865 39.441181 -0.240709
v 3.340430 39.507866 -0.214407
v 0.142539 38.270557 0.067412
v 3.883287 39.736191 -0.138967
v 0.441558 38.320801 -0.170927
v 3.580834 39.771839 -0.315007
v 1.681139 38.412292 0.219425
v 2.763752 38.617123 0.067037
v 2.468617 39.615486 -0.430437
v 1.675335 39.340485 -0.421726
v 0.420645 38.296520 0.158750
v 0.772627 38.573627 -0.277770
v 3.136913 39.712120 -0.383884
v 3.549633 39.295792 -0.048018
v 3.815860 39.566582 -0.081742
v 2.820800 39.675213 -0.419193
v 0.579764 38.374413 -0.241976
v 0.997212 38.329689 0.215011
v 2.096738 39.554295 -0.459255
v 3.375887 39.742260 -0.370185
v 2.277830 38.436237 0.169012
v 0.150499 38.258106 0.131900
v 1.193557 38.959377 -0.366936
v 3.795550 39.782482 -0.231550
v 3.205606 38.906143 0.003327
v 0.283853 38.278984 -0.052905
v 0.156246 38.242558 0.068220
v 3.917850 39.720276 -0.144050
v 0.468895 38.294346 -0.180518
v 3.601697 39.753880 -0.327245
v 1.692607 38.364933 0.226639
v 2.776714 38.570362 0.069224
v 2.470746 39.612591 -0.450078
v 1.682469 39.333858 -0.443090
v 0.432909 38.263668 0.163336
v 0.798649 38.552917 -0.292386
v 3.144898 39.699116 -0.399932
v 3.573834 39.264473 -0.049448
v 3.842663 39.537251 -0.093605
v 2.838250 39.643177 -0.431453
v 0.609215 38.337742 -0.248321
v 1.019381 38.292217 0.207192
v 2.105250 39.518547 -0.470759
v 3.403812 39.713066 -0.382058
v 2.288105 38.399853 0.158217
v 0.180521 38.221401 0.125637
v 1.210768 38.922211 -0.375489
v 3.827100 39.754261 -0.243272
v 3.219338 38.873604 -0.008867
v 0.314729 38.242374 -0.059000
v 0.237129 54.354828 -0.102003
v 0.047972 54.354828 -0.211213
v -0.141185 54.354828 -0.102003
v -0.141185 54.354832 0.116417
v 0.047972 54.354832 0.225627
v 0.237129 54.354828 0.116417
v -0.000000 27.042328 -0.218420
v 0.189157 27.042328 -0.109210
v 0.189157 27.042332 0.109210
v -0.000000 27.042330 0.218420
v -0.189157 27.042330 0.109210
v -0.189157 27.042330 -0.109210
v -0.427107 58.240368 -0.118828
v -3.142181 58.222866 -0.696556
v -3.439533 58.363636 -0.565736
v -1.038704 58.372063 -0.027636
v -0.840980 58.062778 -0.369635
v -2.109341 58.055267 -0.648005
v -3.019903 58.459713 -0.352902
v -2.129601 58.438007 -0.130153
v -1.569705 58.222755 -0.301281
v -2.599500 58.312428 -0.465098
v -0.346783 61.163166 0.288984
v -2.745350 62.083000 1.602708
v -2.872618 62.245785 1.902793
v -0.738146 61.413826 0.757392
v -0.830356 61.196907 0.355337
v -1.957189 61.630177 0.959627
v -2.415946 62.144341 1.794693
v -1.613236 61.801926 1.385284
v -1.321662 61.515995 0.885679
v -2.185884 61.937119 1.431535
v -0.434916 64.554688 -0.169727
v -3.029889 65.508659 -1.149953
v -3.347844 65.526405 -1.057908
v -1.061227 64.650070 -0.173365
v -0.802293 64.724998 -0.498751
v -2.015439 65.182228 -0.966394
v -2.971479 65.328392 -0.782301
v -2.128904 64.957909 -0.441559
v -1.540155 64.884804 -0.537142
v -2.534139 65.269913 -0.839224
v -1.573750 68.660454 2.089731
v -0.983274 68.003319 1.279030
v -1.086347 68.259087 1.855624
v -1.671129 68.857292 2.512600
v -1.533943 68.406364 1.558511
v -0.727534 67.629234 0.605996
v -0.509888 67.658783 0.962416
v -2.050441 69.150192 2.762877
v -2.031044 69.027122 2.433284
v -0.313561 67.379295 0.383593
v -0.207954 70.797836 -0.567188
v -1.360722 70.170609 -3.060817
v -1.637374 69.962265 -3.215911
v -0.634881 70.474075 -0.992500
v -0.242911 70.776108 -1.050912
v -0.777441 70.493797 -2.218480
v -1.557876 69.970566 -2.750579
v -1.194415 70.109779 -1.913502
v -0.741353 70.440559 -1.583362
v -1.236235 70.206276 -2.491026
v -0.447612 75.093178 0.052539
v -3.169730 74.900284 0.370901
v -3.406640 74.679001 0.580749
v -0.993721 74.804337 0.314026
v -0.914505 75.192665 -0.063105
v -2.188762 75.116905 0.079639
v -2.945589 74.582428 0.644090
v -2.045338 74.576019 0.552626
v -1.578169 74.911041 0.223932
v -2.589745 74.818077 0.413314
v -0.330596 78.166222 -0.384350
v -2.272455 77.477631 -2.318224
v -2.596880 77.533958 -2.370744
v -0.893504 78.135239 -0.635702
v -0.530010 77.896233 -0.811208
v -1.432526 77.576149 -1.720493
v -2.367247 77.728043 -1.967574
v -1.746922 77.925529 -1.303404
v -1.176098 77.862694 -1.146746
v -1.947776 77.694389 -1.835988
v -0.439233 58.184013 -0.109527
v -3.163379 58.163990 -0.688169
v -3.457973 58.307102 -0.557677
v -1.054062 58.313213 -0.018127
v -0.857686 58.004089 -0.360255
v -2.134111 57.994377 -0.639050
v -3.042028 58.401024 -0.344549
v -2.153979 58.377159 -0.121110
v -1.599038 58.138763 -0.288329
v -2.633778 58.228588 -0.453053
v -0.348030 61.104176 0.295282
v -2.762017 62.022022 1.608887
v -2.886317 62.187119 1.908546
v -0.745648 61.352562 0.764001
v -0.833278 61.135185 0.361942
v -1.971535 61.566525 0.966429
v -2.431283 62.083084 1.800786
v -1.630599 61.738434 1.392011
v -1.336960 61.428173 0.895134
v -2.210311 61.849724 1.440594
v -0.454266 64.496140 -0.173724
v -3.055203 65.448814 -1.155396
v -3.370862 65.469002 -1.063105
v -1.083009 64.589104 -0.177693
v -0.826134 64.664589 -0.503265
v -2.045132 65.120354 -0.971838
v -2.998391 65.268974 -0.787746
v -2.158169 64.895920 -0.446833
v -1.577629 64.798775 -0.544004
v -2.574547 65.184860 -0.846931
v -1.652511 68.589371 2.095058
v -1.055797 67.929222 1.284570
v -1.143040 68.207146 1.859632
v -1.725854 68.807640 2.516119
v -1.588652 68.353424 1.562501
v -0.773695 67.575500 0.609761
v -0.558394 67.606262 0.966254
v -2.102312 69.102501 2.766148
v -2.085976 68.977615 2.436857
v -0.356680 67.327530 0.387161
v -0.146329 70.755882 -0.567402
v -1.294285 70.128281 -3.062016
v -1.573731 69.921967 -3.217008
v -0.570396 70.430153 -0.992922
v -0.178461 70.732162 -1.051521
v -0.709388 70.448524 -2.219793
v -1.491939 69.927872 -2.751945
v -1.126795 70.064163 -1.914798
v -0.648621 70.377602 -1.584682
v -1.142083 70.144493 -2.492996
v -0.445805 75.037720 0.041645
v -3.181211 74.843506 0.358736
v -3.414945 74.624611 0.569011
v -0.997152 74.746597 0.302503
v -0.915512 75.134697 -0.074593
v -2.200545 75.057205 0.067300
v -2.956350 74.525589 0.631887
v -2.058701 74.516479 0.540219
v -1.589335 74.828445 0.207175
v -2.608603 74.736511 0.396043
v -0.362333 78.112610 -0.376509
v -2.305129 77.420433 -2.311334
v -2.627571 77.479218 -2.364111
v -0.927276 78.079140 -0.627669
v -0.565022 77.840294 -0.803578
v -1.469995 77.517380 -1.713406
v -2.401647 77.671280 -1.960893
v -1.784841 77.867020 -1.296138
v -1.227363 77.782295 -1.136250
v -1.998376 77.613205 -1.826376
v -0.319502 58.086121 -0.223770
v -3.515771 58.254883 -0.690666
v -0.546838 58.338264 -0.004585
v -3.381735 58.415848 -0.432747
v -1.497583 57.924061 -0.627329
v -2.668028 58.040493 -0.773806
v -2.565250 58.500530 -0.144345
v -1.671160 58.437454 0.037719
v -0.340823 61.024673 0.130364
v -3.018107 62.207218 1.847968
v -0.353991 61.242676 0.453902
v -2.740828 62.225689 1.963371
v -1.492294 61.331226 0.568185
v -2.456007 61.808746 1.219892
v -1.940189 61.978100 1.652237
v -1.166327 61.612946 1.212628
v -0.311039 64.519196 -0.272464
v -3.402041 65.575150 -1.200118
v -0.578142 64.531631 -0.070987
v -3.316664 65.420265 -0.920894
v -1.413146 64.966972 -0.866742
v -2.547872 65.373756 -1.172545
v -2.560814 65.081024 -0.513610
v -1.704639 64.716614 -0.214404
v -0.767195 67.913116 1.537307
v -1.310458 68.506195 2.217208
v -1.915804 68.743607 1.967582
v -1.271876 68.019440 1.026293
v -1.932608 69.046272 2.775981
v -0.284565 67.407837 0.543320
v -2.220145 69.206421 2.753044
v -0.385676 67.298996 0.227434
v -0.016684 70.877823 -0.548048
v -1.545413 70.013176 -3.349175
v -0.337599 70.675880 -0.586542
v -1.665692 69.871063 -3.083744
v -0.383250 70.684433 -1.721034
v -0.971653 70.378838 -2.728708
v -1.406665 69.971931 -2.255312
v -1.006723 70.133751 -1.447010
v -0.374154 75.190163 -0.094987
v -3.514632 74.768562 0.480594
v -0.519262 74.940735 0.189171
v -3.306953 74.535049 0.669165
v -1.603865 75.237823 -0.110619
v -2.747824 75.083023 0.134656
v -2.450524 74.471581 0.674702
v -1.563638 74.501678 0.541726
v -0.186958 78.048965 -0.409427
v -2.594557 77.415451 -2.510531
v -0.505972 78.229858 -0.351431
v -2.629894 77.597733 -2.224324
v -0.937986 77.606758 -1.369055
v -1.834712 77.427032 -2.119472
v -2.111440 77.880547 -1.542893
v -1.465475 78.038231 -0.913942
v 0.168757 54.084656 -0.292297
v 0.203039 81.376244 -0.285090
v 0.004658 81.231026 -0.376034
v 0.327649 54.179047 -0.188745
v 0.337515 54.084660 -0.000000
v 0.371797 81.376244 0.007207
v 0.327649 54.179047 0.190277
v 0.168757 54.084660 0.292297
v 0.203039 81.376244 0.299504
v -0.000594 54.179054 0.379788
v -0.168758 54.084660 0.292297
v -0.134476 81.376244 0.299504
v -0.328837 54.179054 0.190277
v -0.337516 54.084660 -0.000000
v -0.303234 81.376244 0.007207
v -0.328837 54.179054 -0.188745
v -0.168758 54.084656 -0.292297
v -0.134476 81.376244 -0.285090
v -0.013302 56.444645 -0.364890
v -0.008894 60.887108 -0.303626
v -0.073127 65.428810 -0.398793
v -0.182692 69.944061 -0.623462
v -0.094754 74.390686 -0.644516
v 0.326453 78.830177 -0.289770
v 0.239052 74.390678 -0.451793
v 0.151114 69.944061 -0.430738
v 0.260680 65.428810 -0.206059
v 0.324912 60.887100 -0.110892
v 0.326453 78.830177 0.095676
v 0.239052 74.390678 -0.066346
v 0.151114 69.944061 -0.045292
v 0.260679 65.428810 0.179391
v 0.324912 60.887096 0.274558
v -0.007353 78.830177 0.288399
v -0.094754 74.390678 0.126377
v -0.182692 69.944061 0.147431
v -0.073127 65.428810 0.372110
v -0.008894 60.887096 0.467278
v -0.341159 78.830177 0.095676
v -0.428561 74.390678 -0.066346
v -0.516499 69.944061 -0.045292
v -0.406933 65.428810 0.179376
v -0.342700 60.887100 0.274544
v -0.341159 78.830185 -0.289770
v -0.428561 74.390694 -0.451793
v -0.516499 69.944061 -0.430738
v -0.406933 65.428810 -0.206063
v -0.342700 60.887096 -0.110895
v -0.208130 58.617397 -0.284470
v -0.211876 63.158356 -0.258399
v -0.332265 67.692871 -0.469109
v -0.362419 72.175781 -0.616844
v -0.212642 76.628647 -0.517943
v -0.400069 58.617393 0.047978
v -0.403815 63.158352 0.074049
v -0.524204 67.692863 -0.136661
v -0.554358 72.175789 -0.284397
v -0.404581 76.628647 -0.185495
v -0.208130 58.617393 0.380425
v -0.211876 63.158348 0.406497
v -0.332265 67.692863 0.195786
v -0.362419 72.175789 0.048050
v -0.212642 76.628647 0.146952
v 0.175747 58.617393 0.380429
v 0.172001 63.158352 0.406511
v 0.051612 67.692863 0.195790
v 0.021458 72.175789 0.048050
v 0.171235 76.628647 0.146952
v 0.367686 58.617397 0.047981
v 0.363940 63.158348 0.074063
v 0.243550 67.692863 -0.136658
v 0.213397 72.175789 -0.284397
v 0.363173 76.628647 -0.185495
v 0.175747 58.617393 -0.284469
v 0.172001 63.158352 -0.258398
v 0.051612 67.692856 -0.469109
v 0.021458 72.175781 -0.616844
v 0.171235 76.628647 -0.517943
v 0.495058 55.992516 -0.003959
v 3.161890 56.672443 0.509258
v 3.479507 56.710075 0.347084
v 1.106508 55.883022 -0.083990
v 0.820013 56.381657 0.190528
v 2.076409 56.606041 0.463594
v 3.095636 56.379829 0.179496
v 2.186261 55.989479 0.011504
v 1.569996 56.270424 0.136391
v 2.646161 56.364117 0.311647
v 0.526759 60.280006 -0.427743
v 2.997303 59.150742 -1.483592
v 3.129261 59.047512 -1.762252
v 0.948430 59.899837 -0.842684
v 0.918921 60.178947 -0.397225
v 2.099686 59.538864 -0.879874
v 2.620548 59.025803 -1.647058
v 1.766813 59.304249 -1.298768
v 1.460035 59.732845 -0.865562
v 2.379843 59.213406 -1.317809
v 0.490917 62.291912 0.068910
v 3.019545 63.174232 1.288806
v 3.295856 63.018555 1.233957
v 1.066447 62.208763 0.128829
v 0.824331 62.572433 0.404850
v 1.973318 63.020283 0.962384
v 2.895882 62.832222 0.898114
v 2.091994 62.491024 0.479463
v 1.520538 62.563278 0.508852
v 2.505114 62.937801 0.905491
v 0.290750 65.342293 -0.051207
v 3.728288 66.644096 -0.125243
v 3.723490 66.795448 -0.225691
v 0.498640 65.411255 -0.177436
v 1.022326 65.490364 0.120867
v 2.244085 65.677895 0.068212
v 2.878931 66.600868 -0.344388
v 2.123757 66.423119 -0.350472
v 1.676594 65.923485 -0.099901
v 2.614851 66.163025 -0.180159
v 0.507145 68.785881 0.094305
v 2.840826 69.709541 1.600731
v 3.176207 69.744934 1.583032
v 1.106168 69.035339 0.213463
v 0.739585 68.782509 0.454686
v 1.803064 69.275208 1.150830
v 2.841591 69.650856 1.214932
v 2.074806 69.395241 0.682561
v 1.442875 69.111732 0.639312
v 2.386242 69.558128 1.168564
v 0.460427 72.536018 -0.435474
v 3.093240 72.449791 -1.291852
v 3.223686 72.493813 -1.542107
v 0.941331 72.655357 -0.821601
v 0.940002 72.376961 -0.425821
v 2.164955 72.265320 -0.831028
v 2.733092 72.550720 -1.519018
v 1.929628 72.730743 -1.271087
v 1.541988 72.510262 -0.853169
v 2.496796 72.514824 -1.225643
v 0.513425 75.880913 -0.005512
v 3.248590 76.479889 0.861552
v 3.566593 76.414238 0.764519
v 1.131775 75.798103 -0.024461
v 0.893646 75.908821 0.313785
v 2.122704 76.121918 0.723529
v 3.091442 76.120857 0.505354
v 2.204039 75.830414 0.202729
v 1.628195 75.881050 0.322253
v 2.653692 76.151924 0.573854
v 0.329593 80.172478 -0.457337
v 2.058577 78.753342 -2.591561
v 2.066000 78.577759 -2.911929
v 0.509911 79.869446 -1.031950
v 0.748980 79.883835 -0.700024
v 1.549008 79.293175 -1.678939
v 1.648247 78.619690 -2.567594
v 1.056434 79.003944 -1.875083
v 0.998296 79.506882 -1.363958
v 1.571885 78.887299 -2.162925
v 0.495596 55.945541 0.012674
v 3.188509 56.619453 0.518666
v 3.516210 56.661785 0.354907
v 1.101662 55.832996 -0.067160
v 0.812865 56.331570 0.207007
v 2.068833 56.549438 0.477506
v 3.115461 56.327339 0.189194
v 2.174516 55.933399 0.026011
v 1.553151 56.196056 0.158415
v 2.651591 56.285690 0.328277
v 0.493530 60.225868 -0.421297
v 2.997535 59.090294 -1.477243
v 3.140087 58.989185 -1.756971
v 0.914409 59.843342 -0.835457
v 0.884571 60.122269 -0.390345
v 2.074004 59.478065 -0.872146
v 2.626147 58.964645 -1.641062
v 1.746417 59.242973 -1.291046
v 1.416006 59.650925 -0.854974
v 2.365960 59.127243 -1.307817
v 0.469251 62.239178 0.079938
v 2.990919 63.120232 1.299684
v 3.265069 62.967781 1.244097
v 1.046445 62.153118 0.140501
v 0.810067 62.516586 0.416646
v 1.961724 62.961544 0.974708
v 2.875232 62.777702 0.909281
v 2.082479 62.431995 0.491940
v 1.504395 62.482395 0.525962
v 2.483082 62.857922 0.922065
v 0.353032 65.267761 -0.063709
v 3.783332 66.583984 -0.149557
v 3.784862 66.737320 -0.249640
v 0.559118 65.336121 -0.190415
v 1.066208 65.413193 0.104471
v 2.264622 65.603096 0.045688
v 2.913542 66.534622 -0.369646
v 2.141964 66.349167 -0.373934
v 1.704587 65.842239 -0.121194
v 2.637561 66.088295 -0.206424
v 0.555128 68.736061 0.091464
v 2.861991 69.648643 1.602548
v 3.193079 69.686234 1.584883
v 1.156832 68.983337 0.210904
v 0.790685 68.730743 0.452599
v 1.846123 69.217613 1.151186
v 2.870101 69.592377 1.216512
v 2.124279 69.339684 0.682258
v 1.514254 69.036606 0.637529
v 2.436642 69.476280 1.170135
v 0.427548 72.482460 -0.442931
v 3.073150 72.389320 -1.296899
v 3.208702 72.434662 -1.545451
v 0.907435 72.599464 -0.829831
v 0.905838 72.320915 -0.433772
v 2.133499 72.205612 -0.839194
v 2.714685 72.489532 -1.523469
v 1.899981 72.670502 -1.278961
v 1.495250 72.429443 -0.864949
v 2.461726 72.429878 -1.234853
v 0.504119 75.821358 -0.002534
v 3.263123 76.421516 0.871643
v 3.578697 76.358681 0.774626
v 1.126253 75.735641 -0.020886
v 0.893201 75.846909 0.317847
v 2.138986 76.059151 0.731073
v 3.108196 76.062515 0.514876
v 2.217671 75.767151 0.209293
v 1.637452 75.792610 0.329554
v 2.678791 76.067123 0.586003
v 0.288920 80.122108 -0.452842
v 2.089263 78.696541 -2.584138
v 2.098986 78.523560 -2.905704
v 0.483239 79.814835 -1.025212
v 0.710019 79.830093 -0.694821
v 1.547476 79.234283 -1.670811
v 1.679864 78.562836 -2.560249
v 1.067171 78.944214 -1.865603
v 0.975264 79.426636 -1.353143
v 1.603130 78.805542 -2.151013
v 0.358029 56.125477 0.095965
v 3.527635 56.794121 0.471933
v 0.632626 55.812576 -0.087251
v 3.468082 56.577744 0.230057
v 1.391133 56.694691 0.417365
v 2.668657 56.628380 0.615868
v 2.629095 56.021427 0.024057
v 1.732014 55.771790 -0.122558
v 0.423885 60.346809 -0.224006
v 3.301694 59.104412 -1.725437
v 0.596404 60.159073 -0.625034
v 2.967654 58.932274 -1.793786
v 1.559299 59.921505 -0.535093
v 2.644646 59.254021 -1.102941
v 2.101157 59.086624 -1.522685
v 1.316742 59.462265 -1.185443
v 0.351409 62.365265 0.152962
v 3.383919 63.141079 1.403908
v 0.608759 62.165829 -0.004113
v 3.177007 62.845261 1.074146
v 1.378392 62.888927 0.807970
v 2.486814 63.194447 1.232462
v 2.501382 62.601265 0.595093
v 1.646542 62.156750 0.226844
v 0.194070 65.251411 0.057127
v 3.933907 66.730621 -0.158705
v 0.492873 65.301674 -0.181243
v 3.632041 66.766335 -0.334750
v 1.707322 65.391365 0.203731
v 2.779101 65.601135 0.046939
v 2.488403 66.600540 -0.450975
v 1.692461 66.320381 -0.438975
v 0.371079 68.649475 0.157507
v 3.212853 69.744446 1.740518
v 0.691194 68.872475 0.028261
v 3.156431 69.686707 1.427397
v 1.219205 68.909897 0.905719
v 2.325742 69.522766 1.489169
v 2.497143 69.511642 0.849530
v 1.737925 69.238426 0.371122
v 0.402670 72.440216 -0.280797
v 3.401972 72.501038 -1.468550
v 0.485304 72.578262 -0.597609
v 3.030416 72.427437 -1.619008
v 1.603304 72.168259 -0.536947
v 2.697620 72.242844 -0.994010
v 2.260902 72.701866 -1.466486
v 1.433934 72.771454 -1.181171
v 0.382846 75.879242 0.101928
v 3.681993 76.557083 0.907409
v 0.634697 75.823029 -0.109974
v 3.463297 76.215843 0.631736
v 1.507447 75.975266 0.659105
v 2.697219 76.353477 0.899237
v 2.635264 75.865578 0.260620
v 1.758200 75.698387 -0.007298
v 0.367261 80.105453 -0.300517
v 2.247580 78.545319 -2.936130
v 0.251251 80.189133 -0.609661
v 1.917405 78.556000 -2.881503
v 1.255688 79.581665 -1.144667
v 1.926274 79.043678 -2.116287
v 1.248742 78.649162 -2.197650
v 0.717871 79.351852 -1.572433
v -0.007353 78.830185 -0.482493
v 0.332901 81.231018 -0.186523
v 0.332901 81.231018 0.192499
v 0.004658 81.231018 0.382010
v -0.323584 81.231018 0.192499
v -0.323584 81.231018 -0.186523
v -0.206881 80.501251 -0.358995
v -0.398819 80.501251 -0.026547
v -0.206881 80.501251 0.305900
v 0.176996 80.501251 0.305900
v 0.368935 80.501251 -0.026547
v 0.176996 80.501251 -0.358995
v 0.320504 56.444645 -0.172166
v 0.320504 56.444649 0.213280
v -0.013302 56.444649 0.406003
v -0.347108 56.444649 0.213280
v -0.347108 56.444649 -0.172166
v -0.000594 54.179054 -0.378256
v 0.187190 54.839767 -0.326317
v 0.379128 54.839775 0.006130
v 0.187190 54.839775 0.338578
v -0.196687 54.839775 0.338578
v -0.388626 54.839775 0.006130
v -0.196687 54.839775 -0.326317
v 1.154344 65.910080 -0.266931
v 0.213024 65.333099 0.071773
v 1.191675 65.833328 -0.284298
v 0.274269 65.257912 0.058905
v 0.466928 65.276390 0.147321
v 0.815480 65.553711 -0.289693
v 0.650868 65.401535 -0.073718
v 0.593255 65.482132 -0.058624
v 3.136310 66.088272 -0.062722
v 3.435485 66.764656 -0.318016
v 3.166007 66.021355 -0.087895
v 3.492048 66.704735 -0.342344
v 3.176298 66.703102 -0.404247
v 3.585183 66.286293 -0.068347
v 3.388865 66.483505 -0.240709
v 3.340430 66.550201 -0.214407
v 0.142539 65.312889 0.067412
v 3.883287 66.778519 -0.138967
v 0.441558 65.363136 -0.170927
v 3.580834 66.814163 -0.315007
v 1.681139 65.454628 0.219425
v 2.763752 65.659462 0.067037
v 2.468617 66.657822 -0.430437
v 1.675335 66.382820 -0.421726
v 0.420645 65.338844 0.158750
v 0.772627 65.615959 -0.277770
v 3.136913 66.754448 -0.383884
v 3.549633 66.338120 -0.048018
v 3.815860 66.608917 -0.081742
v 2.820800 66.717552 -0.419193
v 0.579764 65.416740 -0.241976
v 0.997212 65.372017 0.215011
v 2.096738 66.596619 -0.459255
v 3.375887 66.784584 -0.370185
v 2.277830 65.478577 0.169012
v 0.150499 65.300438 0.131900
v 1.193557 66.001717 -0.366936
v 3.795550 66.824821 -0.231550
v 3.205606 65.948479 0.003327
v 0.283853 65.321312 -0.052905
v 0.156246 65.284889 0.068220
v 3.917850 66.762604 -0.144050
v 0.468895 65.336678 -0.180518
v 3.601697 66.796204 -0.327245
v 1.692607 65.407265 0.226639
v 2.776714 65.612694 0.069224
v 2.470746 66.654922 -0.450078
v 1.682469 66.376183 -0.443090
v 0.432909 65.306000 0.163336
v 0.798649 65.595245 -0.292386
v 3.144898 66.741455 -0.399932
v 3.573834 66.306801 -0.049448
v 3.842663 66.579582 -0.093605
v 2.838250 66.685516 -0.431453
v 0.609215 65.380066 -0.248321
v 1.019381 65.334541 0.207192
v 2.105250 66.560875 -0.470759
v 3.403812 66.755402 -0.382058
v 2.288105 65.442184 0.158217
v 0.180521 65.263725 0.125637
v 1.210768 65.964546 -0.375489
v 3.827100 66.796600 -0.243272
v 3.219338 65.915932 -0.008867
v 0.314729 65.284698 -0.059000
v 0.237129 81.397163 -0.102003
v 0.047972 81.397156 -0.211213
v -0.141185 81.397156 -0.102003
v -0.141185 81.397156 0.116417
v 0.047972 81.397156 0.225627
v 0.237129 81.397156 0.116417
v -0.000000 54.084656 -0.218420
v 0.189157 54.084656 -0.109210
v 0.189157 54.084663 0.109210
v -0.000000 54.084660 0.218420
v -0.189157 54.084660 0.109210
v -0.189157 54.084660 -0.109210
v -3.082816 4.268044 -0.526954
v -0.928408 4.144276 -0.199109
v -2.114864 4.173389 -0.390766
v -2.582391 8.042636 1.700875
v -0.776102 7.230015 0.550708
v -1.782239 7.643309 1.171187
v -3.001431 11.346812 -0.966581
v -0.919298 10.612184 -0.332473
v -2.066644 10.997025 -0.702972
v -1.299701 14.257891 1.706318
v -0.604780 13.565069 0.776881
v -1.843997 14.870226 2.476991
v -1.474669 15.992128 -2.910490
v -0.447245 16.551615 -1.014113
v -0.998647 16.225649 -2.065747
v -3.061264 20.666351 0.510984
v -0.945394 20.926357 0.126441
v -2.114692 20.772982 0.318452
v -2.318059 23.527763 -2.147863
v -0.699005 23.944174 -0.719347
v -1.582656 23.677174 -1.513294
v -3.112512 4.187140 -0.515432
v -0.950322 4.063397 -0.186100
v -2.148653 4.089691 -0.378392
v -2.604328 7.958524 1.709314
v -0.783104 7.145383 0.559798
v -1.804040 7.555892 1.180489
v -3.037272 11.264738 -0.974071
v -0.950575 10.528648 -0.338547
v -2.107178 10.911863 -0.710340
v -1.376291 14.185796 1.711816
v -0.669820 13.491915 0.782108
v -1.919416 14.801988 2.481866
v -1.383574 15.933639 -2.912247
v -0.358531 16.491163 -1.014809
v -0.905372 16.163157 -2.067539
v -3.076451 20.588169 0.494214
v -0.948268 20.846743 0.110613
v -2.131981 20.691008 0.301439
v -2.364145 23.449341 -2.138518
v -0.746278 23.867092 -0.708555
v -1.634485 23.596550 -1.503426
v -0.252401 4.137388 -0.086311
v -3.181779 4.066106 -0.755996
v -3.572032 4.258197 -0.575520
v -1.075752 4.315537 0.040158
v -0.802979 3.892136 -0.425367
v -2.117964 3.868390 -0.740633
v -3.013550 4.389078 -0.286390
v -2.145552 4.394691 -0.028526
v -0.193001 7.000913 0.198162
v -2.819487 7.959386 1.574535
v -2.979726 8.177112 1.976458
v -0.720015 7.337323 0.830339
v -0.839191 7.038074 0.280168
v -2.028570 7.481469 0.883225
v -2.367232 8.041773 1.835653
v -1.557709 7.717733 1.468451
v -0.269429 10.395788 -0.113009
v -3.059589 11.429262 -1.221590
v -3.478790 11.449710 -1.091941
v -1.112754 10.520679 -0.114180
v -0.757120 10.620154 -0.556839
v -2.009051 11.108696 -1.067538
v -2.979114 11.182287 -0.719061
v -2.164771 10.800191 -0.345774
v -1.030955 14.120931 1.913338
v -1.635367 14.719287 2.532853
v -1.645036 14.322755 1.504796
v -0.783763 13.505878 0.534949
v -0.490837 13.551105 1.024041
v -2.144616 15.112982 2.864836
v -2.128046 14.952924 2.426004
v -0.227033 13.177376 0.244640
v -0.096802 16.754480 -0.407593
v -1.294829 16.099573 -3.123960
v -1.667613 15.819406 -3.323503
v -0.671203 16.315733 -0.976372
v -0.134572 16.727049 -1.052550
v -0.665191 16.458534 -2.276321
v -1.563414 15.826191 -2.698776
v -1.238828 15.930269 -1.856965
v -0.268087 21.015600 0.021956
v -3.223056 20.844408 0.316305
v -3.530782 20.544971 0.600329
v -1.003682 20.622421 0.376128
v -0.889980 21.150679 -0.139074
v -2.221397 21.103796 -0.015209
v -2.914658 20.410110 0.688893
v -2.025275 20.360189 0.635101
v -0.212112 24.109390 -0.261485
v -2.276500 23.317480 -2.383191
v -2.707640 23.397860 -2.445866
v -0.971537 24.068916 -0.595630
v -0.473745 23.742348 -0.832272
v -1.392269 23.396576 -1.795171
v -2.405704 23.659624 -1.903191
v -1.824872 23.877150 -1.221550
v 0.193699 27.146347 -0.324441
v 0.382740 27.146349 0.002988
v 0.193699 27.146349 0.330416
v -0.184382 27.146349 0.330416
v 0.127090 0.000000 -0.220126
v -0.373423 27.146349 0.002988
v -0.184382 27.146349 -0.324441
v -0.205240 2.359987 -0.311891
v -0.200833 6.802440 -0.250623
v -0.265065 11.344149 -0.345791
v -0.374631 15.859404 -0.570463
v -0.286693 20.306028 -0.591517
v -0.397179 2.359987 0.020557
v -0.392771 6.802439 0.081824
v -0.457004 11.344147 -0.013343
v -0.566570 15.859402 -0.238015
v -0.478631 20.306025 -0.259070
v -0.205240 2.359987 0.353004
v -0.200833 6.802439 0.414272
v -0.265065 11.344147 0.319105
v -0.374631 15.859402 0.094432
v -0.286693 20.306025 0.073378
v 0.178637 2.359987 0.353004
v 0.183044 6.802437 0.414282
v 0.118812 11.344145 0.319115
v 0.009246 15.859402 0.094433
v 0.097184 20.306025 0.073378
v 0.370575 2.359987 0.020557
v 0.374983 6.802437 0.081835
v 0.310750 11.344145 -0.013333
v 0.201185 15.859402 -0.238015
v 0.289123 20.306025 -0.259070
v 0.178637 2.359987 -0.311891
v 0.183045 6.802441 -0.250623
v 0.118812 11.344149 -0.345790
v 0.009246 15.859404 -0.570463
v 0.097184 20.306026 -0.591517
v 3.129817 2.454577 0.342563
v 0.956636 2.054662 0.049221
v 2.133147 2.223660 0.234885
v 2.813445 5.014581 -1.569713
v 0.933453 5.969310 -0.618126
v 1.937569 5.348339 -1.090769
v 2.967939 8.928867 1.093673
v 0.941233 8.314918 0.261364
v 2.034635 8.682031 0.718599
v 3.583308 12.621880 -0.221374
v 1.087788 11.616599 -0.072804
v 2.183660 11.966848 -0.140820
v 2.842061 15.607734 1.410335
v 0.906489 14.832130 0.330589
v 1.930261 15.261165 0.916690
v 2.921760 18.426943 -1.406786
v 0.939160 18.442402 -0.619081
v 2.053020 18.424620 -1.049553
v 3.173596 22.228533 0.682911
v 1.005128 21.781111 0.141454
v 2.160567 21.903315 0.461806
v 1.850973 24.610931 -2.586419
v 0.630797 25.807007 -0.860325
v 1.301858 25.075018 -1.778662
v 3.162445 2.382101 0.355650
v 0.948695 1.985814 0.072169
v 2.119863 2.146194 0.254423
v 2.817815 4.930902 -1.561247
v 0.886407 5.891434 -0.608434
v 1.905891 5.264417 -1.080148
v 2.933696 8.854246 1.108822
v 0.917401 8.238235 0.277502
v 2.020122 8.601075 0.735649
v 3.642349 12.558504 -0.247065
v 1.130767 11.535143 -0.090673
v 2.204164 11.888125 -0.165157
v 2.875929 15.525506 1.412681
v 0.976461 14.760709 0.327365
v 1.993876 15.183373 0.916727
v 2.895426 18.343204 -1.413266
v 0.892324 18.365368 -0.630199
v 2.011011 18.342154 -1.060582
v 3.194974 22.148230 0.696436
v 1.000730 21.695545 0.146680
v 2.181133 21.816683 0.471506
v 1.893949 24.532730 -2.576298
v 0.585241 25.732523 -0.852166
v 1.308187 24.993473 -1.766557
v 0.333638 1.833051 -0.014831
v 3.193684 2.618218 0.574138
v 3.620403 2.670033 0.350002
v 1.150367 1.681276 -0.126217
v 0.754965 2.359200 0.247606
v 2.052415 2.608633 0.555262
v 3.098578 2.218459 0.124075
v 2.200595 1.761221 -0.065954
v 0.368540 6.251990 -0.357515
v 3.072353 5.060413 -1.454886
v 3.246351 4.923674 -1.828608
v 0.933668 5.740488 -0.918984
v 0.886193 6.120258 -0.307576
v 2.148763 5.467838 -0.797467
v 2.558906 4.885068 -1.676074
v 1.694697 5.144918 -1.373450
v 0.320326 8.149191 0.004752
v 3.035281 9.126444 1.368932
v 3.395896 8.911021 1.287487
v 1.094538 8.030066 0.082011
v 0.764097 8.523086 0.456856
v 1.945074 9.005515 1.059079
v 2.866354 8.656668 0.833563
v 2.109683 8.277590 0.395168
v 0.330069 11.185431 -0.061670
v 3.217378 11.833299 -0.022926
v 3.832551 12.694864 -0.248069
v 1.214281 11.850739 -0.367022
v 0.202704 11.165818 0.115147
v 2.288692 11.365161 0.140451
v 3.423883 12.654284 -0.381171
v 2.112757 12.437499 -0.462600
v 0.385487 14.635907 0.009110
v 2.857213 15.606050 1.675683
v 3.298902 15.650632 1.644143
v 1.192670 14.969674 0.165218
v 0.690280 14.623170 0.492736
v 1.773041 15.139049 1.238870
v 2.860777 15.527190 1.147334
v 2.151096 15.305488 0.594547
v 0.275628 18.432446 -0.372864
v 3.156393 18.319847 -1.255417
v 3.323710 18.377338 -1.590961
v 0.918589 18.592396 -0.895501
v 0.912895 18.215376 -0.353778
v 2.193181 18.063587 -0.752627
v 2.660793 18.450300 -1.564635
v 1.870851 18.703182 -1.357508
v 0.332316 21.779621 -0.057336
v 3.293179 22.435266 0.933445
v 3.709887 22.341116 0.797610
v 1.165542 21.663059 -0.086144
v 0.840316 21.813599 0.374278
v 2.115843 22.060581 0.825043
v 3.075391 21.941494 0.445902
v 2.225857 21.659418 0.108269
v 0.202444 26.166317 -0.311279
v 2.152955 24.660421 -2.598406
v 2.156417 24.431639 -3.025310
v 0.450234 25.761772 -1.083753
v 0.765804 25.777760 -0.628738
v 1.639450 25.233377 -1.638225
v 1.591967 24.483238 -2.564312
v 0.970595 24.835110 -1.906993
v -0.199291 24.745523 -0.429495
v -0.391230 24.745523 -0.097047
v -0.199291 24.745523 0.235400
v 0.184586 24.745523 0.235400
v 0.376524 24.745523 -0.097047
v 0.184586 24.745523 -0.429495
v 0.188447 0.094389 -0.326662
v 0.377488 0.094389 0.000766
v 0.188447 0.094389 0.328195
v -0.189635 0.094389 0.328195
v -0.378676 0.094389 0.000766
v -0.189635 0.094389 -0.326662
v 1.032834 11.246875 0.191672
v 0.613135 11.277478 -0.243257
v 0.418729 11.208808 -0.066298
v 0.354416 11.288212 -0.052647
v 2.853644 12.571008 -0.427929
v 3.843802 12.484866 -0.104613
v 3.041220 12.190332 -0.229904
v 3.007187 12.260805 -0.203215
v 3.798628 12.534328 -0.084611
v 2.824350 12.625123 -0.407232
v 0.563471 11.339309 -0.232561
v 0.995630 11.310133 0.204908
v 2.098303 12.497884 -0.443208
v 3.376908 12.703522 -0.361153
v 2.271424 11.426571 0.158711
v 0.152128 11.227700 0.125711
v 1.184990 11.913506 -0.352614
v 3.779799 12.742460 -0.228325
v 3.194020 11.888215 -0.002332
v 0.278164 11.247061 -0.051397
v 3.828391 12.510537 -0.087289
v 2.828959 12.617909 -0.424925
v 0.593534 11.314937 -0.244942
v 1.007577 11.269839 0.211355
v 2.100718 12.495249 -0.464634
v 3.388943 12.686281 -0.375736
v 2.282634 11.376895 0.163965
v 0.164536 11.198614 0.128972
v 1.201604 11.899670 -0.370935
v 3.810301 12.726962 -0.237030
v 3.212027 11.848598 -0.002374
v 0.298289 11.219536 -0.055755
v 0.174084 27.311005 -0.212919
v -0.080095 27.311005 -0.212919
v -0.207185 27.311005 0.007207
v -0.080095 27.311005 0.227333
v 0.174084 27.311005 0.227333
v 0.301174 27.311005 0.007207
v 0.254179 0.000000 -0.000000
v 0.127090 0.000000 0.220126
v -0.127090 0.000000 0.220126
v -0.254180 0.000000 -0.000000
v -0.127090 0.000000 -0.220126
v -3.082816 31.310377 -0.526954
v -0.928408 31.186607 -0.199109
v -2.114864 31.215715 -0.390766
v -2.582391 35.084965 1.700875
v -0.776102 34.272343 0.550708
v -1.782239 34.685635 1.171187
v -3.001431 38.389141 -0.966581
v -0.919298 37.654518 -0.332473
v -2.066644 38.039356 -0.702972
v -1.299701 41.300220 1.706318
v -0.604780 40.607399 0.776881
v -1.843997 41.912552 2.476991
v -1.474669 43.034458 -2.910490
v -0.447245 43.593948 -1.014113
v -0.998647 43.267975 -2.065747
v -3.061264 47.708675 0.510984
v -0.945394 47.968693 0.126441
v -2.114692 47.815311 0.318452
v -2.318059 50.570091 -2.147863
v -0.699005 50.986500 -0.719347
v -1.582656 50.719501 -1.513294
v -3.112512 31.229469 -0.515432
v -0.950322 31.105728 -0.186100
v -2.148653 31.132021 -0.378392
v -2.604328 35.000854 1.709314
v -0.783104 34.187714 0.559798
v -1.804040 34.598221 1.180489
v -3.037272 38.307068 -0.974071
v -0.950575 37.570976 -0.338547
v -2.107178 37.954193 -0.710340
v -1.376291 41.228119 1.711816
v -0.669820 40.534241 0.782108
v -1.919416 41.844322 2.481866
v -1.383574 42.975971 -2.912247
v -0.358531 43.533493 -1.014809
v -0.905372 43.205482 -2.067539
v -3.076451 47.630497 0.494214
v -0.948268 47.889072 0.110613
v -2.131981 47.733337 0.301439
v -2.364145 50.491673 -2.138518
v -0.746278 50.909424 -0.708555
v -1.634485 50.638885 -1.503426
v -0.252401 31.179720 -0.086311
v -3.181779 31.108437 -0.755996
v -3.572032 31.300529 -0.575520
v -1.075752 31.357870 0.040158
v -0.802979 30.934469 -0.425367
v -2.117964 30.910719 -0.740633
v -3.013550 31.431410 -0.286390
v -2.145552 31.437019 -0.028526
v -0.193001 34.043243 0.198162
v -2.819487 35.001717 1.574535
v -2.979726 35.219444 1.976458
v -0.720015 34.379654 0.830339
v -0.839191 34.080406 0.280168
v -2.028570 34.523804 0.883225
v -2.367232 35.084103 1.835653
v -1.557709 34.760063 1.468451
v -0.269429 37.438118 -0.113009
v -3.059589 38.471588 -1.221590
v -3.478790 38.492043 -1.091941
v -1.112754 37.563007 -0.114180
v -0.757120 37.662483 -0.556839
v -2.009051 38.151028 -1.067538
v -2.979114 38.224617 -0.719061
v -2.164771 37.842518 -0.345774
v -1.030955 41.163258 1.913338
v -1.635367 41.761616 2.532853
v -1.645036 41.365078 1.504796
v -0.783763 40.548206 0.534949
v -0.490837 40.593433 1.024041
v -2.144616 42.155315 2.864836
v -2.128046 41.995258 2.426004
v -0.227033 40.219707 0.244640
v -0.096802 43.796814 -0.407593
v -1.294829 43.141903 -3.123960
v -1.667613 42.861736 -3.323503
v -0.671203 43.358063 -0.976372
v -0.134572 43.769382 -1.052550
v -0.665191 43.500866 -2.276321
v -1.563414 42.868526 -2.698776
v -1.238828 42.972603 -1.856965
v -0.268087 48.057934 0.021956
v -3.223056 47.886734 0.316305
v -3.530782 47.587299 0.600329
v -1.003682 47.664753 0.376128
v -0.889980 48.193008 -0.139074
v -2.221397 48.146126 -0.015209
v -2.914658 47.452442 0.688893
v -2.025275 47.402523 0.635101
v -0.212112 51.151718 -0.261485
v -2.276500 50.359810 -2.383191
v -2.707640 50.440193 -2.445866
v -0.971537 51.111248 -0.595630
v -0.473745 50.784687 -0.832272
v -1.392269 50.438900 -1.795171
v -2.405704 50.701958 -1.903191
v -1.824872 50.919483 -1.221550
v 0.193699 54.188679 -0.324441
v 0.382740 54.188679 0.002988
v 0.193699 54.188679 0.330416
v -0.184382 54.188679 0.330416
v 0.127090 27.042324 -0.220126
v -0.373423 54.188679 0.002988
v -0.184382 54.188679 -0.324441
v -0.205240 29.402315 -0.311891
v -0.200833 33.844772 -0.250623
v -0.265065 38.386478 -0.345791
v -0.374631 42.901730 -0.570463
v -0.286693 47.348358 -0.591517
v -0.397179 29.402317 0.020557
v -0.392771 33.844772 0.081824
v -0.457004 38.386475 -0.013343
v -0.566570 42.901730 -0.238015
v -0.478631 47.348358 -0.259070
v -0.205240 29.402317 0.353004
v -0.200833 33.844772 0.414272
v -0.265065 38.386475 0.319105
v -0.374631 42.901730 0.094432
v -0.286693 47.348358 0.073378
v 0.178637 29.402317 0.353004
v 0.183044 33.844769 0.414282
v 0.118812 38.386475 0.319115
v 0.009246 42.901730 0.094433
v 0.097184 47.348358 0.073378
v 0.370575 29.402317 0.020557
v 0.374983 33.844769 0.081835
v 0.310750 38.386475 -0.013333
v 0.201185 42.901730 -0.238015
v 0.289123 47.348358 -0.259070
v 0.178637 29.402317 -0.311891
v 0.183045 33.844772 -0.250623
v 0.118812 38.386478 -0.345790
v 0.009246 42.901733 -0.570463
v 0.097184 47.348358 -0.591517
v 3.129817 29.496908 0.342563
v 0.956636 29.096992 0.049221
v 2.133147 29.265989 0.234885
v 2.813445 32.056911 -1.569713
v 0.933453 33.011642 -0.618126
v 1.937569 32.390667 -1.090769
v 2.967939 35.971195 1.093673
v 0.941233 35.357246 0.261364
v 2.034635 35.724361 0.718599
v 3.583308 39.664211 -0.221374
v 1.087788 38.658932 -0.072804
v 2.183660 39.009178 -0.140820
v 2.842061 42.650059 1.410335
v 0.906489 41.874458 0.330589
v 1.930261 42.303497 0.916690
v 2.921760 45.469276 -1.406786
v 0.939160 45.484726 -0.619081
v 2.053020 45.466946 -1.049553
v 3.173596 49.270863 0.682911
v 1.005128 48.823441 0.141454
v 2.160567 48.945644 0.461806
v 1.850973 51.653263 -2.586419
v 0.630797 52.849335 -0.860325
v 1.301858 52.117344 -1.778662
v 3.162445 29.424429 0.355650
v 0.948695 29.028147 0.072169
v 2.119863 29.188526 0.254423
v 2.817815 31.973234 -1.561247
v 0.886407 32.933765 -0.608434
v 1.905891 32.306744 -1.080148
v 2.933696 35.896576 1.108822
v 0.917401 35.280567 0.277502
v 2.020122 35.643406 0.735649
v 3.642349 39.600838 -0.247065
v 1.130767 38.577473 -0.090673
v 2.204164 38.930450 -0.165157
v 2.875929 42.567837 1.412681
v 0.976461 41.803040 0.327365
v 1.993876 42.225704 0.916727
v 2.895426 45.385532 -1.413266
v 0.892324 45.407703 -0.630199
v 2.011011 45.384483 -1.060582
v 3.194974 49.190563 0.696436
v 1.000730 48.737877 0.146680
v 2.181133 48.859016 0.471506
v 1.893949 51.575062 -2.576298
v 0.585241 52.774849 -0.852166
v 1.308187 52.035793 -1.766557
v 0.333638 28.875381 -0.014831
v 3.193684 29.660547 0.574138
v 3.620403 29.712364 0.350002
v 1.150367 28.723606 -0.126217
v 0.754965 29.401529 0.247606
v 2.052415 29.650963 0.555262
v 3.098578 29.260788 0.124075
v 2.200595 28.803551 -0.065954
v 0.368540 33.294323 -0.357515
v 3.072353 32.102741 -1.454886
v 3.246351 31.966005 -1.828608
v 0.933668 32.782818 -0.918984
v 0.886193 33.162590 -0.307576
v 2.148763 32.510166 -0.797467
v 2.558906 31.927399 -1.676074
v 1.694697 32.187252 -1.373450
v 0.320326 35.191525 0.004752
v 3.035281 36.168777 1.368932
v 3.395896 35.953354 1.287487
v 1.094538 35.072395 0.082011
v 0.764097 35.565418 0.456856
v 1.945074 36.047844 1.059079
v 2.866354 35.698997 0.833563
v 2.109683 35.319923 0.395168
v 0.330069 38.227757 -0.061670
v 3.217378 38.875633 -0.022926
v 3.832551 39.737198 -0.248069
v 1.214281 38.893070 -0.367022
v 0.202704 38.208149 0.115147
v 2.288692 38.407490 0.140451
v 3.423883 39.696617 -0.381171
v 2.112757 39.479824 -0.462600
v 0.385487 41.678238 0.009110
v 2.857213 42.648376 1.675683
v 3.298902 42.692966 1.644143
v 1.192670 42.012001 0.165218
v 0.690280 41.665501 0.492736
v 1.773041 42.181381 1.238870
v 2.860777 42.569523 1.147334
v 2.151096 42.347820 0.594547
v 0.275628 45.474777 -0.372864
v 3.156393 45.362179 -1.255417
v 3.323710 45.419670 -1.590961
v 0.918589 45.634724 -0.895501
v 0.912895 45.257710 -0.353778
v 2.193181 45.105915 -0.752627
v 2.660793 45.492630 -1.564635
v 1.870851 45.745514 -1.357508
v 0.332316 48.821953 -0.057336
v 3.293179 49.477596 0.933445
v 3.709887 49.383453 0.797610
v 1.165542 48.705387 -0.086144
v 0.840316 48.855930 0.374278
v 2.115843 49.102909 0.825043
v 3.075391 48.983829 0.445902
v 2.225857 48.701748 0.108269
v 0.202444 53.208645 -0.311279
v 2.152955 51.702755 -2.598406
v 2.156417 51.473976 -3.025310
v 0.450234 52.804104 -1.083753
v 0.765804 52.820087 -0.628738
v 1.639450 52.275703 -1.638225
v 1.591967 51.525574 -2.564312
v 0.970595 51.877441 -1.906993
v -0.199291 51.787853 -0.429495
v -0.391230 51.787853 -0.097047
v -0.199291 51.787853 0.235400
v 0.184586 51.787853 0.235400
v 0.376524 51.787853 -0.097047
v 0.184586 51.787853 -0.429495
v 0.188447 27.136719 -0.326662
v 0.377488 27.136719 0.000766
v 0.188447 27.136719 0.328195
v -0.189635 27.136719 0.328195
v -0.378676 27.136719 0.000766
v -0.189635 27.136719 -0.326662
v 1.032834 38.289207 0.191672
v 0.613135 38.319813 -0.243257
v 0.418729 38.251133 -0.066298
v 0.354416 38.330544 -0.052647
v 2.853644 39.613338 -0.427929
v 3.843802 39.527203 -0.104613
v 3.041220 39.232666 -0.229904
v 3.007187 39.303135 -0.203215
v 3.798628 39.576656 -0.084611
v 2.824350 39.667454 -0.407232
v 0.563471 38.381638 -0.232561
v 0.995630 38.352463 0.204908
v 2.098303 39.540215 -0.443208
v 3.376908 39.745850 -0.361153
v 2.271424 38.468903 0.158711
v 0.152128 38.270031 0.125711
v 1.184990 38.955833 -0.352614
v 3.779799 39.784790 -0.228325
v 3.194020 38.930538 -0.002332
v 0.278164 38.289387 -0.051397
v 3.828391 39.552868 -0.087289
v 2.828959 39.660240 -0.424925
v 0.593534 38.357265 -0.244942
v 1.007577 38.312164 0.211355
v 2.100718 39.537575 -0.464634
v 3.388943 39.728607 -0.375736
v 2.282634 38.419220 0.163965
v 0.164536 38.240948 0.128972
v 1.201604 38.941998 -0.370935
v 3.810301 39.769295 -0.237030
v 3.212027 38.890930 -0.002374
v 0.298289 38.261864 -0.055755
v 0.174084 54.353340 -0.212919
v -0.080095 54.353333 -0.212919
v -0.207185 54.353340 0.007207
v -0.080095 54.353340 0.227333
v 0.174084 54.353340 0.227333
v 0.301174 54.353340 0.007207
v 0.254179 27.042326 -0.000000
v 0.127090 27.042328 0.220126
v -0.127090 27.042328 0.220126
v -0.254180 27.042328 -0.000000
v -0.127090 27.042328 -0.220126
v -3.082816 58.352707 -0.526954
v -0.928408 58.228939 -0.199109
v -2.114864 58.258049 -0.390766
v -2.582391 62.127296 1.700875
v -0.776102 61.314674 0.550708
v -1.782239 61.727974 1.171187
v -3.001431 65.431473 -0.966581
v -0.919298 64.696846 -0.332473
v -2.066644 65.081688 -0.702972
v -1.299701 68.342545 1.706318
v -0.604780 67.649727 0.776881
v -1.843997 68.954887 2.476991
v -1.474669 70.076782 -2.910490
v -0.447245 70.636276 -1.014113
v -0.998647 70.310318 -2.065747
v -3.061264 74.751007 0.510984
v -0.945394 75.011017 0.126441
v -2.114692 74.857651 0.318452
v -2.318059 77.612419 -2.147863
v -0.699005 78.028831 -0.719347
v -1.582656 77.761841 -1.513294
v -3.112512 58.271797 -0.515432
v -0.950322 58.148060 -0.186100
v -2.148653 58.174351 -0.378392
v -2.604328 62.043190 1.709314
v -0.783104 61.230045 0.559798
v -1.804040 61.640553 1.180489
v -3.037272 65.349403 -0.974071
v -0.950575 64.613312 -0.338547
v -2.107178 64.996521 -0.710340
v -1.376291 68.270454 1.711816
v -0.669820 67.576576 0.782108
v -1.919416 68.886642 2.481866
v -1.383574 70.018295 -2.912247
v -0.358531 70.575821 -1.014809
v -0.905372 70.247818 -2.067539
v -3.076451 74.672829 0.494214
v -0.948268 74.931404 0.110613
v -2.131981 74.775665 0.301439
v -2.364145 77.533997 -2.138518
v -0.746278 77.951752 -0.708555
v -1.634485 77.681213 -1.503426
v -0.252401 58.222050 -0.086311
v -3.181779 58.150768 -0.755996
v -3.572032 58.342857 -0.575520
v -1.075752 58.400204 0.040158
v -0.802979 57.976791 -0.425367
v -2.117964 57.953053 -0.740633
v -3.013550 58.473740 -0.286390
v -2.145552 58.479355 -0.028526
v -0.193001 61.085579 0.198162
v -2.819487 62.044048 1.574535
v -2.979726 62.261772 1.976458
v -0.720015 61.421989 0.830339
v -0.839191 61.122734 0.280168
v -2.028570 61.566135 0.883225
v -2.367232 62.126438 1.835653
v -1.557709 61.802395 1.468451
v -0.269429 64.480446 -0.113009
v -3.059589 65.513916 -1.221590
v -3.478790 65.534370 -1.091941
v -1.112754 64.605339 -0.114180
v -0.757120 64.704811 -0.556839
v -2.009051 65.193359 -1.067538
v -2.979114 65.266945 -0.719061
v -2.164771 64.884850 -0.345774
v -1.030955 68.205597 1.913338
v -1.635367 68.803955 2.532853
v -1.645036 68.407417 1.504796
v -0.783763 67.590538 0.534949
v -0.490837 67.635750 1.024041
v -2.144616 69.197647 2.864836
v -2.128046 69.037582 2.426004
v -0.227033 67.262039 0.244640
v -0.096802 70.839149 -0.407593
v -1.294829 70.184227 -3.123960
v -1.667613 69.904068 -3.323503
v -0.671203 70.400398 -0.976372
v -0.134572 70.811707 -1.052550
v -0.665191 70.543198 -2.276321
v -1.563414 69.910851 -2.698776
v -1.238828 70.014931 -1.856965
v -0.268087 75.100266 0.021956
v -3.223056 74.929062 0.316305
v -3.530782 74.629639 0.600329
v -1.003682 74.707069 0.376128
v -0.889980 75.235336 -0.139074
v -2.221397 75.188454 -0.015209
v -2.914658 74.494766 0.688893
v -2.025275 74.444839 0.635101
v -0.212112 78.194046 -0.261485
v -2.276500 77.402145 -2.383191
v -2.707640 77.482536 -2.445866
v -0.971537 78.153572 -0.595630
v -0.473745 77.827011 -0.832272
v -1.392269 77.481239 -1.795171
v -2.405704 77.744286 -1.903191
v -1.824872 77.961807 -1.221550
v 0.193699 81.231026 -0.324441
v 0.382740 81.231026 0.002988
v 0.193699 81.231026 0.330416
v -0.184382 81.231026 0.330416
v 0.127090 54.084648 -0.220126
v -0.373423 81.231026 0.002988
v -0.184382 81.231026 -0.324441
v -0.205240 56.444649 -0.311891
v -0.200833 60.887108 -0.250623
v -0.265065 65.428810 -0.345791
v -0.374631 69.944069 -0.570463
v -0.286693 74.390686 -0.591517
v -0.397179 56.444645 0.020557
v -0.392771 60.887100 0.081824
v -0.457004 65.428810 -0.013343
v -0.566570 69.944061 -0.238015
v -0.478631 74.390686 -0.259070
v -0.205240 56.444645 0.353004
v -0.200833 60.887100 0.414272
v -0.265065 65.428818 0.319105
v -0.374631 69.944061 0.094432
v -0.286693 74.390686 0.073378
v 0.178637 56.444645 0.353004
v 0.183044 60.887096 0.414282
v 0.118812 65.428810 0.319115
v 0.009246 69.944061 0.094433
v 0.097184 74.390686 0.073378
v 0.370575 56.444649 0.020557
v 0.374983 60.887096 0.081835
v 0.310750 65.428810 -0.013333
v 0.201185 69.944061 -0.238015
v 0.289123 74.390686 -0.259070
v 0.178637 56.444645 -0.311891
v 0.183045 60.887100 -0.250623
v 0.118812 65.428810 -0.345790
v 0.009246 69.944061 -0.570463
v 0.097184 74.390694 -0.591517
v 3.129817 56.539242 0.342563
v 0.956636 56.139320 0.049221
v 2.133147 56.308327 0.234885
v 2.813445 59.099243 -1.569713
v 0.933453 60.053970 -0.618126
v 1.937569 59.432999 -1.090769
v 2.967939 63.013527 1.093673
v 0.941233 62.399570 0.261364
v 2.034635 62.766689 0.718599
v 3.583308 66.706543 -0.221374
v 1.087788 65.701256 -0.072804
v 2.183660 66.051498 -0.140820
v 2.842061 69.692398 1.410335
v 0.906489 68.916786 0.330589
v 1.930261 69.345833 0.916690
v 2.921760 72.511597 -1.406786
v 0.939160 72.527061 -0.619081
v 2.053020 72.509277 -1.049553
v 3.173596 76.313194 0.682911
v 1.005128 75.865768 0.141454
v 2.160567 75.987968 0.461806
v 1.850973 78.695595 -2.586419
v 0.630797 79.891663 -0.860325
v 1.301858 79.159668 -1.778662
v 3.162445 56.466759 0.355650
v 0.948695 56.070473 0.072169
v 2.119863 56.230854 0.254423
v 2.817815 59.015560 -1.561247
v 0.886407 59.976089 -0.608434
v 1.905891 59.349083 -1.080148
v 2.933696 62.938904 1.108822
v 0.917401 62.322899 0.277502
v 2.020122 62.685726 0.735649
v 3.642349 66.643166 -0.247065
v 1.130767 65.619804 -0.090673
v 2.204164 65.972778 -0.165157
v 2.875929 69.610161 1.412681
v 0.976461 68.845383 0.327365
v 1.993876 69.268036 0.916727
v 2.895426 72.427864 -1.413266
v 0.892324 72.450035 -0.630199
v 2.011011 72.426811 -1.060582
v 3.194974 76.232895 0.696436
v 1.000730 75.780197 0.146680
v 2.181133 75.901337 0.471506
v 1.893949 78.617393 -2.576298
v 0.585241 79.817184 -0.852166
v 1.308187 79.078133 -1.766557
v 0.333638 55.917709 -0.014831
v 3.193684 56.702877 0.574138
v 3.620403 56.754692 0.350002
v 1.150367 55.765934 -0.126217
v 0.754965 56.443859 0.247606
v 2.052415 56.693295 0.555262
v 3.098578 56.303120 0.124075
v 2.200595 55.845886 -0.065954
v 0.368540 60.336647 -0.357515
v 3.072353 59.145073 -1.454886
v 3.246351 59.008335 -1.828608
v 0.933668 59.825150 -0.918984
v 0.886193 60.204918 -0.307576
v 2.148763 59.552498 -0.797467
v 2.558906 58.969730 -1.676074
v 1.694697 59.229580 -1.373450
v 0.320326 62.233849 0.004752
v 3.035281 63.211105 1.368932
v 3.395896 62.995682 1.287487
v 1.094538 62.114723 0.082011
v 0.764097 62.607750 0.456856
v 1.945074 63.090172 1.059079
v 2.866354 62.741325 0.833563
v 2.109683 62.362251 0.395168
v 0.330069 65.270088 -0.061670
v 3.217378 65.917961 -0.022926
v 3.832551 66.779526 -0.248069
v 1.214281 65.935394 -0.367022
v 0.202704 65.250473 0.115147
v 2.288692 65.449821 0.140451
v 3.423883 66.738945 -0.381171
v 2.112757 66.522156 -0.462600
v 0.385487 68.720573 0.009110
v 2.857213 69.690704 1.675683
v 3.298902 69.735291 1.644143
v 1.192670 69.054344 0.165218
v 0.690280 68.707832 0.492736
v 1.773041 69.223709 1.238870
v 2.860777 69.611855 1.147334
v 2.151096 69.390160 0.594547
v 0.275628 72.517105 -0.372864
v 3.156393 72.404510 -1.255417
v 3.323710 72.462006 -1.590961
v 0.918589 72.677055 -0.895501
v 0.912895 72.300041 -0.353778
v 2.193181 72.148247 -0.752627
v 2.660793 72.534966 -1.564635
v 1.870851 72.787842 -1.357508
v 0.332316 75.864288 -0.057336
v 3.293179 76.519928 0.933445
v 3.709887 76.425781 0.797610
v 1.165542 75.747711 -0.086144
v 0.840316 75.898262 0.374278
v 2.115843 76.145226 0.825043
v 3.075391 76.026161 0.445902
v 2.225857 75.744080 0.108269
v 0.202444 80.250969 -0.311279
v 2.152955 78.745087 -2.598406
v 2.156417 78.516296 -3.025310
v 0.450234 79.846428 -1.083753
v 0.765804 79.862419 -0.628738
v 1.639450 79.318039 -1.638225
v 1.591967 78.567902 -2.564312
v 0.970595 78.919762 -1.906993
v -0.199291 78.830193 -0.429495
v -0.391230 78.830193 -0.097047
v -0.199291 78.830193 0.235400
v 0.184586 78.830193 0.235400
v 0.376524 78.830193 -0.097047
v 0.184586 78.830185 -0.429495
v 0.188447 54.179047 -0.326662
v 0.377488 54.179047 0.000766
v 0.188447 54.179047 0.328195
v -0.189635 54.179047 0.328195
v -0.378676 54.179047 0.000766
v -0.189635 54.179047 -0.326662
v 1.032834 65.331535 0.191672
v 0.613135 65.362144 -0.243257
v 0.418729 65.293472 -0.066298
v 0.354416 65.372871 -0.052647
v 2.853644 66.655678 -0.427929
v 3.843802 66.569527 -0.104613
v 3.041220 66.274986 -0.229904
v 3.007187 66.345467 -0.203215
v 3.798628 66.618988 -0.084611
v 2.824350 66.709793 -0.407232
v 0.563471 65.423958 -0.232561
v 0.995630 65.394791 0.204908
v 2.098303 66.582542 -0.443208
v 3.376908 66.788185 -0.361153
v 2.271424 65.511230 0.158711
v 0.152128 65.312363 0.125711
v 1.184990 65.998169 -0.352614
v 3.779799 66.827126 -0.228325
v 3.194020 65.972870 -0.002332
v 0.278164 65.331718 -0.051397
v 3.828391 66.595192 -0.087289
v 2.828959 66.702576 -0.424925
v 0.593534 65.399597 -0.244942
v 1.007577 65.354500 0.211355
v 2.100718 66.579910 -0.464634
v 3.388943 66.770943 -0.375736
v 2.282634 65.461563 0.163965
v 0.164536 65.283279 0.128972
v 1.201604 65.984322 -0.370935
v 3.810301 66.811630 -0.237030
v 3.212027 65.933266 -0.002374
v 0.298289 65.304192 -0.055755
v 0.174084 81.395660 -0.212919
v -0.080095 81.395660 -0.212919
v -0.207185 81.395660 0.007207
v -0.080095 81.395660 0.227333
v 0.174084 81.395660 0.227333
v 0.301174 81.395660 0.007207
v 0.254179 54.084652 -0.000000
v 0.127090 54.084656 0.220126
v -0.127090 54.084656 0.220126
v -0.254180 54.084656 -0.000000
v -0.127090 54.084656 -0.220126
vn 0.1427 0.7634 -0.6300
vn 0.0973 0.7801 -0.6181
vn 0.0785 0.8415 -0.5346
vn 0.1358 0.8158 -0.5621
vn 0.1074 0.7192 -0.6865
vn 0.1075 0.7624 -0.6381
vn 0.0754 0.8065 -0.5864
vn 0.0705 0.7682 -0.6364
vn 0.1493 0.7792 -0.6088
vn 0.1723 0.7676 -0.6174
vn 0.1827 0.8085 -0.5595
vn 0.1459 0.8198 -0.5538
vn 0.0719 0.8629 -0.5002
vn 0.0506 0.8867 -0.4596
vn 0.1204 0.9252 -0.3598
vn 0.1354 0.8950 -0.4250
vn -0.0158 0.8401 -0.5422
vn 0.0391 0.8718 -0.4883
vn 0.0682 0.9081 -0.4131
vn 0.0112 0.8855 -0.4645
vn 0.1003 0.8703 -0.4821
vn 0.1066 0.8563 -0.5053
vn 0.1702 0.8756 -0.4520
vn 0.1514 0.8934 -0.4229
vn 0.2161 0.9098 0.3542
vn 0.1592 0.9138 0.3736
vn 0.1062 0.8706 0.4804
vn 0.1756 0.8757 0.4498
vn 0.2087 0.9440 0.2556
vn 0.1818 0.9217 0.3428
vn 0.1229 0.8997 0.4188
vn 0.1393 0.9276 0.3466
vn 0.2127 0.8975 0.3863
vn 0.2426 0.8961 0.3716
vn 0.2235 0.8644 0.4505
vn 0.1825 0.8693 0.4593
vn 0.4402 0.8333 -0.3344
vn 0.4342 0.8249 -0.3620
vn 0.5140 0.8019 -0.3047
vn 0.5126 0.8151 -0.2699
vn 0.3194 0.8678 -0.3808
vn 0.3920 0.8593 -0.3286
vn 0.4605 0.8543 -0.2412
vn 0.3965 0.8721 -0.2866
vn 0.4117 0.8414 -0.3500
vn 0.4148 0.8601 -0.2968
vn 0.5205 0.8333 -0.1864
vn 0.5045 0.8214 -0.2662
vn -0.5790 0.8118 0.0757
vn -0.6155 0.7871 0.0405
vn -0.7066 0.6992 0.1083
vn -0.6551 0.7431 0.1369
vn -0.5387 0.8425 0.0011
vn -0.5894 0.8067 0.0433
vn -0.6638 0.7439 0.0774
vn -0.6297 0.7757 0.0416
vn -0.5946 0.7977 0.1006
vn -0.5747 0.8107 0.1121
vn -0.6293 0.7578 0.1722
vn -0.6516 0.7438 0.1489
vn 0.0469 0.6991 0.7135
vn 0.0115 0.6815 0.7317
vn 0.0233 0.6236 0.7814
vn 0.0609 0.6499 0.7575
vn -0.0083 0.7412 0.6712
vn 0.0123 0.6994 0.7146
vn 0.0035 0.6562 0.7546
vn -0.0200 0.6915 0.7221
vn 0.0590 0.6844 0.7267
vn 0.0769 0.6950 0.7148
vn 0.1002 0.6560 0.7481
vn 0.0711 0.6463 0.7598
vn 0.2816 0.7900 -0.5447
vn 0.2288 0.7983 -0.5571
vn 0.1494 0.8550 -0.4967
vn 0.2217 0.8423 -0.4912
vn 0.2935 0.7400 -0.6052
vn 0.2542 0.7829 -0.5678
vn 0.1834 0.8217 -0.5396
vn 0.2160 0.7851 -0.5805
vn 0.2710 0.8073 -0.5243
vn 0.3000 0.7997 -0.5200
vn 0.2645 0.8442 -0.4662
vn 0.2251 0.8480 -0.4799
vn -0.1507 -0.8128 0.5627
vn -0.1533 -0.7602 0.6313
vn -0.1514 -0.7610 0.6308
vn -0.1556 -0.8211 0.5492
vn -0.0584 -0.7623 0.6445
vn -0.0421 -0.7028 0.7101
vn -0.0769 -0.7597 0.6457
vn -0.0902 -0.8077 0.5826
vn -0.1422 -0.8199 0.5545
vn -0.1513 -0.7790 0.6084
vn -0.1897 -0.7644 0.6162
vn -0.1712 -0.8103 0.5604
vn -0.1450 -0.8889 0.4346
vn -0.0781 -0.8579 0.5079
vn -0.0767 -0.8592 0.5058
vn -0.1609 -0.8911 0.4242
vn 0.0076 -0.8844 0.4667
vn 0.0983 -0.8424 0.5298
vn -0.0062 -0.8782 0.4783
vn -0.0830 -0.9044 0.4186
vn -0.1479 -0.8951 0.4206
vn -0.1021 -0.8698 0.4828
vn -0.1199 -0.8490 0.5147
vn -0.1614 -0.8809 0.4449
vn -0.1915 -0.8730 -0.4486
vn -0.2292 -0.9078 -0.3513
vn -0.2276 -0.9080 -0.3518
vn -0.1910 -0.8649 -0.4642
vn -0.1288 -0.9344 -0.3323
vn -0.1420 -0.9689 -0.2028
vn -0.1507 -0.9319 -0.3300
vn -0.1368 -0.8951 -0.4243
vn -0.1791 -0.8704 -0.4586
vn -0.2148 -0.8969 -0.3867
vn -0.2614 -0.8909 -0.3714
vn -0.2119 -0.8674 -0.4502
vn -0.5112 -0.8170 0.2668
vn -0.4410 -0.8325 0.3354
vn -0.4387 -0.8163 0.3758
vn -0.5115 -0.8067 0.2961
vn -0.3741 -0.8832 0.2830
vn -0.2507 -0.9035 0.3476
vn -0.3709 -0.8758 0.3090
vn -0.4678 -0.8480 0.2490
vn -0.5074 -0.8144 0.2816
vn -0.4125 -0.8361 0.3616
vn -0.4121 -0.8351 0.3643
vn -0.5238 -0.8048 0.2792
vn 0.6442 -0.7498 -0.1509
vn 0.5699 -0.8172 -0.0863
vn 0.5644 -0.8207 -0.0888
vn 0.6449 -0.7449 -0.1712
vn 0.6290 -0.7774 -0.0037
vn 0.5426 -0.8343 0.0978
vn 0.5974 -0.8019 -0.0078
vn 0.6608 -0.7456 -0.0869
vn 0.6530 -0.7433 -0.1455
vn 0.5939 -0.7980 -0.1025
vn 0.5650 -0.8150 -0.1282
vn 0.6344 -0.7554 -0.1641
vn -0.0728 -0.6527 -0.7541
vn -0.0556 -0.7021 -0.7099
vn -0.0539 -0.7011 -0.7111
vn -0.0800 -0.6448 -0.7602
vn 0.0339 -0.6957 -0.7175
vn 0.0839 -0.7484 -0.6579
vn 0.0182 -0.6997 -0.7142
vn -0.0170 -0.6564 -0.7542
vn -0.0678 -0.6461 -0.7602
vn -0.0606 -0.6844 -0.7265
vn -0.0927 -0.6973 -0.7108
vn -0.0903 -0.6546 -0.7506
vn -0.2364 -0.8423 0.4844
vn -0.2937 -0.7886 0.5402
vn -0.2941 -0.7884 0.5404
vn -0.2322 -0.8511 0.4708
vn -0.2099 -0.7762 0.5945
vn -0.2498 -0.7116 0.6567
vn -0.2311 -0.7747 0.5886
vn -0.1939 -0.8256 0.5299
vn -0.2221 -0.8474 0.4823
vn -0.2727 -0.8075 0.5230
vn -0.3164 -0.7997 0.5102
vn -0.2541 -0.8438 0.4726
vn 0.2322 0.6526 -0.7212
vn 0.1960 0.8366 -0.5115
vn 0.0399 -0.5429 0.8389
vn 0.0614 -0.7252 0.6858
vn 0.0382 0.5934 -0.8040
vn 0.1112 0.6185 -0.7779
vn -0.1833 -0.9384 0.2931
vn -0.2474 -0.9544 0.1673
vn -0.1663 0.9403 -0.2969
vn -0.0919 0.7782 -0.6213
vn -0.3612 -0.8039 0.4726
vn -0.3330 -0.6012 0.7265
vn 0.0794 0.9499 -0.3023
vn 0.0591 0.9312 -0.3597
vn -0.0526 -0.6149 0.7869
vn 0.0018 -0.5034 0.8640
vn 0.1672 0.6250 -0.7625
vn 0.2015 0.5524 -0.8089
vn 0.0457 -0.9255 0.3760
vn -0.0367 -0.9297 0.3665
vn 0.1522 0.6420 -0.7514
vn 0.1652 0.6539 -0.7383
vn -0.1091 -0.9292 0.3532
vn -0.1662 -0.9249 0.3420
vn 0.0449 0.9574 -0.2852
vn -0.0986 0.9904 -0.0970
vn -0.2362 -0.5172 0.8226
vn -0.2051 -0.5894 0.7814
vn 0.1286 0.9286 -0.3480
vn 0.1443 0.9274 -0.3450
vn -0.2294 -0.6241 0.7469
vn -0.1613 -0.6543 0.7388
vn 0.0284 0.7535 -0.6568
vn 0.2144 0.8835 -0.4165
vn 0.3524 -0.6984 0.6230
vn 0.1653 -0.8855 0.4341
vn -0.2137 0.7549 -0.6200
vn -0.1186 0.7626 -0.6359
vn -0.3873 -0.9022 0.1900
vn -0.5010 -0.8561 0.1265
vn 0.1268 0.9905 0.0527
vn -0.1184 0.9323 -0.3416
vn -0.3428 -0.8092 0.4772
vn -0.0814 -0.7006 0.7089
vn 0.3092 0.9408 -0.1392
vn 0.2583 0.9505 -0.1728
vn 0.1828 -0.7662 0.6161
vn 0.3463 -0.6566 0.6701
vn -0.0595 0.7502 -0.6585
vn -0.0991 0.6742 -0.7318
vn -0.1637 -0.9793 0.1193
vn -0.2330 -0.9582 0.1663
vn -0.0540 0.7720 -0.6333
vn -0.0292 0.7773 -0.6284
vn -0.2932 -0.9350 0.1996
vn -0.3393 -0.9135 0.2244
vn 0.3066 0.9482 -0.0828
vn 0.3278 0.9266 0.1845
vn 0.0919 -0.6553 0.7497
vn 0.0557 -0.7192 0.6925
vn 0.3132 0.9274 -0.2045
vn 0.3255 0.9220 -0.2097
vn -0.0067 -0.7395 0.6731
vn 0.0312 -0.7793 0.6259
vn 0.3920 0.9060 0.1597
vn 0.2150 0.8348 0.5068
vn -0.1011 -0.9716 0.2138
vn -0.0064 -0.9717 -0.2361
vn 0.1854 0.9797 -0.0769
vn 0.2701 0.9627 0.0135
vn -0.1314 -0.7363 -0.6638
vn -0.1527 -0.6749 -0.7219
vn -0.1507 0.7646 0.6266
vn -0.0501 0.9388 0.3408
vn -0.3677 -0.7738 -0.5158
vn -0.5314 -0.8427 -0.0863
vn 0.0459 0.7538 0.6555
vn 0.0412 0.7822 0.6217
vn -0.2016 -0.9794 0.0121
vn -0.1728 -0.9332 0.3151
vn 0.3400 0.9389 0.0530
vn 0.4269 0.8975 -0.1104
vn 0.0425 -0.7998 -0.5987
vn -0.0247 -0.7878 -0.6154
vn 0.3068 0.9477 0.0882
vn 0.3162 0.9409 0.1215
vn -0.0832 -0.7734 -0.6284
vn -0.1294 -0.7607 -0.6361
vn 0.0182 0.7493 0.6620
vn -0.1108 0.6789 0.7258
vn -0.4844 -0.8546 0.1869
vn -0.4044 -0.9144 0.0187
vn 0.0985 0.7684 0.6323
vn 0.1123 0.7651 0.6341
vn -0.4053 -0.9106 -0.0807
vn -0.3106 -0.9428 -0.1212
vn 0.7194 0.6938 -0.0328
vn 0.7241 0.6893 -0.0223
vn -0.2416 -0.7971 0.5535
vn -0.2409 -0.8403 0.4857
vn 0.7423 0.6585 0.1237
vn 0.7623 0.5225 0.3819
vn -0.1056 -0.7729 0.6257
vn -0.1778 -0.8055 0.5653
vn 0.2184 0.8432 -0.4913
vn 0.2414 0.8376 -0.4901
vn -0.7077 -0.7062 0.0218
vn -0.7352 -0.6755 0.0569
vn 0.1945 0.8316 -0.5202
vn 0.1001 0.7928 -0.6012
vn -0.6534 -0.7470 -0.1228
vn -0.6815 -0.7310 -0.0360
vn 0.7936 0.6050 0.0644
vn 0.7147 0.6994 0.0105
vn -0.1101 -0.8918 0.4389
vn 0.0998 -0.8744 0.4749
vn 0.6147 0.7335 0.2900
vn 0.3185 0.9408 -0.1159
vn -0.6279 -0.6599 0.4128
vn -0.2782 -0.7305 0.6237
vn 0.0876 0.8901 -0.4473
vn 0.1616 0.8602 -0.4837
vn -0.7811 -0.6238 0.0278
vn -0.8658 -0.5003 -0.0054
vn 0.2816 0.7942 -0.5385
vn 0.6381 0.7296 -0.2462
vn 0.0762 -0.9006 0.4280
vn -0.2434 -0.9462 0.2133
vn -0.3913 0.9170 0.0772
vn -0.6734 0.6644 0.3242
vn 0.3183 -0.8576 0.4039
vn 0.6589 -0.7295 0.1836
vn -0.3584 0.8966 -0.2600
vn -0.3763 0.9168 -0.1339
vn 0.7793 -0.4988 -0.3794
vn 0.7588 -0.4260 -0.4928
vn -0.9443 0.3282 0.0242
vn -0.6910 0.6907 -0.2130
vn 0.5421 -0.7414 -0.3955
vn 0.3037 -0.9409 -0.1499
vn -0.8211 0.4091 0.3979
vn -0.8139 0.5045 0.2881
vn 0.3875 -0.8969 0.2131
vn 0.2353 -0.8855 0.4007
vn -0.3678 0.9286 -0.0500
vn -0.2505 0.9646 -0.0825
vn 0.8915 -0.4221 -0.1644
vn 0.8391 -0.4970 -0.2212
vn -0.3992 0.9153 -0.0543
vn -0.4108 0.9114 -0.0238
vn 0.8024 -0.5303 -0.2738
vn 0.7765 -0.5389 -0.3264
vn -0.8700 0.4162 0.2645
vn -0.9501 0.1823 0.2530
vn 0.2116 -0.9757 0.0562
vn 0.3100 -0.9502 0.0311
vn -0.7930 0.5349 0.2916
vn -0.8024 0.5231 0.2873
vn 0.3522 -0.9352 -0.0362
vn 0.4124 -0.9105 0.0296
vn 0.0995 0.8080 0.5807
vn 0.1152 0.6324 0.7660
vn 0.3041 -0.8585 -0.4130
vn 0.1695 -0.7008 -0.6930
vn -0.1570 0.8415 0.5169
vn -0.0526 0.8332 0.5504
vn -0.1470 -0.5208 -0.8409
vn -0.2039 -0.4801 -0.8532
vn -0.0825 0.4795 0.8737
vn -0.1549 0.6476 0.7461
vn -0.2545 -0.6280 -0.7354
vn -0.2098 -0.8303 -0.5163
vn 0.0764 0.5155 0.8535
vn 0.0529 0.5349 0.8433
vn 0.1291 -0.8294 -0.5435
vn 0.2885 -0.9004 -0.3256
vn 0.0166 0.8336 0.5521
vn 0.0292 0.9054 0.4235
vn 0.0220 -0.5271 -0.8495
vn -0.0359 -0.5346 -0.8443
vn 0.0077 0.8144 0.5802
vn 0.0272 0.8037 0.5944
vn -0.0873 -0.5376 -0.8387
vn -0.1279 -0.5392 -0.8324
vn 0.0589 0.5013 0.8632
vn 0.0079 0.4199 0.9076
vn -0.0643 -0.9269 -0.3697
vn -0.0498 -0.8641 -0.5009
vn 0.1019 0.5373 0.8372
vn 0.1132 0.5376 0.8356
vn -0.0941 -0.8292 -0.5510
vn -0.0222 -0.8031 -0.5955
vn 0.4647 0.6883 -0.5570
vn 0.2417 0.8788 -0.4115
vn -0.2864 -0.5226 0.8030
vn -0.1329 -0.7190 0.6821
vn 0.3359 0.5727 -0.7478
vn 0.3839 0.6144 -0.6893
vn -0.0939 -0.9601 0.2633
vn -0.0796 -0.9869 0.1403
vn -0.1681 0.8894 -0.4252
vn 0.0640 0.7617 -0.6447
vn -0.3896 -0.8733 0.2924
vn -0.6020 -0.6140 0.5106
vn 0.0138 0.9429 -0.3327
vn 0.0263 0.9259 -0.3768
vn -0.3380 -0.6040 0.7218
vn -0.3619 -0.4670 0.8068
vn 0.4356 0.6282 -0.6446
vn 0.5276 0.5400 -0.6558
vn 0.0383 -0.8979 0.4386
vn -0.0147 -0.9207 0.3899
vn 0.4010 0.6488 -0.6467
vn 0.4056 0.6637 -0.6285
vn -0.0649 -0.9369 0.3435
vn -0.1074 -0.9457 0.3068
vn -0.0200 0.9447 -0.3272
vn -0.2056 0.9414 -0.2675
vn -0.5905 -0.4830 0.6465
vn -0.4976 -0.5865 0.6391
vn 0.0790 0.9409 -0.3294
vn 0.0932 0.9432 -0.3190
vn -0.4813 -0.6371 0.6021
vn -0.4005 -0.6636 0.6319
vn 0.2645 0.0400 -0.9635
vn 0.2443 0.2526 -0.9362
vn 0.7028 0.1577 -0.6936
vn 0.7026 0.0180 -0.7113
vn 0.9675 -0.0077 -0.2529
vn 0.9598 0.0951 -0.2640
vn 0.9611 0.0798 0.2643
vn 0.9671 -0.0281 0.2528
vn 0.7022 -0.0396 0.7109
vn 0.7068 0.1181 0.6975
vn 0.2473 0.2007 0.9479
vn 0.2645 -0.0380 0.9636
vn -0.2647 -0.0238 0.9640
vn -0.2413 0.2942 0.9248
vn -0.6587 0.3787 0.6501
vn -0.7028 -0.0018 0.7114
vn -0.0000 -1.0000 -0.0000
vn -0.9672 0.0238 0.2528
vn -0.8715 0.4279 0.2397
vn -0.8662 0.4392 -0.2382
vn -0.9665 0.0443 -0.2526
vn -0.7017 0.0557 -0.7103
vn -0.6490 0.4104 -0.6406
vn -0.2372 0.3421 -0.9092
vn -0.2644 0.0541 -0.9629
vn -0.7017 0.0027 -0.7125
vn -0.7017 0.0081 -0.7124
vn -0.2661 0.0118 -0.9639
vn -0.2662 0.0072 -0.9639
vn -0.7017 0.0129 -0.7124
vn -0.7017 -0.0059 -0.7124
vn -0.2662 -0.0046 -0.9639
vn -0.2661 0.0152 -0.9638
vn -0.7010 -0.0438 -0.7118
vn -0.7005 -0.0595 -0.7112
vn -0.2657 -0.0603 -0.9622
vn -0.2659 -0.0433 -0.9630
vn -0.7010 -0.0452 -0.7117
vn -0.7017 -0.0110 -0.7124
vn -0.2661 -0.0186 -0.9638
vn -0.2659 -0.0484 -0.9628
vn -0.7013 0.0321 -0.7121
vn -0.7009 0.0466 -0.7117
vn -0.2659 0.0405 -0.9631
vn -0.2661 0.0201 -0.9637
vn -0.9678 -0.0074 0.2515
vn -0.9679 -0.0045 0.2515
vn -0.9679 0.0019 -0.2515
vn -0.9679 -0.0029 -0.2515
vn -0.9679 -0.0006 0.2515
vn -0.9679 -0.0038 0.2515
vn -0.9679 -0.0056 -0.2515
vn -0.9678 0.0069 -0.2515
vn -0.9678 -0.0130 0.2514
vn -0.9678 -0.0150 0.2514
vn -0.9670 -0.0424 -0.2512
vn -0.9674 -0.0323 -0.2513
vn -0.9678 -0.0069 0.2515
vn -0.9678 0.0105 0.2514
vn -0.9679 0.0001 -0.2515
vn -0.9674 -0.0295 -0.2514
vn -0.9674 0.0302 0.2513
vn -0.9676 0.0238 0.2514
vn -0.9671 0.0403 -0.2513
vn -0.9672 0.0359 -0.2513
vn -0.2662 -0.0101 0.9639
vn -0.2661 -0.0125 0.9639
vn -0.7017 -0.0099 0.7124
vn -0.7017 -0.0101 0.7124
vn -0.2662 -0.0135 0.9638
vn -0.2662 0.0020 0.9639
vn -0.7017 -0.0010 0.7125
vn -0.7017 -0.0084 0.7124
vn -0.2661 0.0309 0.9635
vn -0.2659 0.0446 0.9630
vn -0.7016 0.0180 0.7123
vn -0.7017 0.0110 0.7124
vn -0.2660 0.0384 0.9632
vn -0.2661 0.0215 0.9637
vn -0.7016 0.0186 0.7123
vn -0.7016 0.0189 0.7123
vn -0.2662 -0.0019 0.9639
vn -0.2661 -0.0229 0.9637
vn -0.7017 -0.0002 0.7125
vn -0.7016 0.0158 0.7124
vn 0.7017 -0.0027 0.7125
vn 0.7017 -0.0081 0.7124
vn 0.2661 -0.0118 0.9639
vn 0.2662 -0.0072 0.9639
vn 0.7016 -0.0129 0.7124
vn 0.7017 0.0058 0.7125
vn 0.2661 0.0046 0.9639
vn 0.2661 -0.0152 0.9638
vn 0.7010 0.0438 0.7118
vn 0.7005 0.0595 0.7112
vn 0.2657 0.0603 0.9622
vn 0.2659 0.0433 0.9630
vn 0.7010 0.0452 0.7117
vn 0.7017 0.0110 0.7124
vn 0.2661 0.0186 0.9638
vn 0.2658 0.0484 0.9628
vn 0.7013 -0.0321 0.7121
vn 0.7009 -0.0466 0.7117
vn 0.2659 -0.0405 0.9631
vn 0.2661 -0.0201 0.9637
vn 0.9678 0.0074 -0.2515
vn 0.9679 0.0045 -0.2515
vn 0.9679 -0.0019 0.2515
vn 0.9679 0.0029 0.2515
vn 0.9679 0.0006 -0.2515
vn 0.9679 0.0038 -0.2515
vn 0.9679 0.0056 0.2515
vn 0.9678 -0.0069 0.2515
vn 0.9678 0.0130 -0.2514
vn 0.9678 0.0150 -0.2514
vn 0.9670 0.0424 0.2512
vn 0.9674 0.0323 0.2513
vn 0.9678 0.0069 -0.2515
vn 0.9678 -0.0105 -0.2514
vn 0.9679 -0.0001 0.2515
vn 0.9674 0.0295 0.2514
vn 0.9674 -0.0302 -0.2513
vn 0.9676 -0.0238 -0.2514
vn 0.9671 -0.0403 0.2513
vn 0.9672 -0.0359 0.2513
vn 0.2662 0.0101 -0.9639
vn 0.2661 0.0125 -0.9639
vn 0.7017 0.0099 -0.7124
vn 0.7017 0.0101 -0.7124
vn 0.2662 0.0135 -0.9638
vn 0.2662 -0.0020 -0.9639
vn 0.7017 0.0010 -0.7124
vn 0.7017 0.0084 -0.7124
vn 0.2661 -0.0309 -0.9635
vn 0.2659 -0.0446 -0.9630
vn 0.7016 -0.0180 -0.7123
vn 0.7017 -0.0110 -0.7124
vn 0.2660 -0.0384 -0.9632
vn 0.2661 -0.0215 -0.9637
vn 0.7016 -0.0186 -0.7123
vn 0.7016 -0.0189 -0.7123
vn 0.2662 0.0019 -0.9639
vn 0.2661 0.0229 -0.9637
vn 0.7017 0.0002 -0.7125
vn 0.7016 -0.0158 -0.7124
vn -0.1986 0.7423 -0.6400
vn -0.3610 0.7681 -0.5288
vn -0.3358 0.7065 -0.6230
vn -0.2265 0.6889 -0.6886
vn -0.0531 0.4815 -0.8748
vn 0.0154 0.5198 -0.8542
vn 0.0140 0.4817 -0.8762
vn -0.0366 0.4484 -0.8931
vn 0.1277 0.5868 -0.7996
vn 0.0823 0.6618 -0.7451
vn 0.0050 0.6215 -0.7834
vn 0.0790 0.5445 -0.8351
vn -0.0070 0.9264 -0.3764
vn -0.1527 0.9010 -0.4061
vn -0.1662 0.7945 -0.5841
vn -0.0240 0.8610 -0.5081
vn 0.2577 0.8790 -0.4011
vn 0.2139 0.8188 -0.5328
vn 0.2249 0.7707 -0.5962
vn 0.2964 0.8349 -0.4637
vn 0.2247 0.7836 -0.5793
vn 0.1646 0.8392 -0.5183
vn 0.1037 0.8181 -0.5656
vn 0.1722 0.7585 -0.6285
vn 0.1415 0.7464 -0.6503
vn 0.2555 0.6916 -0.6756
vn 0.3191 0.6148 -0.7212
vn 0.1748 0.6957 -0.6968
vn 0.1211 0.6995 -0.7043
vn 0.1182 0.6709 -0.7321
vn 0.1491 0.6279 -0.7639
vn 0.1710 0.6500 -0.7404
vn 0.0524 0.6768 -0.7343
vn 0.0386 0.7240 -0.6887
vn 0.0141 0.6832 -0.7301
vn 0.0408 0.6359 -0.7707
vn -0.3014 0.4435 0.8441
vn -0.3376 0.5131 0.7892
vn -0.3036 0.5855 0.7517
vn -0.2514 0.5091 0.8232
vn -0.2515 0.7857 0.5652
vn -0.1490 0.6184 0.7716
vn -0.2540 0.6170 0.7448
vn -0.4286 0.7821 0.4523
vn -0.0251 0.5245 0.8510
vn -0.0151 0.4648 0.8853
vn -0.0647 0.4583 0.8864
vn -0.1058 0.5198 0.8477
vn -0.2649 0.9625 -0.0586
vn -0.1097 0.9886 -0.1029
vn -0.0409 0.9763 -0.2123
vn -0.1815 0.9705 -0.1587
vn -0.4682 0.8276 0.3097
vn -0.4598 0.8615 0.2154
vn -0.3982 0.9045 0.1526
vn -0.4127 0.8817 0.2288
vn -0.4844 0.8726 0.0622
vn -0.4359 0.8998 -0.0200
vn -0.3471 0.9334 -0.0904
vn -0.4099 0.9121 0.0098
vn 0.1499 0.8339 0.5311
vn 0.0391 0.9804 0.1929
vn 0.1073 0.9837 -0.1443
vn 0.2510 0.9156 0.3142
vn 0.2505 0.7894 0.5605
vn 0.2772 0.7344 0.6195
vn 0.2208 0.7893 0.5729
vn 0.1771 0.8563 0.4852
vn 0.2568 0.7121 0.6534
vn 0.2176 0.7319 0.6457
vn 0.2536 0.7851 0.5651
vn 0.2313 0.7554 0.6130
vn -0.1441 0.7873 -0.5995
vn -0.0633 0.7179 -0.6932
vn 0.0139 0.6492 -0.7605
vn -0.0533 0.7361 -0.6748
vn 0.0669 0.9839 -0.1656
vn 0.0395 0.9580 -0.2839
vn 0.0957 0.9283 -0.3592
vn 0.1196 0.9550 -0.2714
vn -0.0968 0.9015 -0.4219
vn -0.1915 0.8377 -0.5114
vn -0.1017 0.8096 -0.5782
vn -0.0225 0.8771 -0.4798
vn -0.2870 0.7720 -0.5671
vn -0.1656 0.8632 -0.4770
vn -0.2766 0.8545 -0.4396
vn -0.3711 0.7408 -0.5599
vn 0.4947 0.8540 -0.1608
vn 0.2352 0.8805 -0.4116
vn 0.2424 0.8123 -0.5305
vn 0.4812 0.8286 -0.2860
vn -0.0281 0.8036 -0.5945
vn -0.2285 0.7406 -0.6319
vn -0.2431 0.6659 -0.7053
vn -0.0044 0.7125 -0.7016
vn 0.1883 -0.6974 0.6915
vn 0.2542 -0.7361 0.6273
vn 0.4148 -0.7513 0.5133
vn 0.3862 -0.7097 0.5893
vn 0.0105 -0.4565 0.8896
vn 0.0202 -0.5039 0.8635
vn -0.0098 -0.5189 0.8548
vn -0.0316 -0.4857 0.8736
vn -0.1324 -0.5509 0.8240
vn -0.0714 -0.5786 0.8125
vn 0.0109 -0.6596 0.7516
vn -0.0824 -0.6224 0.7784
vn 0.0683 -0.8909 0.4490
vn -0.0221 -0.9052 0.4244
vn 0.1443 -0.8793 0.4538
vn 0.2413 -0.8668 0.4363
vn -0.2603 -0.8406 0.4750
vn -0.4279 -0.8378 0.3390
vn -0.2859 -0.7990 0.5290
vn -0.1738 -0.7837 0.5963
vn -0.1818 -0.7545 0.6306
vn -0.2144 -0.7890 0.5757
vn -0.1455 -0.8516 0.5036
vn -0.1169 -0.8103 0.5742
vn -0.1582 -0.6984 0.6980
vn -0.1323 -0.7500 0.6481
vn -0.2274 -0.7092 0.6674
vn -0.2194 -0.6575 0.7208
vn -0.1852 -0.6582 0.7297
vn -0.1776 -0.7160 0.6751
vn -0.1308 -0.6717 0.7292
vn -0.1511 -0.6286 0.7629
vn -0.0785 -0.6405 0.7639
vn -0.0149 -0.6710 0.7413
vn 0.0198 -0.7196 0.6941
vn -0.0628 -0.6847 0.7261
vn 0.3094 -0.4593 -0.8327
vn 0.2439 -0.4965 -0.8331
vn 0.3071 -0.5493 -0.7771
vn 0.3576 -0.5130 -0.7804
vn 0.2571 -0.7965 -0.5472
vn 0.4286 -0.7685 -0.4751
vn 0.2505 -0.6066 -0.7545
vn 0.1510 -0.6268 -0.7644
vn 0.0250 -0.5321 -0.8463
vn 0.1022 -0.5131 -0.8522
vn 0.0629 -0.4519 -0.8899
vn 0.0175 -0.4716 -0.8817
vn 0.2215 -0.9611 0.1652
vn 0.2530 -0.9660 0.0530
vn 0.1899 -0.9783 0.0828
vn 0.1214 -0.9694 0.2134
vn 0.3946 -0.8782 -0.2703
vn 0.4151 -0.8250 -0.3835
vn 0.4290 -0.8677 -0.2511
vn 0.4144 -0.9004 -0.1322
vn 0.4460 -0.8946 0.0271
vn 0.4485 -0.8889 -0.0937
vn 0.3963 -0.9181 0.0034
vn 0.3954 -0.9112 0.1155
vn -0.1055 -0.8793 -0.4644
vn -0.2719 -0.8670 -0.4175
vn -0.1129 -0.9918 -0.0606
vn 0.0529 -0.9871 -0.1512
vn -0.2724 -0.8338 -0.4803
vn -0.2585 -0.7879 -0.5589
vn -0.2510 -0.7386 -0.6257
vn -0.2664 -0.7835 -0.5614
vn -0.2403 -0.7554 -0.6096
vn -0.2480 -0.7120 -0.6570
vn -0.2676 -0.7382 -0.6192
vn -0.1936 -0.7759 -0.6004
vn 0.1254 -0.7397 0.6612
vn 0.0927 -0.7862 0.6110
vn 0.0741 -0.7215 0.6885
vn 0.0909 -0.6745 0.7327
vn -0.1394 -0.9592 0.2458
vn -0.1317 -0.9831 0.1271
vn -0.0785 -0.9595 0.2704
vn -0.0734 -0.9269 0.3681
vn 0.0709 -0.8696 0.4887
vn 0.0456 -0.9099 0.4124
vn 0.1303 -0.8472 0.5151
vn 0.1663 -0.8013 0.5747
vn 0.3611 -0.7241 0.5876
vn 0.3029 -0.7937 0.5275
vn 0.1719 -0.9335 0.3147
vn 0.2667 -0.8454 0.4628
vn -0.4469 -0.8570 0.2565
vn -0.6003 -0.7716 0.2104
vn -0.3277 -0.8166 0.4751
vn -0.1619 -0.8691 0.4674
vn 0.0877 -0.7743 0.6268
vn -0.0520 -0.7318 0.6796
vn 0.1913 -0.6924 0.6957
vn 0.2833 -0.6988 0.6568
vn -0.1763 0.4688 -0.8655
vn -0.1125 0.3453 -0.9317
vn -0.0548 -0.6354 0.7703
vn -0.0776 -0.4671 0.8808
vn -0.3279 0.9207 -0.2118
vn -0.1743 0.8794 -0.4430
vn 0.1439 -0.5532 0.8205
vn 0.3576 -0.4800 0.8010
vn -0.1685 0.6611 -0.7311
vn -0.2336 0.8459 -0.4794
vn 0.5759 -0.5689 0.5871
vn 0.6718 -0.7080 0.2176
vn -0.0379 0.2991 -0.9535
vn 0.0091 0.3731 -0.9278
vn 0.0044 -0.6455 0.7637
vn 0.0004 -0.7056 0.7086
vn -0.0411 0.6344 -0.7719
vn -0.1820 0.6122 -0.7695
vn -0.0669 -0.3548 0.9326
vn -0.0831 -0.3972 0.9140
vn 0.1273 0.7823 -0.6098
vn 0.1381 0.7048 -0.6958
vn -0.1751 -0.4554 0.8729
vn -0.1279 -0.5142 0.8481
vn -0.1625 0.5629 -0.8104
vn -0.1787 0.5455 -0.8189
vn 0.5760 -0.8167 0.0347
vn 0.3991 -0.8368 0.3748
vn 0.0527 0.4416 -0.8956
vn -0.0126 0.5121 -0.8589
vn 0.1510 -0.7657 0.6253
vn 0.0030 -0.6812 0.7321
vn 0.1841 0.9577 -0.2211
vn 0.1005 0.8637 -0.4940
vn -0.7551 -0.6321 -0.1740
vn -0.5144 -0.8000 0.3088
vn 0.0810 0.9928 -0.0882
vn 0.1664 0.9797 -0.1116
vn 0.2568 -0.7729 0.5802
vn 0.4781 -0.6873 0.5468
vn -0.2157 0.5273 -0.8218
vn -0.1232 0.7747 -0.6202
vn 0.4824 -0.7836 0.3915
vn 0.2744 -0.9454 0.1761
vn 0.0882 0.7080 -0.7007
vn 0.1088 0.6681 -0.7360
vn -0.5592 -0.7977 0.2257
vn -0.7527 -0.6294 -0.1932
vn 0.3094 0.9126 -0.2672
vn 0.3083 0.9504 -0.0399
vn -0.0941 -0.7100 0.6979
vn -0.0472 -0.6837 0.7282
vn 0.3386 0.8891 -0.3080
vn 0.3708 0.8535 -0.3660
vn -0.0772 -0.6585 0.7486
vn 0.0059 -0.7102 0.7040
vn -0.0971 0.6720 -0.7342
vn -0.2102 0.5193 -0.8283
vn -0.0892 -0.9959 0.0117
vn -0.1941 -0.9710 0.1398
vn 0.0491 0.6707 -0.7401
vn -0.0089 0.7104 -0.7038
vn -0.2518 -0.9360 0.2461
vn -0.3500 -0.8622 0.3663
vn -0.0236 0.7336 -0.6792
vn 0.1013 0.5678 -0.8169
vn -0.2297 -0.8895 0.3950
vn -0.3124 -0.6776 0.6658
vn 0.2103 0.8875 -0.4100
vn 0.0819 0.8858 -0.4567
vn -0.1898 -0.5560 0.8092
vn -0.1970 -0.5005 0.8430
vn 0.5486 0.3315 -0.7675
vn 0.4809 0.5738 -0.6629
vn -0.0856 -0.6431 0.7610
vn -0.0028 -0.8105 0.5858
vn 0.2070 0.4626 -0.8620
vn 0.1877 0.5017 -0.8445
vn -0.0770 -0.8183 0.5697
vn -0.1349 -0.9357 0.3260
vn -0.0061 0.7906 -0.6123
vn -0.0763 0.8356 -0.5440
vn -0.3111 -0.4832 0.8184
vn -0.2366 -0.5088 0.8277
vn -0.0007 0.8410 -0.5410
vn -0.0150 0.7894 -0.6136
vn -0.1695 -0.5365 0.8267
vn -0.1462 -0.5672 0.8105
vn 0.3036 0.5248 -0.7952
vn 0.4894 0.3326 -0.8062
vn -0.0233 -0.9094 0.4152
vn 0.0298 -0.8862 0.4623
vn 0.0813 0.5297 -0.8443
vn 0.0776 0.5699 -0.8180
vn 0.1911 -0.8105 0.5537
vn 0.1016 -0.7689 0.6312
vn -0.5510 -0.4514 -0.7018
vn -0.4990 -0.3782 -0.7797
vn -0.1345 -0.8979 -0.4191
vn -0.1864 -0.9108 -0.3683
vn 0.7121 -0.7020 0.0087
vn 0.5265 -0.7914 -0.3105
vn 0.1786 -0.4459 -0.8771
vn 0.3104 -0.4284 -0.8486
vn 0.3453 0.3750 -0.8603
vn 0.7049 0.3514 -0.6161
vn 0.4541 -0.4369 -0.7765
vn 0.3842 -0.4072 -0.8286
vn 0.0731 -0.2708 -0.9599
vn 0.0638 -0.2584 -0.9639
vn 0.3073 -0.5602 -0.7692
vn 0.5257 -0.6979 -0.4865
vn -0.0205 -0.7214 0.6922
vn -0.5125 -0.8571 0.0527
vn 0.0801 -0.9963 0.0307
vn 0.1588 -0.9771 -0.1418
vn 0.2004 -0.8962 -0.3958
vn 0.0598 -0.9521 -0.2999
vn -0.0183 -0.5667 -0.8238
vn 0.0002 -0.5064 -0.8623
vn 0.0932 0.0170 -0.9955
vn 0.1882 0.2167 -0.9579
vn 0.2533 -0.4716 -0.8446
vn 0.1710 -0.4822 -0.8592
vn 0.0542 -0.2218 -0.9736
vn 0.0677 -0.1632 -0.9843
vn 0.0988 -0.4135 -0.9051
vn 0.1558 -0.4741 -0.8666
vn -0.6222 0.7396 0.2567
vn -0.4506 0.8880 -0.0914
vn 0.3463 -0.6561 -0.6705
vn 0.2669 -0.8751 -0.4036
vn -0.2191 0.9083 0.3564
vn -0.3803 0.8815 0.2799
vn 0.1147 -0.8886 0.4442
vn 0.0185 -0.8426 0.5382
vn 0.2851 0.8853 -0.3674
vn 0.1154 0.9930 -0.0238
vn 0.2811 -0.9100 0.3047
vn 0.5171 -0.8471 -0.1229
vn -0.2723 0.9379 -0.2148
vn -0.2746 0.9531 -0.1275
vn 0.4586 -0.7039 -0.5424
vn 0.4144 -0.5642 -0.7141
vn -0.5827 0.6934 0.4238
vn -0.6256 0.5884 0.5123
vn 0.1807 -0.9834 0.0138
vn 0.2676 -0.9554 0.1247
vn -0.5424 0.8017 0.2513
vn -0.5931 0.7477 0.2985
vn 0.3304 -0.9000 0.2844
vn 0.2909 -0.8781 0.3800
vn 0.0470 0.9179 -0.3940
vn 0.2429 0.8312 -0.5002
vn 0.5199 -0.7751 -0.3591
vn 0.4527 -0.8488 -0.2733
vn -0.2551 0.9459 -0.2004
vn -0.1450 0.9453 -0.2923
vn 0.5026 -0.8182 -0.2792
vn 0.5042 -0.7791 -0.3726
vn 0.1076 0.8267 0.5523
vn -0.0706 0.9679 0.2413
vn -0.4392 -0.6811 -0.5859
vn -0.3819 -0.8784 -0.2874
vn 0.1922 0.8003 0.5680
vn 0.1970 0.6630 0.7222
vn 0.1169 -0.9431 -0.3111
vn 0.3206 -0.9472 -0.0023
vn 0.0212 0.7299 -0.6832
vn 0.0819 0.9529 -0.2922
vn 0.3255 -0.9455 -0.0020
vn 0.1118 -0.9782 -0.1751
vn -0.0780 0.9808 0.1787
vn 0.0663 0.9194 0.3877
vn -0.3101 -0.5837 -0.7504
vn -0.3851 -0.5387 -0.7493
vn 0.3095 0.5844 0.7501
vn 0.2744 0.5895 0.7598
vn -0.2615 -0.9586 -0.1125
vn -0.2477 -0.9133 -0.3232
vn 0.2580 0.5953 0.7610
vn 0.2964 0.5811 0.7579
vn -0.1875 -0.8794 -0.4376
vn -0.0665 -0.8876 -0.4558
vn 0.2751 0.9359 -0.2200
vn 0.0830 0.7409 -0.6665
vn -0.2985 -0.8500 -0.4340
vn -0.4060 -0.7147 -0.5696
vn 0.1545 0.8772 0.4547
vn 0.2603 0.9157 0.3060
vn -0.3266 -0.6014 -0.7292
vn -0.2858 -0.5827 -0.7608
vn -0.0923 0.9910 -0.0968
vn 0.0292 0.8883 -0.4583
vn -0.2000 -0.9453 -0.2577
vn -0.2973 -0.9386 0.1750
vn -0.1196 0.9090 -0.3993
vn -0.2322 0.9131 -0.3351
vn 0.1108 -0.6004 0.7920
vn 0.0941 -0.5154 0.8518
vn 0.1992 0.4713 -0.8592
vn 0.1149 0.6546 -0.7472
vn 0.2169 -0.6184 0.7553
vn 0.3316 -0.7875 0.5195
vn 0.1446 0.7758 -0.6142
vn 0.1437 0.8033 -0.5779
vn -0.0573 -0.9961 -0.0677
vn -0.0976 -0.9246 -0.3683
vn -0.0961 0.9952 -0.0206
vn -0.1217 0.9801 0.1567
vn -0.2802 -0.7909 0.5440
vn -0.1523 -0.8030 0.5762
vn -0.2895 0.9196 -0.2655
vn -0.2099 0.9606 -0.1820
vn 0.0256 -0.7550 0.6552
vn 0.1393 -0.6771 0.7226
vn 0.1023 0.5871 -0.8031
vn 0.1801 0.4551 -0.8720
vn 0.2954 -0.9088 0.2947
vn 0.1930 -0.9164 0.3507
vn 0.0715 0.7691 -0.6352
vn 0.0394 0.6965 -0.7165
vn 0.1878 -0.9420 0.2782
vn 0.0722 -0.9846 0.1594
vn 0.6003 0.7773 0.1881
vn 0.4385 0.8895 -0.1283
vn -0.8676 -0.4973 -0.0042
vn -0.6366 -0.7304 0.2476
vn 0.1368 0.8794 -0.4559
vn -0.0454 0.8468 -0.5299
vn 0.5468 -0.5699 0.6133
vn 0.6043 -0.5966 0.5281
vn -0.2338 0.7739 -0.5886
vn 0.0906 0.8695 -0.4856
vn 0.1782 -0.9676 0.1789
vn -0.1914 -0.9726 -0.1322
vn 0.1729 0.8334 -0.5250
vn 0.0718 0.7340 -0.6753
vn -0.6125 -0.7133 0.3408
vn -0.8565 -0.5160 -0.0134
vn 0.4275 0.8958 -0.1216
vn 0.6597 0.7140 0.2343
vn -0.1316 -0.8628 0.4881
vn 0.0743 -0.8321 0.5496
vn -0.0595 0.8441 -0.5329
vn 0.1215 0.8998 -0.4191
vn 0.2760 -0.7246 0.6315
vn 0.4478 -0.6187 0.6455
vn -0.5406 0.5594 -0.6284
vn -0.5654 0.5662 -0.5997
vn -0.1923 -0.9738 -0.1215
vn 0.0628 -0.9515 0.3012
vn -0.1058 0.5920 -0.7989
vn -0.3463 0.5214 -0.7799
vn -0.0068 -0.7494 0.6621
vn -0.2904 -0.7101 0.6414
vn -0.7013 0.0329 -0.7121
vn -0.7015 0.0269 -0.7122
vn -0.2660 0.0394 -0.9632
vn -0.2659 0.0403 -0.9631
vn -0.9679 -0.0042 0.2515
vn -0.9678 0.0062 -0.2515
vn -0.9677 0.0160 -0.2514
vn -0.2660 -0.0371 0.9633
vn -0.2659 -0.0418 0.9631
vn -0.7013 -0.0332 0.7121
vn -0.7015 -0.0244 0.7123
vn 0.7013 -0.0329 0.7121
vn 0.7015 -0.0269 0.7122
vn 0.2660 -0.0394 0.9632
vn 0.2659 -0.0403 0.9631
vn 0.9679 0.0042 -0.2515
vn 0.9678 -0.0062 0.2515
vn 0.9677 -0.0160 0.2514
vn 0.2660 0.0371 -0.9633
vn 0.2659 0.0418 -0.9631
vn 0.7013 0.0332 -0.7121
vn 0.7015 0.0244 -0.7123
vn 0.2321 -0.3937 -0.8895
vn 0.2647 0.0006 -0.9643
vn 0.7028 0.0013 -0.7114
vn 0.6545 -0.3931 -0.6459
vn 0.8859 -0.3946 -0.2437
vn 0.9675 -0.0008 -0.2529
vn 0.9675 -0.0049 0.2529
vn 0.8846 -0.3980 0.2433
vn 0.6517 -0.4019 0.6432
vn 0.7027 -0.0103 0.7114
vn 0.2647 -0.0151 0.9642
vn 0.2307 -0.4058 0.8844
vn -0.2305 -0.4082 0.8833
vn -0.2647 -0.0184 0.9642
vn -0.7026 -0.0191 0.7113
vn -0.6496 -0.4087 0.6411
vn -0.8806 -0.4073 0.2422
vn -0.9674 -0.0171 0.2529
vn -0.9674 -0.0130 -0.2529
vn -0.8820 -0.4040 -0.2426
vn -0.6523 -0.4000 -0.6438
vn -0.7027 -0.0076 -0.7114
vn -0.2647 -0.0028 -0.9643
vn -0.2318 -0.3961 -0.8885
vn 0.0824 -0.9964 0.0178
vn 0.0433 -0.8864 0.4609
vn 0.1544 -0.8396 -0.5208
vn 0.0918 -0.6669 -0.7394
vn -0.3083 -0.3115 -0.8988
vn 0.0357 -0.2716 -0.9618
vn 0.6598 -0.7488 0.0625
vn 0.4656 -0.8839 0.0441
vn 0.2872 -0.9518 0.1081
vn 0.4514 -0.8484 0.2764
vn 0.5287 -0.8468 0.0590
vn 0.3111 -0.9407 -0.1353
vn -0.3449 0.9268 -0.1487
vn -0.3080 0.9358 0.1714
vn -0.5201 0.8491 -0.0923
vn -0.4881 0.7892 -0.3728
vn 0.0805 -0.1038 -0.9913
vn 0.0829 -0.0530 -0.9951
vn 0.1401 -0.4041 -0.9039
vn 0.1165 -0.3805 -0.9174
vn 0.8324 -0.3028 0.4641
vn 0.7071 -0.5868 0.3945
vn 0.3892 -0.4745 -0.7896
vn 0.4599 -0.5173 -0.7218
vn 0.1480 -0.4183 -0.8962
vn 0.1316 -0.4112 -0.9020
vn 0.1942 -0.4248 -0.8842
vn 0.2486 -0.4100 -0.8775
vn -0.1439 0.4106 0.9004
vn -0.2443 0.3983 0.8842
vn -0.2001 0.4327 0.8790
vn -0.1345 0.4181 0.8984
vn -0.3264 0.4607 0.8254
vn -0.3086 0.3982 0.8638
vn -0.0624 0.1835 0.9810
vn 0.0220 0.3117 0.9499
vn -0.1265 0.4356 0.8912
vn -0.1547 0.4818 0.8625
vn -0.1505 0.9016 0.4056
vn -0.1481 0.7526 0.6416
vn -0.5649 0.5924 -0.5744
vn -0.6396 0.6868 -0.3454
vn -0.4629 0.2982 -0.8347
vn -0.4672 0.0336 -0.8835
vn -0.0858 0.6038 0.7925
vn -0.1504 0.7565 0.6365
vn -0.1120 0.4171 0.9019
vn -0.0513 0.3753 0.9255
vn -0.1794 0.5220 0.8339
vn -0.1093 0.4607 0.8808
vn -0.1704 0.7178 0.6751
vn -0.3333 0.7558 0.5637
vn -0.1909 0.6071 0.7713
vn -0.2557 0.7110 0.6551
vn -0.0029 0.8859 -0.4639
vn -0.1191 0.9882 -0.0964
vn 0.0183 0.4592 0.8881
vn 0.0251 0.5163 0.8560
vn 0.0657 0.3391 0.9384
vn 0.0906 0.2932 0.9517
vn -0.1726 0.9203 0.3511
vn -0.2775 0.9602 0.0335
vn -0.9747 0.1637 0.1519
vn -0.1521 0.4567 0.8765
vn -0.5893 0.7541 0.2898
vn -0.3547 0.6201 0.6998
vn -0.6037 0.7840 0.1445
vn -0.6238 0.5530 -0.5523
vn -0.3096 0.7018 0.6416
vn -0.3324 0.5982 0.7292
vn 0.1516 0.9340 0.3234
vn 0.1082 0.9124 -0.3948
vn -0.2553 0.3697 0.8934
vn -0.1417 0.3975 0.9066
vn -0.0119 0.2326 0.9725
vn -0.0691 0.1900 0.9793
vn -0.5262 0.6991 -0.4840
vn -0.5644 0.5506 -0.6151
vn -0.5556 -0.1893 -0.8096
vn -0.6241 -0.2235 -0.7487
vn 0.4410 0.0701 0.8948
vn 0.2986 -0.1383 0.9443
vn 0.2969 -0.1397 0.9446
vn 0.4383 0.0670 0.8963
vn 0.0190 0.3547 -0.9348
vn 0.0271 0.3782 -0.9253
vn 0.0263 0.3777 -0.9256
vn 0.0179 0.3543 -0.9350
vn -0.3864 -0.1619 -0.9080
vn -0.2295 0.0066 -0.9733
vn -0.2318 0.0048 -0.9728
vn -0.3878 -0.1633 -0.9072
vn -0.0049 -0.2246 0.9744
vn -0.0618 -0.2313 0.9709
vn -0.0614 -0.2310 0.9710
vn -0.0039 -0.2242 0.9745
vn -0.1668 0.2434 -0.9555
vn -0.0258 0.3150 -0.9488
vn -0.0272 0.3145 -0.9489
vn -0.1686 0.2428 -0.9553
vn 0.0423 0.4035 -0.9140
vn 0.1381 0.4925 -0.8593
vn 0.1368 0.4916 -0.8600
vn 0.0414 0.4029 -0.9143
vn 0.2505 -0.2325 0.9398
vn 0.1221 -0.2200 0.9678
vn 0.1241 -0.2193 0.9677
vn 0.2521 -0.2319 0.9395
vn -0.1022 -0.2499 0.9628
vn -0.7596 -0.6443 0.0888
vn -0.7603 -0.6442 0.0841
vn -0.1020 -0.2497 0.9629
vn -0.2467 0.0623 -0.9671
vn -0.2607 0.1463 -0.9543
vn -0.2634 0.1452 -0.9537
vn -0.2493 0.0607 -0.9665
vn 0.2762 0.6106 -0.7422
vn 0.5878 0.7581 -0.2826
vn 0.5892 0.7582 -0.2792
vn 0.2756 0.6102 -0.7427
vn 0.3134 -0.1849 0.9315
vn 0.3167 -0.2236 0.9218
vn 0.3160 -0.2239 0.9219
vn 0.3117 -0.1860 0.9318
vn -0.5823 -0.3690 -0.7244
vn -0.5231 -0.3063 -0.7953
vn -0.5233 -0.3066 -0.7951
vn -0.5821 -0.3689 -0.7246
vn 0.1777 0.9734 -0.1443
vn 0.0331 0.9777 -0.2073
vn 0.0089 0.9998 -0.0154
vn -0.0318 0.9795 -0.1989
vn -0.1447 0.9825 -0.1176
vn -0.0088 0.9998 -0.0152
vn -0.1709 0.9831 -0.0654
vn -0.1709 0.9831 0.0654
vn -0.0174 0.9998 -0.0000
vn -0.1447 0.9825 0.1176
vn -0.0318 0.9795 0.1989
vn -0.0088 0.9998 0.0152
vn 0.0331 0.9777 0.2073
vn 0.1777 0.9735 0.1443
vn 0.0089 0.9998 0.0154
vn 0.2189 0.9722 0.0837
vn 0.2189 0.9722 -0.0837
vn 0.0178 0.9998 -0.0000
vn 0.1203 0.9252 -0.3598
vn 0.3965 0.8722 -0.2866
vn -0.7067 0.6992 0.1083
vn -0.5893 0.8067 0.0433
vn -0.5747 0.8107 0.1122
vn 0.0233 0.6237 0.7814
vn 0.2288 0.7983 -0.5570
vn 0.2542 0.7830 -0.5678
vn 0.3001 0.7997 -0.5200
vn 0.2250 0.8480 -0.4799
vn -0.0767 -0.8593 0.5058
vn -0.1288 -0.9344 -0.3322
vn -0.1420 -0.9689 -0.2027
vn -0.4388 -0.8163 0.3758
vn 0.6442 -0.7498 -0.1510
vn 0.5426 -0.8342 0.0978
vn 0.6608 -0.7455 -0.0869
vn 0.0183 -0.6997 -0.7142
vn -0.2941 -0.7884 0.5403
vn -0.2727 -0.8076 0.5230
vn -0.1833 -0.9384 0.2930
vn -0.3330 -0.6011 0.7265
vn -0.0987 0.9904 -0.0970
vn -0.2361 -0.5172 0.8226
vn 0.1653 -0.8856 0.4341
vn -0.2137 0.7550 -0.6200
vn -0.3872 -0.9022 0.1900
vn -0.5011 -0.8561 0.1265
vn 0.1269 0.9905 0.0528
vn -0.1184 0.9323 -0.3417
vn -0.0815 -0.7006 0.7089
vn 0.3091 0.9408 -0.1393
vn 0.1828 -0.7661 0.6161
vn 0.3464 -0.6565 0.6701
vn -0.0292 0.7774 -0.6284
vn -0.3394 -0.9135 0.2244
vn 0.3066 0.9482 -0.0827
vn 0.3278 0.9265 0.1846
vn 0.0557 -0.7193 0.6925
vn -0.0064 -0.9717 -0.2360
vn -0.3677 -0.7738 -0.5157
vn -0.1294 -0.7606 -0.6361
vn -0.1107 0.6789 0.7258
vn -0.4844 -0.8546 0.1870
vn -0.4052 -0.9106 -0.0808
vn -0.2409 -0.8403 0.4856
vn 0.2183 0.8432 -0.4913
vn -0.7351 -0.6755 0.0570
vn 0.1000 0.7928 -0.6012
vn -0.6534 -0.7470 -0.1229
vn -0.1101 -0.8917 0.4389
vn 0.0999 -0.8744 0.4749
vn 0.6147 0.7335 0.2899
vn 0.3185 0.9408 -0.1160
vn -0.6279 -0.6598 0.4128
vn 0.0877 0.8901 -0.4473
vn 0.1617 0.8602 -0.4837
vn -0.7811 -0.6237 0.0278
vn -0.8659 -0.5002 -0.0054
vn 0.6381 0.7295 -0.2462
vn 0.0762 -0.9006 0.4279
vn -0.2434 -0.9462 0.2132
vn -0.6733 0.6645 0.3242
vn 0.3182 -0.8576 0.4040
vn 0.6588 -0.7295 0.1836
vn -0.3763 0.9168 -0.1340
vn 0.7587 -0.4260 -0.4928
vn 0.3874 -0.8969 0.2131
vn 0.2352 -0.8855 0.4007
vn -0.2505 0.9646 -0.0824
vn 0.8916 -0.4220 -0.1644
vn 0.8023 -0.5304 -0.2738
vn -0.8699 0.4162 0.2644
vn 0.2116 -0.9757 0.0563
vn 0.3101 -0.9502 0.0311
vn -0.7930 0.5350 0.2916
vn -0.8024 0.5232 0.2873
vn 0.0994 0.8080 0.5807
vn 0.1151 0.6324 0.7660
vn 0.3042 -0.8585 -0.4129
vn 0.1695 -0.7007 -0.6930
vn -0.1570 0.8416 0.5168
vn -0.0527 0.8332 0.5504
vn -0.2097 -0.8303 -0.5163
vn 0.0528 0.5349 0.8433
vn 0.0079 0.4198 0.9076
vn -0.0643 -0.9270 -0.3696
vn 0.4647 0.6884 -0.5570
vn 0.2417 0.8787 -0.4116
vn -0.1329 -0.7191 0.6821
vn 0.3840 0.6144 -0.6893
vn -0.0796 -0.9869 0.1404
vn 0.0640 0.7617 -0.6448
vn -0.3896 -0.8733 0.2925
vn -0.6020 -0.6140 0.5105
vn 0.0138 0.9429 -0.3328
vn -0.3380 -0.6039 0.7218
vn 0.4357 0.6282 -0.6446
vn 0.0384 -0.8979 0.4386
vn -0.1074 -0.9457 0.3069
vn -0.2055 0.9414 -0.2675
vn -0.5906 -0.4830 0.6465
vn 0.0932 0.9431 -0.3190
vn -0.4812 -0.6371 0.6021
vn 0.7068 0.1180 0.6975
vn 0.9674 0.0295 0.2513
vn -0.0070 0.9265 -0.3763
vn 0.2556 0.6916 -0.6756
vn -0.2541 0.6170 0.7448
vn 0.2510 0.9156 0.3141
vn 0.2505 0.7894 0.5604
vn 0.2771 0.7344 0.6195
vn 0.0668 0.9839 -0.1656
vn 0.0958 0.9283 -0.3592
vn -0.0967 0.9015 -0.4219
vn -0.1655 0.8632 -0.4770
vn 0.4947 0.8540 -0.1609
vn 0.1443 -0.8793 0.4539
vn -0.1455 -0.8516 0.5035
vn -0.2195 -0.6575 0.7208
vn 0.3072 -0.5493 -0.7771
vn 0.3576 -0.5129 -0.7804
vn 0.2505 -0.6067 -0.7545
vn 0.1898 -0.9783 0.0829
vn 0.1215 -0.9694 0.2134
vn 0.4152 -0.8250 -0.3834
vn -0.1054 -0.8793 -0.4644
vn -0.2720 -0.8670 -0.4175
vn -0.1128 -0.9918 -0.0606
vn -0.2724 -0.8337 -0.4803
vn 0.0740 -0.7214 0.6885
vn -0.3277 -0.8167 0.4751
vn -0.0777 -0.4671 0.8808
vn 0.5758 -0.5689 0.5871
vn -0.0379 0.2992 -0.9535
vn 0.4781 -0.6874 0.5468
vn 0.4823 -0.7836 0.3915
vn -0.0089 0.7104 -0.7037
vn 0.2103 0.8875 -0.4099
vn -0.0855 -0.6431 0.7610
vn -0.0770 -0.8182 0.5697
vn -0.1695 -0.5364 0.8267
vn -0.1463 -0.5672 0.8105
vn -0.5510 -0.4514 -0.7019
vn -0.1341 -0.8980 -0.4190
vn -0.1861 -0.9109 -0.3682
vn 0.7121 -0.7020 0.0085
vn 0.5265 -0.7914 -0.3106
vn 0.3452 0.3751 -0.8603
vn 0.7049 0.3515 -0.6161
vn 0.5257 -0.6978 -0.4865
vn -0.5126 -0.8570 0.0527
vn 0.2004 -0.8963 -0.3957
vn 0.0598 -0.9521 -0.2998
vn -0.0183 -0.5667 -0.8237
vn 0.1882 0.2168 -0.9579
vn 0.1710 -0.4821 -0.8592
vn 0.1557 -0.4741 -0.8666
vn -0.4506 0.8880 -0.0913
vn -0.3803 0.8815 0.2800
vn 0.0184 -0.8426 0.5382
vn 0.2849 0.8853 -0.3674
vn 0.5171 -0.8470 -0.1229
vn -0.2723 0.9380 -0.2148
vn -0.5827 0.6935 0.4238
vn 0.1807 -0.9834 0.0139
vn 0.2428 0.8312 -0.5001
vn 0.5200 -0.7750 -0.3591
vn 0.4527 -0.8487 -0.2733
vn 0.1076 0.8267 0.5522
vn 0.1922 0.8003 0.5679
vn 0.1169 -0.9431 -0.3112
vn 0.3206 -0.9472 -0.0022
vn 0.0820 0.9529 -0.2921
vn 0.3256 -0.9455 -0.0021
vn 0.1119 -0.9782 -0.1751
vn -0.0780 0.9808 0.1788
vn 0.2744 0.5895 0.7597
vn -0.2615 -0.9586 -0.1124
vn -0.1875 -0.8794 -0.4377
vn -0.0665 -0.8876 -0.4559
vn 0.1545 0.8771 0.4547
vn 0.2603 0.9157 0.3061
vn -0.2859 -0.5827 -0.7608
vn 0.0293 0.8883 -0.4583
vn -0.2973 -0.9386 0.1749
vn -0.1197 0.9090 -0.3993
vn -0.2322 0.9131 -0.3352
vn 0.1148 0.6546 -0.7472
vn 0.3317 -0.7875 0.5194
vn -0.0573 -0.9961 -0.0676
vn -0.0976 -0.9246 -0.3682
vn -0.0961 0.9952 -0.0207
vn -0.1218 0.9801 0.1567
vn -0.2803 -0.7909 0.5440
vn -0.2894 0.9196 -0.2656
vn 0.2954 -0.9088 0.2946
vn 0.1931 -0.9164 0.3507
vn 0.0715 0.7691 -0.6351
vn 0.1878 -0.9420 0.2783
vn -0.8676 -0.4973 -0.0041
vn -0.6366 -0.7304 0.2475
vn 0.1367 0.8794 -0.4559
vn -0.2337 0.7739 -0.5886
vn 0.0906 0.8695 -0.4855
vn 0.1783 -0.9676 0.1788
vn -0.1914 -0.9726 -0.1323
vn 0.1729 0.8333 -0.5250
vn -0.6125 -0.7132 0.3408
vn -0.8565 -0.5159 -0.0134
vn 0.1215 0.8997 -0.4191
vn -0.5654 0.5663 -0.5997
vn -0.1058 0.5921 -0.7989
vn 0.8860 -0.3946 -0.2436
vn 0.8846 -0.3979 0.2433
vn -0.8806 -0.4072 0.2422
vn 0.0824 -0.9964 0.0177
vn 0.0434 -0.8864 0.4608
vn -0.3084 -0.3115 -0.8988
vn 0.0358 -0.2716 -0.9617
vn 0.6598 -0.7489 0.0625
vn 0.4657 -0.8839 0.0440
vn 0.2871 -0.9518 0.1080
vn 0.4513 -0.8485 0.2764
vn 0.5287 -0.8467 0.0590
vn -0.3449 0.9268 -0.1488
vn 0.7071 -0.5868 0.3944
vn 0.1942 -0.4249 -0.8842
vn -0.1505 0.9017 0.4054
vn -0.1481 0.7527 0.6415
vn -0.2558 0.7110 0.6550
vn -0.0029 0.8859 -0.4638
vn -0.1191 0.9882 -0.0965
vn -0.2775 0.9601 0.0335
vn -0.9748 0.1636 0.1519
vn -0.6238 0.5531 -0.5522
vn 0.1518 0.9341 0.3232
vn 0.1084 0.9123 -0.3950
vn -0.1417 0.3974 0.9066
vn -0.0119 0.2327 0.9725
vn -0.5260 0.6992 -0.4842
vn -0.5645 0.5506 -0.6150
vn -0.5557 -0.1894 -0.8095
vn -0.6240 -0.2235 -0.7488
vn 0.4384 0.0670 0.8963
vn 0.0190 0.3548 -0.9348
vn 0.0263 0.3776 -0.9256
vn -0.0614 -0.2311 0.9710
vn -0.0258 0.3149 -0.9488
vn -0.0273 0.3146 -0.9488
vn 0.0424 0.4034 -0.9140
vn 0.1381 0.4924 -0.8593
vn 0.1369 0.4916 -0.8600
vn 0.2505 -0.2324 0.9398
vn 0.1241 -0.2194 0.9677
vn 0.2521 -0.2320 0.9395
vn -0.1023 -0.2499 0.9628
vn -0.7594 -0.6445 0.0888
vn -0.7603 -0.6441 0.0841
vn 0.2762 0.6108 -0.7421
vn 0.5876 0.7583 -0.2824
vn 0.5893 0.7581 -0.2793
vn 0.2757 0.6101 -0.7428
vn 0.3161 -0.2239 0.9219
vn 0.3117 -0.1859 0.9318
vn -0.5230 -0.3063 -0.7954
vn -0.5822 -0.3689 -0.7246
vn 0.1778 0.9734 -0.1443
vn 0.0331 0.9777 -0.2074
vn -0.1448 0.9825 -0.1176
vn -0.1710 0.9831 -0.0654
vn -0.1710 0.9831 0.0654
vn -0.0175 0.9998 -0.0000
vn -0.1448 0.9824 0.1176
vn 0.0331 0.9777 0.2074
vn 0.1778 0.9734 0.1443
vn 0.0973 0.7800 -0.6181
vn 0.1827 0.8085 -0.5594
vn 0.0720 0.8629 -0.5002
vn 0.0111 0.8855 -0.4645
vn 0.4402 0.8333 -0.3343
vn 0.3193 0.8678 -0.3808
vn 0.4149 0.8601 -0.2968
vn -0.5791 0.8118 0.0757
vn -0.6155 0.7871 0.0406
vn -0.7067 0.6992 0.1082
vn -0.6550 0.7431 0.1369
vn -0.5946 0.7977 0.1007
vn -0.6294 0.7578 0.1722
vn 0.0769 0.6950 0.7149
vn 0.2217 0.8423 -0.4913
vn 0.2645 0.8443 -0.4661
vn 0.2251 0.8479 -0.4799
vn -0.1533 -0.7602 0.6314
vn -0.0584 -0.7624 0.6445
vn -0.1897 -0.7644 0.6163
vn -0.1198 -0.8490 0.5147
vn -0.4678 -0.8480 0.2489
vn -0.4121 -0.8351 0.3644
vn 0.5698 -0.8172 -0.0863
vn 0.6449 -0.7448 -0.1712
vn 0.6607 -0.7456 -0.0869
vn 0.5938 -0.7980 -0.1025
vn -0.0539 -0.7010 -0.7111
vn -0.2312 -0.7747 0.5886
vn -0.1938 -0.8256 0.5299
vn 0.1959 0.8366 -0.5115
vn -0.2474 -0.9544 0.1672
vn -0.0919 0.7781 -0.6213
vn -0.3611 -0.8039 0.4726
vn -0.3329 -0.6012 0.7265
vn -0.0526 -0.6148 0.7869
vn 0.0018 -0.5034 0.8641
vn 0.2015 0.5523 -0.8089
vn 0.0457 -0.9255 0.3761
vn -0.1092 -0.9292 0.3531
vn -0.0987 0.9904 -0.0969
vn 0.1286 0.9286 -0.3481
vn 0.1444 0.9274 -0.3451
vn 0.0283 0.7535 -0.6568
vn 0.2144 0.8835 -0.4166
vn 0.3525 -0.6983 0.6230
vn -0.2136 0.7550 -0.6200
vn -0.5010 -0.8562 0.1265
vn -0.1183 0.9323 -0.3417
vn 0.3091 0.9408 -0.1394
vn 0.2582 0.9505 -0.1729
vn 0.3463 -0.6565 0.6701
vn -0.0991 0.6742 -0.7319
vn -0.0541 0.7720 -0.6333
vn 0.3065 0.9482 -0.0828
vn 0.3278 0.9266 0.1844
vn 0.0919 -0.6553 0.7498
vn 0.3256 0.9220 -0.2097
vn -0.1011 -0.9716 0.2137
vn -0.0063 -0.9717 -0.2361
vn 0.1854 0.9797 -0.0768
vn -0.0500 0.9388 0.3408
vn -0.5315 -0.8427 -0.0863
vn 0.0459 0.7538 0.6556
vn 0.0413 0.7822 0.6217
vn -0.1728 -0.9332 0.3150
vn 0.3401 0.9389 0.0529
vn -0.0248 -0.7878 -0.6154
vn 0.3161 0.9409 0.1215
vn 0.0985 0.7685 0.6323
vn 0.7623 0.5226 0.3818
vn -0.1055 -0.7728 0.6258
vn 0.2415 0.8376 -0.4900
vn -0.7077 -0.7062 0.0217
vn 0.7937 0.6049 0.0645
vn 0.7148 0.6993 0.0105
vn -0.1102 -0.8918 0.4389
vn 0.0996 -0.8744 0.4748
vn 0.6147 0.7336 0.2899
vn -0.2781 -0.7305 0.6238
vn 0.1615 0.8602 -0.4837
vn 0.2815 0.7942 -0.5384
vn 0.6380 0.7296 -0.2462
vn -0.3912 0.9171 0.0772
vn -0.6734 0.6644 0.3243
vn -0.3583 0.8967 -0.2600
vn -0.3762 0.9168 -0.1340
vn 0.7587 -0.4261 -0.4928
vn -0.6911 0.6907 -0.2130
vn -0.8212 0.4091 0.3979
vn 0.2353 -0.8855 0.4006
vn -0.3678 0.9285 -0.0500
vn -0.2504 0.9646 -0.0825
vn -0.3991 0.9153 -0.0543
vn -0.4108 0.9114 -0.0237
vn -0.8699 0.4162 0.2645
vn -0.9501 0.1824 0.2531
vn 0.2115 -0.9758 0.0563
vn 0.3523 -0.9352 -0.0362
vn 0.3041 -0.8585 -0.4129
vn -0.0526 0.8332 0.5505
vn -0.2040 -0.4801 -0.8532
vn 0.0529 0.5348 0.8433
vn 0.2885 -0.9004 -0.3257
vn -0.0359 -0.5347 -0.8443
vn 0.0077 0.8144 0.5803
vn 0.0589 0.5013 0.8633
vn 0.0079 0.4199 0.9075
vn -0.0498 -0.8640 -0.5009
vn 0.1132 0.5375 0.8356
vn -0.0941 -0.8291 -0.5510
vn 0.2416 0.8788 -0.4115
vn -0.2864 -0.5227 0.8030
vn -0.1678 0.8894 -0.4252
vn 0.0641 0.7617 -0.6447
vn -0.3897 -0.8733 0.2925
vn -0.6020 -0.6139 0.5105
vn 0.0262 0.9260 -0.3767
vn 0.4356 0.6283 -0.6446
vn 0.5277 0.5400 -0.6557
vn 0.4055 0.6637 -0.6285
vn -0.1073 -0.9457 0.3068
vn -0.0201 0.9448 -0.3272
vn -0.2055 0.9414 -0.2676
vn -0.5905 -0.4830 0.6466
vn 0.0789 0.9409 -0.3293
vn 0.0931 0.9432 -0.3190
vn 0.7029 0.1577 -0.6936
vn 0.2646 -0.0380 0.9636
vn -0.6587 0.3788 0.6501
vn -0.0001 -1.0000 0.0001
vn -0.6491 0.4104 -0.6405
vn -0.1985 0.7423 -0.6400
vn 0.1037 0.8182 -0.5656
vn 0.3192 0.6148 -0.7212
vn 0.1710 0.6501 -0.7404
vn -0.0409 0.9763 -0.2124
vn -0.4682 0.8275 0.3097
vn 0.0391 0.9805 0.1928
vn 0.2567 0.7121 0.6534
vn -0.0534 0.7361 -0.6748
vn 0.0957 0.9284 -0.3592
vn 0.1195 0.9550 -0.2714
vn -0.1017 0.8096 -0.5781
vn -0.1655 0.8632 -0.4769
vn -0.2766 0.8545 -0.4397
vn 0.2351 0.8805 -0.4116
vn -0.0282 0.8036 -0.5945
vn 0.3861 -0.7097 0.5893
vn -0.2143 -0.7890 0.5757
vn -0.1454 -0.8516 0.5036
vn -0.1170 -0.8104 0.5742
vn 0.0199 -0.7196 0.6941
vn 0.2215 -0.9611 0.1653
vn 0.2531 -0.9660 0.0529
vn 0.3962 -0.9181 0.0034
vn -0.2585 -0.7880 -0.5589
vn -0.1935 -0.7759 -0.6004
vn 0.0928 -0.7862 0.6109
vn -0.0785 -0.9595 0.2705
vn 0.1720 -0.9335 0.3148
vn -0.6002 -0.7716 0.2105
vn -0.1620 -0.8691 0.4674
vn -0.0549 -0.6354 0.7703
vn -0.1743 0.8794 -0.4431
vn 0.3576 -0.4801 0.8010
vn -0.0412 0.6344 -0.7719
vn -0.1820 0.6122 -0.7694
vn -0.1624 0.5629 -0.8104
vn 0.1510 -0.7657 0.6252
vn 0.1840 0.9577 -0.2211
vn 0.1006 0.8637 -0.4939
vn 0.0810 0.9928 -0.0883
vn 0.1664 0.9797 -0.1117
vn -0.2156 0.5273 -0.8218
vn 0.0882 0.7081 -0.7006
vn -0.0236 0.7335 -0.6792
vn -0.0028 -0.8105 0.5857
vn 0.2070 0.4626 -0.8621
vn 0.1877 0.5016 -0.8445
vn -0.1349 -0.9357 0.3261
vn -0.0060 0.7906 -0.6124
vn -0.0764 0.8356 -0.5440
vn -0.0150 0.7894 -0.6137
vn 0.3036 0.5248 -0.7953
vn -0.0232 -0.9094 0.4152
vn 0.0297 -0.8862 0.4623
vn -0.5509 -0.4515 -0.7019
vn -0.4989 -0.3782 -0.7798
vn -0.1345 -0.8980 -0.4189
vn -0.1860 -0.9110 -0.3682
vn 0.7121 -0.7020 0.0084
vn 0.5265 -0.7915 -0.3105
vn 0.3452 0.3749 -0.8604
vn 0.7049 0.3513 -0.6162
vn 0.4542 -0.4369 -0.7764
vn 0.0638 -0.2583 -0.9640
vn 0.0800 -0.9963 0.0306
vn 0.2005 -0.8963 -0.3956
vn 0.0598 -0.9521 -0.2997
vn 0.2534 -0.4716 -0.8446
vn 0.1709 -0.4821 -0.8593
vn 0.3463 -0.6561 -0.6706
vn -0.2191 0.9082 0.3565
vn 0.1147 -0.8886 0.4441
vn 0.0185 -0.8427 0.5381
vn 0.2852 0.8853 -0.3674
vn 0.2810 -0.9101 0.3047
vn 0.5170 -0.8471 -0.1228
vn -0.2723 0.9380 -0.2146
vn -0.2746 0.9531 -0.1274
vn 0.4144 -0.5641 -0.7142
vn 0.1808 -0.9834 0.0139
vn 0.2676 -0.9554 0.1246
vn -0.5424 0.8016 0.2514
vn -0.5932 0.7477 0.2986
vn 0.2909 -0.8781 0.3799
vn 0.0469 0.9179 -0.3940
vn 0.2430 0.8312 -0.5001
vn 0.5197 -0.7752 -0.3590
vn 0.4526 -0.8488 -0.2733
vn -0.2551 0.9459 -0.2003
vn -0.1449 0.9453 -0.2923
vn 0.5042 -0.7791 -0.3725
vn -0.0706 0.9679 0.2414
vn 0.1970 0.6630 0.7223
vn 0.3207 -0.9472 -0.0022
vn 0.0818 0.9529 -0.2921
vn 0.0664 0.9194 0.3878
vn 0.3096 0.5844 0.7501
vn -0.0666 -0.8875 -0.4559
vn 0.0830 0.7408 -0.6665
vn -0.2985 -0.8500 -0.4339
vn -0.3266 -0.6014 -0.7291
vn -0.2000 -0.9453 -0.2578
vn -0.2974 -0.9386 0.1749
vn 0.2170 -0.6184 0.7553
vn 0.1437 0.8033 -0.5780
vn -0.0976 -0.9245 -0.3684
vn -0.1219 0.9801 0.1567
vn -0.2895 0.9196 -0.2654
vn -0.2099 0.9606 -0.1819
vn 0.1394 -0.6771 0.7225
vn 0.1023 0.5871 -0.8030
vn 0.1801 0.4552 -0.8720
vn 0.2955 -0.9088 0.2945
vn 0.0715 0.7690 -0.6352
vn 0.6002 0.7774 0.1881
vn 0.4385 0.8896 -0.1283
vn -0.0454 0.8468 -0.5300
vn 0.5468 -0.5699 0.6134
vn -0.2338 0.7738 -0.5887
vn 0.1783 -0.9676 0.1789
vn -0.1913 -0.9726 -0.1323
vn 0.1726 0.8334 -0.5251
vn 0.0717 0.7340 -0.6753
vn -0.6124 -0.7133 0.3409
vn 0.4274 0.8958 -0.1217
vn 0.6598 0.7140 0.2342
vn -0.0596 0.8441 -0.5329
vn 0.1216 0.8998 -0.4191
vn -0.5653 0.5663 -0.5997
vn -0.2903 -0.7101 0.6414
vn -0.7014 0.0269 -0.7122
vn 0.7014 -0.0269 0.7122
vn 0.2321 -0.3936 -0.8895
vn -0.8820 -0.4039 -0.2426
vn 0.0433 -0.8864 0.4608
vn 0.0358 -0.2717 -0.9617
vn 0.4658 -0.8838 0.0443
vn 0.2873 -0.9517 0.1080
vn 0.4514 -0.8484 0.2765
vn 0.3111 -0.9407 -0.1354
vn -0.3447 0.9269 -0.1486
vn -0.5202 0.8491 -0.0923
vn -0.4880 0.7893 -0.3727
vn 0.0828 -0.0530 -0.9952
vn 0.1165 -0.3804 -0.9174
vn 0.8324 -0.3027 0.4642
vn 0.4599 -0.5172 -0.7218
vn 0.2486 -0.4101 -0.8775
vn 0.0219 0.3117 0.9499
vn -0.1265 0.4355 0.8912
vn -0.1505 0.9018 0.4051
vn -0.1482 0.7528 0.6414
vn -0.6396 0.6867 -0.3455
vn -0.4630 0.2982 -0.8347
vn -0.4673 0.0336 -0.8835
vn -0.1504 0.7564 0.6365
vn -0.0513 0.3752 0.9255
vn -0.1704 0.7179 0.6750
vn -0.2557 0.7110 0.6550
vn -0.0029 0.8858 -0.4641
vn -0.1190 0.9881 -0.0974
vn -0.2775 0.9601 0.0336
vn -0.3547 0.6200 0.6998
vn -0.6037 0.7840 0.1447
vn -0.6239 0.5531 -0.5522
vn 0.1518 0.9340 0.3235
vn 0.1082 0.9124 -0.3947
vn -0.0120 0.2326 0.9725
vn -0.0691 0.1901 0.9793
vn -0.5263 0.6989 -0.4844
vn -0.5641 0.5507 -0.6153
vn -0.5560 -0.1893 -0.8093
vn -0.6245 -0.2234 -0.7484
vn 0.4410 0.0701 0.8947
vn 0.2985 -0.1382 0.9443
vn 0.2970 -0.1397 0.9446
vn 0.4382 0.0670 0.8964
vn 0.0271 0.3783 -0.9253
vn -0.3877 -0.1633 -0.9072
vn -0.0049 -0.2247 0.9744
vn -0.0619 -0.2314 0.9709
vn -0.0613 -0.2310 0.9710
vn -0.1668 0.2433 -0.9555
vn -0.0258 0.3150 -0.9487
vn 0.0423 0.4038 -0.9139
vn 0.1368 0.4917 -0.8600
vn 0.0414 0.4028 -0.9144
vn 0.2520 -0.2320 0.9395
vn -0.1022 -0.2500 0.9628
vn -0.7604 -0.6440 0.0841
vn -0.1021 -0.2497 0.9629
vn -0.2606 0.1462 -0.9543
vn -0.2635 0.1452 -0.9537
vn 0.5877 0.7581 -0.2825
vn 0.5891 0.7583 -0.2790
vn 0.2757 0.6102 -0.7427
vn 0.3116 -0.1859 0.9318
vn -0.5821 -0.3690 -0.7245
vn -0.5228 -0.3063 -0.7955
vn -0.5236 -0.3065 -0.7949
vn -0.5822 -0.3688 -0.7246
vn 0.0331 0.9777 -0.2072
vn -0.0318 0.9795 -0.1988
vn -0.1447 0.9825 -0.1175
vn -0.1708 0.9831 -0.0653
vn -0.1709 0.9831 0.0653
vn -0.1448 0.9825 0.1175
vn -0.0317 0.9795 0.1988
vn -0.0087 0.9998 0.0152
vn 0.1777 0.9734 0.1443
vn 0.0088 0.9998 0.0154
vn 0.2188 0.9722 -0.0837
vn -0.0001 -1.0000 -0.0000
vn -0.0000 -1.0000 -0.0001
vn 0.0001 -1.0000 -0.0000
vn -0.0000 -1.0000 0.0001
vt 0.661273 0.166667
vt 0.819482 0.180941
vt 0.821317 0.500000
vt 0.661273 0.500000
vt 0.915049 0.250000
vt 0.933665 0.500000
vt 0.915049 0.750000
vt 0.819482 0.819059
vt 0.661273 0.833333
vt 0.081715 0.250000
vt 0.173906 0.180941
vt 0.172140 0.500000
vt 0.063808 0.500000
vt 0.327940 0.166667
vt 0.327940 0.500000
vt 0.327940 0.833333
vt 0.173906 0.819059
vt 0.081715 0.750000
vt 0.327940 0.166667
vt 0.493797 0.166667
vt 0.493797 0.500000
vt 0.327940 0.500000
vt 0.661273 0.166667
vt 0.661273 0.500000
vt 0.493797 0.833333
vt 0.327940 0.833333
vt 0.327940 0.166667
vt 0.327940 0.500000
vt 0.661273 0.166667
vt 0.821317 0.500000
vt 0.661273 0.833333
vt 0.660194 0.000000
vt 0.661093 0.500000
vt 0.830187 0.500000
vt 0.830097 0.000000
vt 0.660194 1.000000
vt 0.830097 1.000000
vt 1.000000 1.000000
vt 1.000000 0.500000
vt 1.000000 0.000000
vt 0.000000 0.000000
vt 0.000000 0.500000
vt 0.163520 0.500000
vt 0.163430 0.000000
vt 0.000000 1.000000
vt 0.163430 1.000000
vt 0.326861 1.000000
vt 0.327760 0.500000
vt 0.326861 0.000000
vt 0.493707 0.500000
vt 0.493528 0.000000
vt 0.493528 1.000000
vt 0.661093 0.500000
vt 0.063808 0.500000
vt 0.017655 0.500000
vt 0.054603 0.167052
vt 0.054603 0.832948
vt 0.000000 1.000000
vt 0.819482 0.180941
vt 0.823392 0.037423
vt 0.943235 0.167052
vt 0.661183 0.020833
vt 0.830097 0.000000
vt 1.000000 0.000000
vt 0.933665 0.500000
vt 0.981646 0.500000
vt 0.943235 0.832948
vt 1.000000 1.000000
vt 0.170100 0.962577
vt 0.327850 0.979167
vt 0.173906 0.180941
vt 0.170100 0.037423
vt 0.327850 0.020833
vt 0.493797 0.166667
vt 0.493752 0.020833
vt 0.823393 0.962577
vt 0.661183 0.979167
vt 0.493752 0.979167
vt 0.661273 0.166667
vt 0.661183 0.020833
vt 0.170100 0.037423
vt 0.819482 0.180941
vt 0.916667 0.998553
vt 0.916667 0.987269
vt 0.916667 1.000000
vt 0.833333 1.000000
vt 0.833333 0.998264
vt 0.833333 0.986111
vt 0.750000 0.998264
vt 0.750000 0.986111
vt 0.750000 1.000000
vt 0.666667 1.000000
vt 0.666667 0.998264
vt 0.666667 0.986111
vt 0.583333 0.998264
vt 0.583333 0.986111
vt 0.583333 1.000000
vt 0.500000 1.000000
vt 0.500000 0.998264
vt 0.500000 0.986111
vt 0.416667 0.998264
vt 0.416667 0.986111
vt 0.416667 1.000000
vt 0.333333 1.000000
vt 0.333333 0.998264
vt 0.333333 0.986111
vt 0.750000 0.490000
vt 0.853923 0.430000
vt 0.819282 0.370000
vt 0.750000 0.370000
vt 0.957846 0.370000
vt 0.853923 0.310000
vt 0.853923 0.430000
vt 0.750000 0.250000
vt 0.750000 0.370000
vt 0.250000 0.998264
vt 0.250000 0.986111
vt 0.250000 1.000000
vt 0.166667 1.000000
vt 0.166667 0.998264
vt 0.166667 0.986111
vt 0.083333 0.998553
vt 0.083333 0.987269
vt 0.083333 1.000000
vt -0.000000 1.000000
vt -0.000000 1.000000
vt -0.000000 1.000000
vt 0.166667 0.500000
vt 0.166667 0.541667
vt 0.083333 0.541667
vt 0.083333 0.500000
vt 0.166667 0.583333
vt 0.083333 0.583333
vt -0.000000 0.583333
vt -0.000000 0.541667
vt -0.000000 0.500000
vt 0.166667 0.625000
vt 0.083333 0.625000
vt 0.166667 0.666667
vt 0.083333 0.666667
vt -0.000000 0.666667
vt -0.000000 0.625000
vt 0.166667 0.708333
vt 0.083333 0.708333
vt 0.166667 0.750000
vt 0.083333 0.750000
vt -0.000000 0.750000
vt -0.000000 0.708333
vt 0.166667 0.791667
vt 0.083333 0.791667
vt 0.166667 0.833333
vt 0.083333 0.833333
vt -0.000000 0.833333
vt -0.000000 0.791667
vt 0.166667 0.875000
vt 0.083333 0.875000
vt 0.166667 0.916667
vt 0.083333 0.916667
vt -0.000000 0.916667
vt -0.000000 0.875000
vt 0.333333 0.500000
vt 0.333333 0.541667
vt 0.250000 0.541667
vt 0.250000 0.500000
vt 0.333333 0.583333
vt 0.250000 0.583333
vt 0.333333 0.583333
vt 0.333333 0.625000
vt 0.250000 0.625000
vt 0.250000 0.583333
vt 0.333333 0.666667
vt 0.250000 0.666667
vt 0.166667 0.666667
vt 0.166667 0.625000
vt 0.166667 0.583333
vt 0.333333 0.708333
vt 0.250000 0.708333
vt 0.333333 0.750000
vt 0.250000 0.750000
vt 0.166667 0.750000
vt 0.166667 0.708333
vt 0.333333 0.791667
vt 0.250000 0.791667
vt 0.333333 0.833333
vt 0.250000 0.833333
vt 0.166667 0.791667
vt 0.333333 0.875000
vt 0.250000 0.875000
vt 0.333333 0.916667
vt 0.250000 0.916667
vt 0.166667 0.916667
vt 0.166667 0.875000
vt 0.500000 0.500000
vt 0.500000 0.541956
vt 0.416667 0.541667
vt 0.416667 0.500000
vt 0.500000 0.583333
vt 0.416667 0.583333
vt 0.500000 0.583333
vt 0.500000 0.625000
vt 0.416667 0.625000
vt 0.416667 0.583333
vt 0.500000 0.666667
vt 0.416667 0.666667
vt 0.500000 0.708333
vt 0.416667 0.708333
vt 0.500000 0.750000
vt 0.416667 0.750000
vt 0.500000 0.791667
vt 0.416667 0.791667
vt 0.500000 0.833333
vt 0.416667 0.833333
vt 0.500000 0.875000
vt 0.416667 0.875000
vt 0.500000 0.916667
vt 0.416667 0.916667
vt 0.666667 0.513889
vt 0.666667 0.543403
vt 0.583333 0.543113
vt 0.583333 0.512731
vt 0.666667 0.583333
vt 0.583333 0.583333
vt 0.666667 0.583333
vt 0.666667 0.625000
vt 0.583333 0.625000
vt 0.583333 0.583333
vt 0.666667 0.666667
vt 0.583333 0.666667
vt 0.666667 0.708333
vt 0.583333 0.708333
vt 0.666667 0.750000
vt 0.583333 0.750000
vt 0.666667 0.791667
vt 0.583333 0.791667
vt 0.666667 0.833333
vt 0.583333 0.833333
vt 0.666667 0.875000
vt 0.583333 0.875000
vt 0.666667 0.916667
vt 0.583333 0.916667
vt 0.833333 0.513889
vt 0.833333 0.543403
vt 0.750000 0.543403
vt 0.750000 0.513889
vt 0.833333 0.583333
vt 0.750000 0.583333
vt 0.666667 0.543403
vt 0.833333 0.625000
vt 0.750000 0.625000
vt 0.833333 0.666667
vt 0.750000 0.666667
vt 0.833333 0.708333
vt 0.750000 0.708333
vt 0.833333 0.750000
vt 0.750000 0.750000
vt 0.833333 0.791667
vt 0.750000 0.791667
vt 0.833333 0.833333
vt 0.750000 0.833333
vt 0.833333 0.875000
vt 0.750000 0.875000
vt 0.833333 0.916667
vt 0.750000 0.916667
vt 1.000000 0.500000
vt 1.000000 0.541667
vt 0.916667 0.543113
vt 0.916667 0.512732
vt 1.000000 0.583333
vt 0.916667 0.583333
vt 0.833333 0.583333
vt 0.833333 0.543403
vt 0.833333 0.513889
vt 1.000000 0.625000
vt 0.916667 0.625000
vt 1.000000 0.666667
vt 0.916667 0.666667
vt 0.833333 0.666667
vt 1.000000 0.708333
vt 0.916667 0.708333
vt 1.000000 0.750000
vt 0.916667 0.750000
vt 0.833333 0.750000
vt 0.833333 0.708333
vt 1.000000 0.791667
vt 0.916667 0.791667
vt 1.000000 0.833333
vt 0.916667 0.833333
vt 0.833333 0.833333
vt 1.000000 0.875000
vt 0.916667 0.875000
vt 1.000000 0.916667
vt 0.916667 0.916667
vt 0.833333 0.916667
vt 0.833333 0.875000
vt 0.866401 0.166667
vt 0.940008 0.152778
vt 0.940008 0.500000
vt 0.866401 0.500000
vt 0.940008 0.847222
vt 0.866401 0.833333
vt 0.071339 0.166667
vt 0.182494 0.166667
vt 0.182494 0.500000
vt 0.071339 0.500000
vt 0.332155 0.166667
vt 0.332155 0.500000
vt 0.332155 0.833333
vt 0.182494 0.833333
vt 0.071339 0.833333
vt 0.491919 0.166667
vt 0.491919 0.500000
vt 0.642032 0.166667
vt 0.642032 0.500000
vt 0.642032 0.833333
vt 0.491919 0.833333
vt 0.884554 0.000000
vt 0.869427 0.500000
vt 0.940764 0.500000
vt 0.942277 0.000000
vt 0.884553 1.000000
vt 0.942277 1.000000
vt 0.025293 0.000000
vt 0.063664 0.500000
vt 0.180355 0.500000
vt 0.176077 0.000000
vt 0.025293 1.000000
vt 0.176077 1.000000
vt 0.331273 0.500000
vt 0.492455 0.500000
vt 0.645059 0.500000
vt 0.004215 0.166667
vt 0.001054 0.500000
vt 0.000878 0.500000
vt 0.003864 0.152778
vt 0.004215 0.833333
vt 0.003864 0.847222
vt 0.866401 0.000000
vt 0.767835 0.000000
vt 0.768591 0.000000
vt 0.867914 0.000000
vt 0.642032 0.000000
vt 0.643546 0.000000
vt 0.772374 0.000000
vt 0.980759 0.833333
vt 0.995190 0.500000
vt 0.995991 0.500000
vt 0.982362 0.847222
vt 0.980759 0.166667
vt 0.982362 0.152778
vt 0.025293 1.000000
vt 0.176077 1.000000
vt 0.180355 1.000000
vt 0.063664 1.000000
vt 0.326861 1.000000
vt 0.331273 1.000000
vt 0.071339 0.000000
vt 0.018929 0.020833
vt 0.017882 0.017361
vt 0.067501 0.000000
vt 0.012646 0.000000
vt 0.491919 0.000000
vt 0.492187 0.000000
vt 0.332155 0.000000
vt 0.331714 0.000000
vt 0.866401 1.000000
vt 0.937603 0.979167
vt 0.938382 0.982639
vt 0.867914 1.000000
vt 0.491368 1.000000
vt 0.492077 1.000000
vt 0.642032 1.000000
vt 0.643545 1.000000
vt 0.166667 0.956597
vt 0.083333 0.956887
vt -0.000000 0.958333
vt 0.333333 0.956597
vt 0.250000 0.956597
vt 0.333333 0.986111
vt 0.250000 0.986111
vt 0.166667 0.986111
vt 0.166667 0.956597
vt 0.500000 0.956597
vt 0.416667 0.956597
vt 0.500000 0.986111
vt 0.666667 0.956597
vt 0.583333 0.956597
vt 0.666667 0.986111
vt 0.833333 0.956597
vt 0.750000 0.956597
vt 0.833333 0.986111
vt 1.000000 0.958333
vt 0.916667 0.956887
vt 0.916667 0.501447
vt 0.916667 0.500000
vt 0.833333 0.501736
vt 0.833333 0.500000
vt 0.750000 0.501736
vt 0.750000 0.500000
vt 0.750000 0.513889
vt 0.666667 0.501736
vt 0.666667 0.500000
vt 0.583333 0.501447
vt 0.583333 0.500000
vt 0.500000 0.500000
vt 0.416667 0.500000
vt 0.416667 0.500000
vt 0.333333 0.500000
vt 0.250000 0.500000
vt 0.166667 0.500000
vt 0.166667 0.500000
vt 0.083333 0.500000
vt 0.083333 0.500000
vt -0.000000 0.500000
vt 0.182494 0.000000
vt 0.181425 0.000000
vt 0.176077 0.000000
vt 0.014133 0.979167
vt 0.016923 0.982639
vt 0.012646 1.000000
vt 0.016483 0.500000
vt 0.006323 0.250000
vt 0.019202 0.180941
vt 0.019066 0.500000
vt 0.004938 0.500000
vt 0.071339 0.166667
vt 0.071339 0.500000
vt 0.019202 0.819059
vt 0.006323 0.750000
vt 0.767835 1.000000
vt 0.768591 1.000000
vt 0.772374 1.000000
vt 0.937603 0.020833
vt 0.938382 0.017361
vt 0.769348 0.500000
vt 0.767835 0.166667
vt 0.767835 0.500000
vt 0.866401 0.166667
vt 0.866401 0.500000
vt 0.767835 0.833333
vt 0.940008 0.017361
vt 0.866401 0.166667
vt 0.866401 0.020833
vt 0.939607 0.003472
vt 1.000000 0.000000
vt 0.767835 0.979167
vt 0.642032 0.979167
vt 0.866401 0.979167
vt 0.767835 1.000000
vt 0.642032 1.000000
vt 0.018038 0.959105
vt 0.004576 0.819059
vt 0.067501 0.979167
vt 0.025293 1.000000
vt 0.014133 0.979167
vt 0.004215 0.833333
vt 0.332155 0.166667
vt 0.182494 0.166667
vt 0.182494 0.020833
vt 0.332155 0.020833
vt 0.071339 0.166667
vt 0.071339 0.020833
vt 0.071339 0.000000
vt 0.182494 0.000000
vt 0.491919 0.833333
vt 0.491809 0.979167
vt 0.331714 0.979167
vt 0.642032 0.833333
vt 0.642032 0.979167
vt 0.326861 1.000000
vt 0.940008 0.982639
vt 0.866401 0.979167
vt 0.939607 0.996528
vt 0.491919 0.020833
vt 0.642032 0.020833
vt 0.491919 0.000000
vt 0.642032 0.000000
vt 0.071339 0.166667
vt 0.019202 0.180941
vt 0.018997 0.040895
vt 0.004576 0.180941
vt 0.004215 0.166667
vt 0.018929 0.020833
vt 0.182494 0.833333
vt 0.181425 0.979167
vt 0.176077 1.000000
vt 1.000000 0.500000
vt 0.767835 0.020833
vt 0.767835 0.000000
vt 0.866401 0.000000
vt 0.001542 0.500000
vt 0.938004 0.017361
vt 0.982362 0.152778
vt 0.767835 1.000000
vt 0.642032 1.000000
vt 0.866401 1.000000
vt 0.013173 0.979167
vt 0.004215 0.833333
vt 0.025293 1.000000
vt 0.182494 0.000000
vt 0.491257 1.000000
vt 0.938003 0.982639
vt 0.982362 0.847222
vt 0.018929 0.020833
vt 0.004215 0.166667
vt 0.004215 0.166667
vt 0.004215 0.166667
vt 0.025293 1.000000
vt 0.326861 1.000000
vt 0.326861 1.000000
vt 0.025293 1.000000
vt 0.995992 0.500000
vt 0.866401 0.000000
vt 0.001054 0.500000
vt 0.004215 0.833333
vt 0.457846 0.370000
vt 0.353923 0.430000
vt 0.319282 0.370000
vt 0.353923 0.310000
vt 0.250000 0.490000
vt 0.250000 0.370000
vt 0.353923 0.430000
vt 0.250000 0.250000
vt 0.353923 0.310000
vt 0.250000 0.370000
vt 0.146077 0.430000
vt 0.180718 0.370000
vt 0.250000 0.370000
vt 0.042154 0.370000
vt 0.146077 0.310000
vt 0.146077 0.430000
vt 0.250000 0.370000
vt 0.146077 0.310000
vt 0.042154 0.250000
vt 0.111436 0.250000
vt 0.146077 0.310000
vt 0.042154 0.130000
vt 0.146077 0.190000
vt 0.146077 0.190000
vt 0.146077 0.070000
vt 0.180718 0.130000
vt 0.250000 0.010000
vt 0.250000 0.130000
vt 0.146077 0.190000
vt 0.353923 0.070000
vt 0.319282 0.130000
vt 0.250000 0.130000
vt 0.457846 0.130000
vt 0.353923 0.190000
vt 0.250000 0.130000
vt 0.457846 0.250000
vt 0.388564 0.250000
vt 0.353923 0.310000
vt 0.353923 0.190000
vt 0.957846 0.250000
vt 0.888564 0.250000
vt 0.853923 0.310000
vt 0.957846 0.130000
vt 0.853923 0.190000
vt 0.853923 0.190000
vt 0.853923 0.070000
vt 0.819282 0.130000
vt 0.750000 0.010000
vt 0.750000 0.130000
vt 0.853923 0.190000
vt 0.646077 0.070000
vt 0.680718 0.130000
vt 0.750000 0.130000
vt 0.542154 0.130000
vt 0.646077 0.190000
vt 0.750000 0.130000
vt 0.646077 0.190000
vt 0.542154 0.250000
vt 0.611436 0.250000
vt 0.542154 0.370000
vt 0.646077 0.310000
vt 0.646077 0.190000
vt 0.646077 0.310000
vt 0.646077 0.430000
vt 0.680718 0.370000
vt 0.750000 0.370000
vt 0.646077 0.430000
vt 0.646077 0.310000
s 0
usemtl Material.001
f 6/1/1 986/2/1 2779/3/1 994/4/1
f 986/2/2 2/5/2 987/6/2 2779/3/2
f 2779/3/3 987/6/3 4/7/3 991/8/3
f 994/4/4 2779/3/4 991/8/4 7/9/4
f 1/10/5 989/11/5 2780/12/5 985/13/5
f 989/11/6 5/14/6 993/15/6 2780/12/6
f 2780/12/7 993/15/7 8/16/7 988/17/7
f 985/13/8 2780/12/8 988/17/8 3/18/8
f 5/19/9 990/20/9 2781/21/9 993/22/9
f 990/20/10 6/23/10 994/24/10 2781/21/10
f 2781/21/11 994/24/11 7/9/11 992/25/11
f 993/22/12 2781/21/12 992/25/12 8/26/12
f 14/1/13 996/2/13 2782/3/13 1004/4/13
f 996/2/14 10/5/14 997/6/14 2782/3/14
f 2782/3/15 997/6/15 12/7/15 1001/8/15
f 1004/4/16 2782/3/16 1001/8/16 15/9/16
f 9/10/17 999/11/17 2783/12/17 995/13/17
f 999/11/18 13/14/18 1003/15/18 2783/12/18
f 2783/12/19 1003/15/19 16/16/19 998/17/19
f 995/13/20 2783/12/20 998/17/20 11/18/20
f 13/19/21 1000/20/21 2784/21/21 1003/22/21
f 1000/20/22 14/23/22 1004/24/22 2784/21/22
f 2784/21/23 1004/24/23 15/9/23 1002/25/23
f 1003/22/24 2784/21/24 1002/25/24 16/26/24
f 22/1/25 1006/2/25 2785/3/25 1014/4/25
f 1006/2/26 18/5/26 1007/6/26 2785/3/26
f 2785/3/27 1007/6/27 20/7/27 1011/8/27
f 1014/4/28 2785/3/28 1011/8/28 23/9/28
f 17/10/29 1009/11/29 2786/12/29 1005/13/29
f 1009/11/30 21/14/30 1013/15/30 2786/12/30
f 2786/12/31 1013/15/31 24/16/31 1008/17/31
f 1005/13/32 2786/12/32 1008/17/32 19/18/32
f 21/19/33 1010/20/33 2787/21/33 1013/22/33
f 1010/20/34 22/23/34 1014/24/34 2787/21/34
f 2787/21/35 1014/24/35 23/9/35 1012/25/35
f 1013/22/36 2787/21/36 1012/25/36 24/26/36
f 28/19/37 1019/20/37 2788/21/37 1016/22/37
f 1019/20/38 27/23/38 1015/24/38 2788/21/38
f 2788/21/39 1015/24/39 26/9/39 1017/25/39
f 1016/22/40 2788/21/40 1017/25/40 25/26/40
f 32/10/41 1020/11/41 2789/12/41 1024/13/41
f 1020/11/42 28/27/42 1016/28/42 2789/12/42
f 2789/12/43 1016/28/43 25/16/43 1021/17/43
f 1024/13/44 2789/12/44 1021/17/44 30/18/44
f 27/29/45 1023/2/45 2790/30/45 1015/4/45
f 1023/2/46 31/5/46 1022/6/46 2790/30/46
f 2790/30/47 1022/6/47 29/7/47 1018/8/47
f 1015/4/48 2790/30/48 1018/8/48 26/31/48
f 38/1/49 1026/2/49 2791/3/49 1034/4/49
f 1026/2/50 34/5/50 1027/6/50 2791/3/50
f 2791/3/51 1027/6/51 36/7/51 1031/8/51
f 1034/4/52 2791/3/52 1031/8/52 39/9/52
f 33/10/53 1029/11/53 2792/12/53 1025/13/53
f 1029/11/54 37/14/54 1033/15/54 2792/12/54
f 2792/12/55 1033/15/55 40/16/55 1028/17/55
f 1025/13/56 2792/12/56 1028/17/56 35/18/56
f 37/19/57 1030/20/57 2793/21/57 1033/22/57
f 1030/20/58 38/23/58 1034/24/58 2793/21/58
f 2793/21/59 1034/24/59 39/9/59 1032/25/59
f 1033/22/60 2793/21/60 1032/25/60 40/26/60
f 46/1/61 1036/2/61 2794/3/61 1044/4/61
f 1036/2/62 42/5/62 1037/6/62 2794/3/62
f 2794/3/63 1037/6/63 44/7/63 1041/8/63
f 1044/4/64 2794/3/64 1041/8/64 47/9/64
f 41/10/65 1039/11/65 2795/12/65 1035/13/65
f 1039/11/66 45/14/66 1043/15/66 2795/12/66
f 2795/12/67 1043/15/67 48/16/67 1038/17/67
f 1035/13/68 2795/12/68 1038/17/68 43/18/68
f 45/19/69 1040/20/69 2796/21/69 1043/22/69
f 1040/20/70 46/23/70 1044/24/70 2796/21/70
f 2796/21/71 1044/24/71 47/9/71 1042/25/71
f 1043/22/72 2796/21/72 1042/25/72 48/26/72
f 54/1/73 1046/2/73 2797/3/73 1054/4/73
f 1046/2/74 50/5/74 1047/6/74 2797/3/74
f 2797/3/75 1047/6/75 52/7/75 1051/8/75
f 1054/4/76 2797/3/76 1051/8/76 55/9/76
f 49/10/77 1049/11/77 2798/12/77 1045/13/77
f 1049/11/78 53/14/78 1053/15/78 2798/12/78
f 2798/12/79 1053/15/79 56/16/79 1048/17/79
f 1045/13/80 2798/12/80 1048/17/80 51/18/80
f 53/19/81 1050/20/81 2799/21/81 1053/22/81
f 1050/20/82 54/23/82 1054/24/82 2799/21/82
f 2799/21/83 1054/24/83 55/9/83 1052/25/83
f 1053/22/84 2799/21/84 1052/25/84 56/26/84
f 62/32/85 1064/33/85 2800/34/85 1056/35/85
f 1064/33/86 63/36/86 1061/37/86 2800/34/86
f 2800/34/87 1061/37/87 60/38/87 1057/39/87
f 1056/35/88 2800/34/88 1057/39/88 58/40/88
f 57/41/89 1055/42/89 2801/43/89 1059/44/89
f 1055/42/90 59/45/90 1058/46/90 2801/43/90
f 2801/43/91 1058/46/91 64/47/91 1063/48/91
f 1059/44/92 2801/43/92 1063/48/92 61/49/92
f 61/49/93 1063/48/93 2802/50/93 1060/51/93
f 1063/48/94 64/47/94 1062/52/94 2802/50/94
f 2802/50/95 1062/52/95 63/36/95 1064/33/95
f 1060/51/96 2802/50/96 1064/33/96 62/32/96
f 70/32/97 1074/33/97 2803/34/97 1066/35/97
f 1074/33/98 71/36/98 1071/37/98 2803/34/98
f 2803/34/99 1071/37/99 68/38/99 1067/39/99
f 1066/35/100 2803/34/100 1067/39/100 66/40/100
f 65/41/101 1065/42/101 2804/43/101 1069/44/101
f 1065/42/102 67/45/102 1068/46/102 2804/43/102
f 2804/43/103 1068/46/103 72/47/103 1073/48/103
f 1069/44/104 2804/43/104 1073/48/104 69/49/104
f 69/49/105 1073/48/105 2805/50/105 1070/51/105
f 1073/48/106 72/47/106 1072/52/106 2805/50/106
f 2805/50/107 1072/52/107 71/36/107 1074/33/107
f 1070/51/108 2805/50/108 1074/33/108 70/32/108
f 78/32/109 1084/33/109 2806/34/109 1076/35/109
f 1084/33/110 79/36/110 1081/37/110 2806/34/110
f 2806/34/111 1081/37/111 76/38/111 1077/39/111
f 1076/35/112 2806/34/112 1077/39/112 74/40/112
f 73/41/113 1075/42/113 2807/43/113 1079/44/113
f 1075/42/114 75/45/114 1078/46/114 2807/43/114
f 2807/43/115 1078/46/115 80/47/115 1083/48/115
f 1079/44/116 2807/43/116 1083/48/116 77/49/116
f 77/49/117 1083/48/117 2808/50/117 1080/51/117
f 1083/48/118 80/47/118 1082/52/118 2808/50/118
f 2808/50/119 1082/52/119 79/36/119 1084/33/119
f 1080/51/120 2808/50/120 1084/33/120 78/32/120
f 84/49/121 1086/48/121 2809/50/121 1089/51/121
f 1086/48/122 81/47/122 1087/52/122 2809/50/122
f 2809/50/123 1087/52/123 82/36/123 1085/53/123
f 1089/51/124 2809/50/124 1085/53/124 83/32/124
f 88/41/125 1094/42/125 2810/43/125 1090/44/125
f 1094/42/126 86/45/126 1091/46/126 2810/43/126
f 2810/43/127 1091/46/127 81/47/127 1086/48/127
f 1090/44/128 2810/43/128 1086/48/128 84/49/128
f 83/32/129 1085/53/129 2811/34/129 1093/35/129
f 1085/53/130 82/36/130 1088/37/130 2811/34/130
f 2811/34/131 1088/37/131 85/38/131 1092/39/131
f 1093/35/132 2811/34/132 1092/39/132 87/40/132
f 94/32/133 1104/33/133 2812/34/133 1096/35/133
f 1104/33/134 95/36/134 1101/37/134 2812/34/134
f 2812/34/135 1101/37/135 92/38/135 1097/39/135
f 1096/35/136 2812/34/136 1097/39/136 90/40/136
f 89/41/137 1095/42/137 2813/43/137 1099/44/137
f 1095/42/138 91/45/138 1098/46/138 2813/43/138
f 2813/43/139 1098/46/139 96/47/139 1103/48/139
f 1099/44/140 2813/43/140 1103/48/140 93/49/140
f 93/49/141 1103/48/141 2814/50/141 1100/51/141
f 1103/48/142 96/47/142 1102/52/142 2814/50/142
f 2814/50/143 1102/52/143 95/36/143 1104/33/143
f 1100/51/144 2814/50/144 1104/33/144 94/32/144
f 102/32/145 1114/33/145 2815/34/145 1106/35/145
f 1114/33/146 103/36/146 1111/37/146 2815/34/146
f 2815/34/147 1111/37/147 100/38/147 1107/39/147
f 1106/35/148 2815/34/148 1107/39/148 98/40/148
f 97/41/149 1105/42/149 2816/43/149 1109/44/149
f 1105/42/150 99/45/150 1108/46/150 2816/43/150
f 2816/43/151 1108/46/151 104/47/151 1113/48/151
f 1109/44/152 2816/43/152 1113/48/152 101/49/152
f 101/49/153 1113/48/153 2817/50/153 1110/51/153
f 1113/48/154 104/47/154 1112/52/154 2817/50/154
f 2817/50/155 1112/52/155 103/36/155 1114/33/155
f 1110/51/156 2817/50/156 1114/33/156 102/32/156
f 110/32/157 1124/33/157 2818/34/157 1116/35/157
f 1124/33/158 111/36/158 1121/37/158 2818/34/158
f 2818/34/159 1121/37/159 108/38/159 1117/39/159
f 1116/35/160 2818/34/160 1117/39/160 106/40/160
f 105/41/161 1115/42/161 2819/43/161 1119/44/161
f 1115/42/162 107/45/162 1118/46/162 2819/43/162
f 2819/43/163 1118/46/163 112/47/163 1123/48/163
f 1119/44/164 2819/43/164 1123/48/164 109/49/164
f 109/49/165 1123/48/165 2820/50/165 1120/51/165
f 1123/48/166 112/47/166 1122/52/166 2820/50/166
f 2820/50/167 1122/52/167 111/36/167 1124/33/167
f 1120/51/168 2820/50/168 1124/33/168 110/32/168
f 1/10/169 985/54/169 2821/55/169 1125/56/169
f 985/54/170 3/18/170 1127/57/170 2821/55/170
f 2821/55/171 1127/57/171 59/58/171 1055/42/171
f 1125/56/172 2821/55/172 1055/42/172 57/41/172
f 2/5/173 986/59/173 2822/60/173 1126/61/173
f 986/59/174 6/1/174 1130/62/174 2822/60/174
f 2822/60/175 1130/62/175 62/32/175 1056/63/175
f 1126/61/176 2822/60/176 1056/63/176 58/64/176
f 4/7/177 987/65/177 2823/66/177 1128/67/177
f 987/65/178 2/5/178 1126/61/178 2823/66/178
f 2823/66/179 1126/61/179 58/64/179 1057/39/179
f 1128/67/180 2823/66/180 1057/39/180 60/68/180
f 3/18/181 988/17/181 2824/69/181 1127/57/181
f 988/17/182 8/16/182 1132/70/182 2824/69/182
f 2824/69/183 1132/70/183 64/47/183 1058/46/183
f 1127/57/184 2824/69/184 1058/46/184 59/58/184
f 5/14/185 989/71/185 2825/72/185 1129/73/185
f 989/71/186 1/10/186 1125/56/186 2825/72/186
f 2825/72/187 1125/56/187 57/41/187 1059/44/187
f 1129/73/188 2825/72/188 1059/44/188 61/49/188
f 6/1/189 990/74/189 2826/75/189 1130/62/189
f 990/74/190 5/14/190 1129/73/190 2826/75/190
f 2826/75/191 1129/73/191 61/49/191 1060/51/191
f 1130/62/192 2826/75/192 1060/51/192 62/32/192
f 7/9/193 991/8/193 2827/76/193 1131/77/193
f 991/8/194 4/7/194 1128/67/194 2827/76/194
f 2827/76/195 1128/67/195 60/68/195 1061/37/195
f 1131/77/196 2827/76/196 1061/37/196 63/36/196
f 8/16/197 992/25/197 2828/78/197 1132/70/197
f 992/25/198 7/9/198 1131/77/198 2828/78/198
f 2828/78/199 1131/77/199 63/36/199 1062/52/199
f 1132/70/200 2828/78/200 1062/52/200 64/47/200
f 9/10/201 995/54/201 2829/55/201 1133/56/201
f 995/54/202 11/18/202 1135/57/202 2829/55/202
f 2829/55/203 1135/57/203 67/58/203 1065/42/203
f 1133/56/204 2829/55/204 1065/42/204 65/41/204
f 10/5/205 996/59/205 2830/60/205 1134/61/205
f 996/59/206 14/1/206 1138/62/206 2830/60/206
f 2830/60/207 1138/62/207 70/32/207 1066/63/207
f 1134/61/208 2830/60/208 1066/63/208 66/64/208
f 12/7/209 997/65/209 2831/66/209 1136/67/209
f 997/65/210 10/5/210 1134/61/210 2831/66/210
f 2831/66/211 1134/61/211 66/64/211 1067/39/211
f 1136/67/212 2831/66/212 1067/39/212 68/68/212
f 11/18/213 998/17/213 2832/69/213 1135/57/213
f 998/17/214 16/16/214 1140/70/214 2832/69/214
f 2832/69/215 1140/70/215 72/47/215 1068/46/215
f 1135/57/216 2832/69/216 1068/46/216 67/58/216
f 13/14/217 999/71/217 2833/72/217 1137/73/217
f 999/71/218 9/10/218 1133/56/218 2833/72/218
f 2833/72/219 1133/56/219 65/41/219 1069/44/219
f 1137/73/220 2833/72/220 1069/44/220 69/49/220
f 14/1/221 1000/74/221 2834/75/221 1138/62/221
f 1000/74/222 13/14/222 1137/73/222 2834/75/222
f 2834/75/223 1137/73/223 69/49/223 1070/51/223
f 1138/62/224 2834/75/224 1070/51/224 70/32/224
f 15/9/225 1001/8/225 2835/76/225 1139/77/225
f 1001/8/226 12/7/226 1136/67/226 2835/76/226
f 2835/76/227 1136/67/227 68/68/227 1071/37/227
f 1139/77/228 2835/76/228 1071/37/228 71/36/228
f 16/16/229 1002/25/229 2836/78/229 1140/70/229
f 1002/25/230 15/9/230 1139/77/230 2836/78/230
f 2836/78/231 1139/77/231 71/36/231 1072/52/231
f 1140/70/232 2836/78/232 1072/52/232 72/47/232
f 17/10/233 1005/54/233 2837/55/233 1141/56/233
f 1005/54/234 19/18/234 1143/57/234 2837/55/234
f 2837/55/235 1143/57/235 75/58/235 1075/42/235
f 1141/56/236 2837/55/236 1075/42/236 73/41/236
f 18/5/237 1006/59/237 2838/60/237 1142/61/237
f 1006/59/238 22/1/238 1146/62/238 2838/60/238
f 2838/60/239 1146/62/239 78/32/239 1076/63/239
f 1142/61/240 2838/60/240 1076/63/240 74/64/240
f 20/7/241 1007/65/241 2839/66/241 1144/67/241
f 1007/65/242 18/5/242 1142/61/242 2839/66/242
f 2839/66/243 1142/61/243 74/64/243 1077/39/243
f 1144/67/244 2839/66/244 1077/39/244 76/68/244
f 19/18/245 1008/17/245 2840/69/245 1143/57/245
f 1008/17/246 24/16/246 1148/70/246 2840/69/246
f 2840/69/247 1148/70/247 80/47/247 1078/46/247
f 1143/57/248 2840/69/248 1078/46/248 75/58/248
f 21/14/249 1009/71/249 2841/72/249 1145/73/249
f 1009/71/250 17/10/250 1141/56/250 2841/72/250
f 2841/72/251 1141/56/251 73/41/251 1079/44/251
f 1145/73/252 2841/72/252 1079/44/252 77/49/252
f 22/1/253 1010/74/253 2842/75/253 1146/62/253
f 1010/74/254 21/14/254 1145/73/254 2842/75/254
f 2842/75/255 1145/73/255 77/49/255 1080/51/255
f 1146/62/256 2842/75/256 1080/51/256 78/32/256
f 23/9/257 1011/8/257 2843/76/257 1147/77/257
f 1011/8/258 20/7/258 1144/67/258 2843/76/258
f 2843/76/259 1144/67/259 76/68/259 1081/37/259
f 1147/77/260 2843/76/260 1081/37/260 79/36/260
f 24/16/261 1012/25/261 2844/78/261 1148/70/261
f 1012/25/262 23/9/262 1147/77/262 2844/78/262
f 2844/78/263 1147/77/263 79/36/263 1082/52/263
f 1148/70/264 2844/78/264 1082/52/264 80/47/264
f 25/16/265 1017/25/265 2845/78/265 1149/70/265
f 1017/25/266 26/31/266 1150/77/266 2845/78/266
f 2845/78/267 1150/77/267 82/36/267 1087/52/267
f 1149/70/268 2845/78/268 1087/52/268 81/47/268
f 26/31/269 1018/8/269 2846/76/269 1150/77/269
f 1018/8/270 29/7/270 1153/67/270 2846/76/270
f 2846/76/271 1153/67/271 85/68/271 1088/37/271
f 1150/77/272 2846/76/272 1088/37/272 82/36/272
f 27/79/273 1019/74/273 2847/75/273 1151/80/273
f 1019/74/274 28/14/274 1152/73/274 2847/75/274
f 2847/75/275 1152/73/275 84/49/275 1089/51/275
f 1151/80/276 2847/75/276 1089/51/276 83/32/276
f 28/14/277 1020/71/277 2848/81/277 1152/73/277
f 1020/71/278 32/10/278 1156/56/278 2848/81/278
f 2848/81/279 1156/56/279 88/41/279 1090/44/279
f 1152/73/280 2848/81/280 1090/44/280 84/49/280
f 30/18/281 1021/17/281 2849/69/281 1154/57/281
f 1021/17/282 25/16/282 1149/70/282 2849/69/282
f 2849/69/283 1149/70/283 81/47/283 1091/46/283
f 1154/57/284 2849/69/284 1091/46/284 86/58/284
f 29/7/285 1022/65/285 2850/66/285 1153/67/285
f 1022/65/286 31/5/286 1155/61/286 2850/66/286
f 2850/66/287 1155/61/287 87/64/287 1092/39/287
f 1153/67/288 2850/66/288 1092/39/288 85/68/288
f 31/5/289 1023/82/289 2851/60/289 1155/61/289
f 1023/82/290 27/79/290 1151/80/290 2851/60/290
f 2851/60/291 1151/80/291 83/32/291 1093/63/291
f 1155/61/292 2851/60/292 1093/63/292 87/64/292
f 32/10/293 1024/54/293 2852/55/293 1156/56/293
f 1024/54/294 30/18/294 1154/57/294 2852/55/294
f 2852/55/295 1154/57/295 86/58/295 1094/42/295
f 1156/56/296 2852/55/296 1094/42/296 88/41/296
f 33/10/297 1025/54/297 2853/55/297 1157/56/297
f 1025/54/298 35/18/298 1159/57/298 2853/55/298
f 2853/55/299 1159/57/299 91/58/299 1095/42/299
f 1157/56/300 2853/55/300 1095/42/300 89/41/300
f 34/5/301 1026/59/301 2854/60/301 1158/61/301
f 1026/59/302 38/1/302 1162/62/302 2854/60/302
f 2854/60/303 1162/62/303 94/32/303 1096/63/303
f 1158/61/304 2854/60/304 1096/63/304 90/64/304
f 36/7/305 1027/65/305 2855/66/305 1160/67/305
f 1027/65/306 34/5/306 1158/61/306 2855/66/306
f 2855/66/307 1158/61/307 90/64/307 1097/39/307
f 1160/67/308 2855/66/308 1097/39/308 92/68/308
f 35/18/309 1028/17/309 2856/69/309 1159/57/309
f 1028/17/310 40/16/310 1164/70/310 2856/69/310
f 2856/69/311 1164/70/311 96/47/311 1098/46/311
f 1159/57/312 2856/69/312 1098/46/312 91/58/312
f 37/14/313 1029/71/313 2857/72/313 1161/73/313
f 1029/71/314 33/10/314 1157/56/314 2857/72/314
f 2857/72/315 1157/56/315 89/41/315 1099/44/315
f 1161/73/316 2857/72/316 1099/44/316 93/49/316
f 38/1/317 1030/74/317 2858/75/317 1162/62/317
f 1030/74/318 37/14/318 1161/73/318 2858/75/318
f 2858/75/319 1161/73/319 93/49/319 1100/51/319
f 1162/62/320 2858/75/320 1100/51/320 94/32/320
f 39/9/321 1031/8/321 2859/76/321 1163/77/321
f 1031/8/322 36/7/322 1160/67/322 2859/76/322
f 2859/76/323 1160/67/323 92/68/323 1101/37/323
f 1163/77/324 2859/76/324 1101/37/324 95/36/324
f 40/16/325 1032/25/325 2860/78/325 1164/70/325
f 1032/25/326 39/9/326 1163/77/326 2860/78/326
f 2860/78/327 1163/77/327 95/36/327 1102/52/327
f 1164/70/328 2860/78/328 1102/52/328 96/47/328
f 41/10/329 1035/54/329 2861/55/329 1165/56/329
f 1035/54/330 43/18/330 1167/57/330 2861/55/330
f 2861/55/331 1167/57/331 99/58/331 1105/42/331
f 1165/56/332 2861/55/332 1105/42/332 97/41/332
f 42/5/333 1036/59/333 2862/60/333 1166/61/333
f 1036/59/334 46/1/334 1170/62/334 2862/60/334
f 2862/60/335 1170/62/335 102/32/335 1106/63/335
f 1166/61/336 2862/60/336 1106/63/336 98/64/336
f 44/7/337 1037/65/337 2863/66/337 1168/67/337
f 1037/65/338 42/5/338 1166/61/338 2863/66/338
f 2863/66/339 1166/61/339 98/64/339 1107/39/339
f 1168/67/340 2863/66/340 1107/39/340 100/68/340
f 43/18/341 1038/17/341 2864/69/341 1167/57/341
f 1038/17/342 48/16/342 1172/70/342 2864/69/342
f 2864/69/343 1172/70/343 104/47/343 1108/46/343
f 1167/57/344 2864/69/344 1108/46/344 99/58/344
f 45/14/345 1039/71/345 2865/72/345 1169/73/345
f 1039/71/346 41/10/346 1165/56/346 2865/72/346
f 2865/72/347 1165/56/347 97/41/347 1109/44/347
f 1169/73/348 2865/72/348 1109/44/348 101/49/348
f 46/1/349 1040/74/349 2866/75/349 1170/62/349
f 1040/74/350 45/14/350 1169/73/350 2866/75/350
f 2866/75/351 1169/73/351 101/49/351 1110/51/351
f 1170/62/352 2866/75/352 1110/51/352 102/32/352
f 47/9/353 1041/8/353 2867/76/353 1171/77/353
f 1041/8/354 44/7/354 1168/67/354 2867/76/354
f 2867/76/355 1168/67/355 100/68/355 1111/37/355
f 1171/77/356 2867/76/356 1111/37/356 103/36/356
f 48/16/357 1042/25/357 2868/78/357 1172/70/357
f 1042/25/358 47/9/358 1171/77/358 2868/78/358
f 2868/78/359 1171/77/359 103/36/359 1112/52/359
f 1172/70/360 2868/78/360 1112/52/360 104/47/360
f 49/10/361 1045/54/361 2869/55/361 1173/56/361
f 1045/54/362 51/18/362 1175/57/362 2869/55/362
f 2869/55/363 1175/57/363 107/58/363 1115/42/363
f 1173/56/364 2869/55/364 1115/42/364 105/41/364
f 50/5/365 1046/59/365 2870/60/365 1174/61/365
f 1046/59/366 54/1/366 1178/62/366 2870/60/366
f 2870/60/367 1178/62/367 110/32/367 1116/63/367
f 1174/61/368 2870/60/368 1116/63/368 106/64/368
f 52/7/369 1047/65/369 2871/66/369 1176/67/369
f 1047/65/370 50/5/370 1174/61/370 2871/66/370
f 2871/66/371 1174/61/371 106/64/371 1117/39/371
f 1176/67/372 2871/66/372 1117/39/372 108/68/372
f 51/18/373 1048/17/373 2872/69/373 1175/57/373
f 1048/17/374 56/16/374 1180/70/374 2872/69/374
f 2872/69/375 1180/70/375 112/47/375 1118/46/375
f 1175/57/376 2872/69/376 1118/46/376 107/58/376
f 53/14/377 1049/71/377 2873/72/377 1177/73/377
f 1049/71/378 49/10/378 1173/56/378 2873/72/378
f 2873/72/379 1173/56/379 105/41/379 1119/44/379
f 1177/73/380 2873/72/380 1119/44/380 109/49/380
f 54/1/381 1050/74/381 2874/75/381 1178/62/381
f 1050/74/382 53/14/382 1177/73/382 2874/75/382
f 2874/75/383 1177/73/383 109/49/383 1120/51/383
f 1178/62/384 2874/75/384 1120/51/384 110/32/384
f 55/9/385 1051/8/385 2875/76/385 1179/77/385
f 1051/8/386 52/7/386 1176/67/386 2875/76/386
f 2875/76/387 1176/67/387 108/68/387 1121/37/387
f 1179/77/388 2875/76/388 1121/37/388 111/36/388
f 56/16/389 1052/25/389 2876/78/389 1180/70/389
f 1052/25/390 55/9/390 1179/77/390 2876/78/390
f 2876/78/391 1179/77/391 111/36/391 1122/52/391
f 1180/70/392 2876/78/392 1122/52/392 112/47/392
f 283/68/393 1183/38/393 2877/83/393 1494/84/393
f 1183/38/394 114/38/394 1182/85/394 2877/83/394
f 2877/83/395 1182/85/395 116/86/395 1484/87/395
f 1494/84/396 2877/83/396 1484/87/396 284/88/396
f 284/88/397 1484/87/397 2878/89/397 1493/90/397
f 1484/87/398 116/86/398 1186/91/398 2878/89/398
f 2878/89/399 1186/91/399 118/92/399 1485/93/399
f 1493/90/400 2878/89/400 1485/93/400 285/94/400
f 285/94/401 1485/93/401 2879/95/401 1492/96/401
f 1485/93/402 118/92/402 1189/97/402 2879/95/402
f 2879/95/403 1189/97/403 120/98/403 1486/99/403
f 1492/96/404 2879/95/404 1486/99/404 286/100/404
f 286/100/405 1486/99/405 2880/101/405 1491/102/405
f 1486/99/406 120/98/406 1192/103/406 2880/101/406
f 2880/101/407 1192/103/407 122/104/407 1487/105/407
f 1491/102/408 2880/101/408 1487/105/408 287/106/408
f 113/107/409 1181/108/409 2881/109/409 1577/110/409
f 115/111/409 1578/112/409 2881/109/409 1181/113/409
f 328/114/409 1577/115/409 2881/109/409 1578/112/409
f 287/106/410 1487/105/410 2882/116/410 1490/117/410
f 1487/105/411 122/104/411 1195/118/411 2882/116/411
f 2882/116/412 1195/118/412 124/119/412 1488/120/412
f 1490/117/413 2882/116/413 1488/120/413 288/121/413
f 288/121/414 1488/120/414 2883/122/414 1489/123/414
f 1488/120/415 124/119/415 1198/124/415 2883/122/415
f 2883/122/416 1198/124/416 114/125/416 1183/126/416
f 1489/123/417 2883/122/417 1183/126/417 283/127/417
f 293/128/418 1499/129/418 2884/130/418 1506/131/418
f 1499/129/419 154/132/419 1229/133/419 2884/130/419
f 2884/130/420 1229/133/420 125/134/420 1199/135/420
f 1506/131/421 2884/130/421 1199/135/421 294/136/421
f 154/132/422 1228/137/422 2885/138/422 1229/133/422
f 1228/137/423 153/139/423 1230/140/423 2885/138/423
f 2885/138/424 1230/140/424 126/141/424 1200/142/424
f 1229/133/425 2885/138/425 1200/142/425 125/134/425
f 153/139/426 1227/143/426 2886/144/426 1230/140/426
f 1227/143/427 152/145/427 1231/146/427 2886/144/427
f 2886/144/428 1231/146/428 127/147/428 1201/148/428
f 1230/140/429 2886/144/429 1201/148/429 126/141/429
f 152/145/430 1226/149/430 2887/150/430 1231/146/430
f 1226/149/431 151/151/431 1232/152/431 2887/150/431
f 2887/150/432 1232/152/432 128/153/432 1202/154/432
f 1231/146/433 2887/150/433 1202/154/433 127/147/433
f 151/151/434 1225/155/434 2888/156/434 1232/152/434
f 1225/155/435 150/157/435 1233/158/435 2888/156/435
f 2888/156/436 1233/158/436 129/159/436 1203/160/436
f 1232/152/437 2888/156/437 1203/160/437 128/153/437
f 292/161/438 1498/162/438 2889/163/438 1505/164/438
f 1498/162/439 149/165/439 1234/166/439 2889/163/439
f 2889/163/440 1234/166/440 154/132/440 1499/129/440
f 1505/164/441 2889/163/441 1499/129/441 293/128/441
f 149/167/442 1223/168/442 2890/169/442 1234/170/442
f 1223/168/443 148/171/443 1235/172/443 2890/169/443
f 2890/169/444 1235/172/444 153/173/444 1228/174/444
f 1234/170/445 2890/169/445 1228/174/445 154/175/445
f 148/171/446 1222/176/446 2891/177/446 1235/172/446
f 1222/176/447 147/178/447 1236/179/447 2891/177/447
f 2891/177/448 1236/179/448 152/180/448 1227/181/448
f 1235/172/449 2891/177/449 1227/181/449 153/173/449
f 147/178/450 1221/182/450 2892/183/450 1236/179/450
f 1221/182/451 146/184/451 1237/185/451 2892/183/451
f 2892/183/452 1237/185/452 151/151/452 1226/186/452
f 1236/179/453 2892/183/453 1226/186/453 152/180/453
f 146/184/454 1220/187/454 2893/188/454 1237/185/454
f 1220/187/455 145/189/455 1238/190/455 2893/188/455
f 2893/188/456 1238/190/456 150/191/456 1225/192/456
f 1237/185/457 2893/188/457 1225/192/457 151/151/457
f 291/193/458 1497/194/458 2894/195/458 1504/196/458
f 1497/194/459 144/197/459 1239/198/459 2894/195/459
f 2894/195/460 1239/198/460 149/165/460 1498/162/460
f 1504/196/461 2894/195/461 1498/162/461 292/161/461
f 144/199/462 1218/200/462 2895/201/462 1239/202/462
f 1218/200/463 143/203/463 1240/204/463 2895/201/463
f 2895/201/464 1240/204/464 148/171/464 1223/168/464
f 1239/202/465 2895/201/465 1223/168/465 149/167/465
f 143/203/466 1217/205/466 2896/206/466 1240/204/466
f 1217/205/467 142/207/467 1241/208/467 2896/206/467
f 2896/206/468 1241/208/468 147/178/468 1222/176/468
f 1240/204/469 2896/206/469 1222/176/469 148/171/469
f 142/207/470 1216/209/470 2897/210/470 1241/208/470
f 1216/209/471 141/211/471 1242/212/471 2897/210/471
f 2897/210/472 1242/212/472 146/184/472 1221/182/472
f 1241/208/473 2897/210/473 1221/182/473 147/178/473
f 141/211/474 1215/213/474 2898/214/474 1242/212/474
f 1215/213/475 140/215/475 1243/216/475 2898/214/475
f 2898/214/476 1243/216/476 145/189/476 1220/187/476
f 1242/212/477 2898/214/477 1220/187/477 146/184/477
f 290/217/478 1496/218/478 2899/219/478 1503/220/478
f 1496/218/479 139/221/479 1244/222/479 2899/219/479
f 2899/219/480 1244/222/480 144/197/480 1497/194/480
f 1503/220/481 2899/219/481 1497/194/481 291/193/481
f 139/223/482 1213/224/482 2900/225/482 1244/226/482
f 1213/224/483 138/227/483 1245/228/483 2900/225/483
f 2900/225/484 1245/228/484 143/203/484 1218/200/484
f 1244/226/485 2900/225/485 1218/200/485 144/199/485
f 138/227/486 1212/229/486 2901/230/486 1245/228/486
f 1212/229/487 137/231/487 1246/232/487 2901/230/487
f 2901/230/488 1246/232/488 142/207/488 1217/205/488
f 1245/228/489 2901/230/489 1217/205/489 143/203/489
f 137/231/490 1211/233/490 2902/234/490 1246/232/490
f 1211/233/491 136/235/491 1247/236/491 2902/234/491
f 2902/234/492 1247/236/492 141/211/492 1216/209/492
f 1246/232/493 2902/234/493 1216/209/493 142/207/493
f 136/235/494 1210/237/494 2903/238/494 1247/236/494
f 1210/237/495 135/239/495 1248/240/495 2903/238/495
f 2903/238/496 1248/240/496 140/215/496 1215/213/496
f 1247/236/497 2903/238/497 1215/213/497 141/211/497
f 289/241/498 1495/242/498 2904/243/498 1502/244/498
f 1495/242/499 134/245/499 1249/246/499 2904/243/499
f 2904/243/500 1249/246/500 139/223/500 1496/247/500
f 1502/244/501 2904/243/501 1496/247/501 290/217/501
f 134/245/502 1208/248/502 2905/249/502 1249/246/502
f 1208/248/503 133/250/503 1250/251/503 2905/249/503
f 2905/249/504 1250/251/504 138/227/504 1213/224/504
f 1249/246/505 2905/249/505 1213/224/505 139/223/505
f 133/250/506 1207/252/506 2906/253/506 1250/251/506
f 1207/252/507 132/254/507 1251/255/507 2906/253/507
f 2906/253/508 1251/255/508 137/231/508 1212/229/508
f 1250/251/509 2906/253/509 1212/229/509 138/227/509
f 132/254/510 1206/256/510 2907/257/510 1251/255/510
f 1206/256/511 131/258/511 1252/259/511 2907/257/511
f 2907/257/512 1252/259/512 136/235/512 1211/233/512
f 1251/255/513 2907/257/513 1211/233/513 137/231/513
f 131/258/514 1205/260/514 2908/261/514 1252/259/514
f 1205/260/515 130/262/515 1253/263/515 2908/261/515
f 2908/261/516 1253/263/516 135/239/516 1210/237/516
f 1252/259/517 2908/261/517 1210/237/517 136/235/517
f 294/264/518 1199/265/518 2909/266/518 1501/267/518
f 1199/265/519 125/268/519 1254/269/519 2909/266/519
f 2909/266/520 1254/269/520 134/270/520 1495/271/520
f 1501/267/521 2909/266/521 1495/271/521 289/272/521
f 125/268/522 1200/273/522 2910/274/522 1254/269/522
f 1200/273/523 126/275/523 1255/276/523 2910/274/523
f 2910/274/524 1255/276/524 133/277/524 1208/248/524
f 1254/269/525 2910/274/525 1208/248/525 134/270/525
f 126/275/526 1201/278/526 2911/279/526 1255/276/526
f 1201/278/527 127/280/527 1256/281/527 2911/279/527
f 2911/279/528 1256/281/528 132/282/528 1207/283/528
f 1255/276/529 2911/279/529 1207/283/529 133/277/529
f 127/280/530 1202/284/530 2912/285/530 1256/281/530
f 1202/284/531 128/286/531 1257/287/531 2912/285/531
f 2912/285/532 1257/287/532 131/288/532 1206/256/532
f 1256/281/533 2912/285/533 1206/256/533 132/282/533
f 128/286/534 1203/289/534 2913/290/534 1257/287/534
f 1203/289/535 129/291/535 1258/292/535 2913/290/535
f 2913/290/536 1258/292/536 130/293/536 1205/294/536
f 1257/287/537 2913/290/537 1205/294/537 131/288/537
f 160/1/538 1260/2/538 2914/3/538 1268/4/538
f 1260/2/539 156/5/539 1261/6/539 2914/3/539
f 2914/3/540 1261/6/540 158/7/540 1265/8/540
f 1268/4/541 2914/3/541 1265/8/541 161/9/541
f 155/10/542 1263/11/542 2915/12/542 1259/13/542
f 1263/11/543 159/14/543 1267/15/543 2915/12/543
f 2915/12/544 1267/15/544 162/16/544 1262/17/544
f 1259/13/545 2915/12/545 1262/17/545 157/18/545
f 159/19/546 1264/20/546 2916/21/546 1267/22/546
f 1264/20/547 160/23/547 1268/24/547 2916/21/547
f 2916/21/548 1268/24/548 161/9/548 1266/25/548
f 1267/22/549 2916/21/549 1266/25/549 162/26/549
f 168/1/550 1270/2/550 2917/3/550 1278/4/550
f 1270/2/551 164/5/551 1271/6/551 2917/3/551
f 2917/3/552 1271/6/552 166/7/552 1275/8/552
f 1278/4/553 2917/3/553 1275/8/553 169/9/553
f 163/10/554 1273/11/554 2918/12/554 1269/13/554
f 1273/11/555 167/14/555 1277/15/555 2918/12/555
f 2918/12/556 1277/15/556 170/16/556 1272/17/556
f 1269/13/557 2918/12/557 1272/17/557 165/18/557
f 167/19/558 1274/20/558 2919/21/558 1277/22/558
f 1274/20/559 168/23/559 1278/24/559 2919/21/559
f 2919/21/560 1278/24/560 169/9/560 1276/25/560
f 1277/22/561 2919/21/561 1276/25/561 170/26/561
f 176/1/562 1280/2/562 2920/3/562 1288/4/562
f 1280/2/563 172/5/563 1281/6/563 2920/3/563
f 2920/3/564 1281/6/564 174/7/564 1285/8/564
f 1288/4/565 2920/3/565 1285/8/565 177/9/565
f 171/10/566 1283/11/566 2921/12/566 1279/13/566
f 1283/11/567 175/14/567 1287/15/567 2921/12/567
f 2921/12/568 1287/15/568 178/16/568 1282/17/568
f 1279/13/569 2921/12/569 1282/17/569 173/18/569
f 175/19/570 1284/20/570 2922/21/570 1287/22/570
f 1284/20/571 176/23/571 1288/24/571 2922/21/571
f 2922/21/572 1288/24/572 177/9/572 1286/25/572
f 1287/22/573 2922/21/573 1286/25/573 178/26/573
f 299/295/574 1290/296/574 2923/297/574 1522/298/574
f 1290/296/575 180/64/575 1291/39/575 2923/297/575
f 2923/297/576 1291/39/576 182/68/576 1516/299/576
f 1522/298/577 2923/297/577 1516/299/577 300/300/577
f 296/301/578 1293/302/578 2924/303/578 1514/304/578
f 1293/302/579 183/305/579 1297/306/579 2924/303/579
f 2924/303/580 1297/306/580 186/307/580 1507/308/580
f 1514/304/581 2924/303/581 1507/308/581 295/309/581
f 183/305/582 1294/310/582 2925/311/582 1297/306/582
f 1294/310/583 184/312/583 1298/313/583 2925/311/583
f 2925/311/584 1298/313/584 185/314/584 1296/315/584
f 1297/306/585 2925/311/585 1296/315/585 186/307/585
f 192/1/586 1300/2/586 2926/3/586 1308/4/586
f 1300/2/587 188/5/587 1301/6/587 2926/3/587
f 2926/3/588 1301/6/588 190/7/588 1305/8/588
f 1308/4/589 2926/3/589 1305/8/589 193/9/589
f 187/10/590 1303/11/590 2927/12/590 1299/13/590
f 1303/11/591 191/14/591 1307/15/591 2927/12/591
f 2927/12/592 1307/15/592 194/16/592 1302/17/592
f 1299/13/593 2927/12/593 1302/17/593 189/18/593
f 191/19/594 1304/20/594 2928/21/594 1307/22/594
f 1304/20/595 192/23/595 1308/24/595 2928/21/595
f 2928/21/596 1308/24/596 193/9/596 1306/25/596
f 1307/22/597 2928/21/597 1306/25/597 194/26/597
f 200/1/598 1310/2/598 2929/3/598 1318/4/598
f 1310/2/599 196/5/599 1311/6/599 2929/3/599
f 2929/3/600 1311/6/600 198/7/600 1315/8/600
f 1318/4/601 2929/3/601 1315/8/601 201/9/601
f 195/10/602 1313/11/602 2930/12/602 1309/13/602
f 1313/11/603 199/14/603 1317/15/603 2930/12/603
f 2930/12/604 1317/15/604 202/16/604 1312/17/604
f 1309/13/605 2930/12/605 1312/17/605 197/18/605
f 199/19/606 1314/20/606 2931/21/606 1317/22/606
f 1314/20/607 200/23/607 1318/24/607 2931/21/607
f 2931/21/608 1318/24/608 201/9/608 1316/25/608
f 1317/22/609 2931/21/609 1316/25/609 202/26/609
f 208/1/610 1320/2/610 2932/3/610 1328/4/610
f 1320/2/611 204/5/611 1321/6/611 2932/3/611
f 2932/3/612 1321/6/612 206/7/612 1325/8/612
f 1328/4/613 2932/3/613 1325/8/613 209/9/613
f 203/10/614 1323/11/614 2933/12/614 1319/13/614
f 1323/11/615 207/14/615 1327/15/615 2933/12/615
f 2933/12/616 1327/15/616 210/16/616 1322/17/616
f 1319/13/617 2933/12/617 1322/17/617 205/18/617
f 207/19/618 1324/20/618 2934/21/618 1327/22/618
f 1324/20/619 208/23/619 1328/24/619 2934/21/619
f 2934/21/620 1328/24/620 209/9/620 1326/25/620
f 1327/22/621 2934/21/621 1326/25/621 210/26/621
f 216/1/622 1330/2/622 2935/3/622 1338/4/622
f 1330/2/623 212/5/623 1331/6/623 2935/3/623
f 2935/3/624 1331/6/624 214/7/624 1335/8/624
f 1338/4/625 2935/3/625 1335/8/625 217/9/625
f 211/10/626 1333/11/626 2936/12/626 1329/13/626
f 1333/11/627 215/14/627 1337/15/627 2936/12/627
f 2936/12/628 1337/15/628 218/16/628 1332/17/628
f 1329/13/629 2936/12/629 1332/17/629 213/18/629
f 215/19/630 1334/20/630 2937/21/630 1337/22/630
f 1334/20/631 216/23/631 1338/24/631 2937/21/631
f 2937/21/632 1338/24/632 217/9/632 1336/25/632
f 1337/22/633 2937/21/633 1336/25/633 218/26/633
f 224/32/634 1348/33/634 2938/34/634 1340/35/634
f 1348/33/635 225/36/635 1345/37/635 2938/34/635
f 2938/34/636 1345/37/636 222/38/636 1341/39/636
f 1340/35/637 2938/34/637 1341/39/637 220/40/637
f 219/41/638 1339/42/638 2939/43/638 1343/44/638
f 1339/42/639 221/45/639 1342/46/639 2939/43/639
f 2939/43/640 1342/46/640 226/47/640 1347/48/640
f 1343/44/641 2939/43/641 1347/48/641 223/49/641
f 223/49/642 1347/48/642 2940/50/642 1344/51/642
f 1347/48/643 226/47/643 1346/52/643 2940/50/643
f 2940/50/644 1346/52/644 225/36/644 1348/33/644
f 1344/51/645 2940/50/645 1348/33/645 224/32/645
f 232/32/646 1358/33/646 2941/34/646 1350/35/646
f 1358/33/647 233/36/647 1355/37/647 2941/34/647
f 2941/34/648 1355/37/648 230/38/648 1351/39/648
f 1350/35/649 2941/34/649 1351/39/649 228/40/649
f 227/41/650 1349/42/650 2942/43/650 1353/44/650
f 1349/42/651 229/45/651 1352/46/651 2942/43/651
f 2942/43/652 1352/46/652 234/47/652 1357/48/652
f 1353/44/653 2942/43/653 1357/48/653 231/49/653
f 231/49/654 1357/48/654 2943/50/654 1354/51/654
f 1357/48/655 234/47/655 1356/52/655 2943/50/655
f 2943/50/656 1356/52/656 233/36/656 1358/33/656
f 1354/51/657 2943/50/657 1358/33/657 232/32/657
f 240/32/658 1368/33/658 2944/34/658 1360/35/658
f 1368/33/659 241/36/659 1365/37/659 2944/34/659
f 2944/34/660 1365/37/660 238/38/660 1361/39/660
f 1360/35/661 2944/34/661 1361/39/661 236/40/661
f 235/41/662 1359/42/662 2945/43/662 1363/44/662
f 1359/42/663 237/45/663 1362/46/663 2945/43/663
f 2945/43/664 1362/46/664 242/47/664 1367/48/664
f 1363/44/665 2945/43/665 1367/48/665 239/49/665
f 239/49/666 1367/48/666 2946/50/666 1364/51/666
f 1367/48/667 242/47/667 1366/52/667 2946/50/667
f 2946/50/668 1366/52/668 241/36/668 1368/33/668
f 1364/51/669 2946/50/669 1368/33/669 240/32/669
f 301/316/670 1521/317/670 2947/318/670 1370/319/670
f 1521/317/671 302/320/671 1518/321/671 2947/318/671
f 2947/318/672 1518/321/672 246/38/672 1371/39/672
f 1370/319/673 2947/318/673 1371/39/673 244/40/673
f 298/322/674 1513/323/674 2948/324/674 1373/325/674
f 1513/323/675 297/326/675 1509/327/675 2948/324/675
f 2948/324/676 1509/327/676 250/47/676 1377/328/676
f 1373/325/677 2948/324/677 1377/328/677 247/49/677
f 247/49/678 1377/328/678 2949/329/678 1374/51/678
f 1377/328/679 250/47/679 1376/52/679 2949/329/679
f 2949/329/680 1376/52/680 249/36/680 1378/330/680
f 1374/51/681 2949/329/681 1378/330/681 248/32/681
f 256/32/682 1388/33/682 2950/34/682 1380/35/682
f 1388/33/683 257/36/683 1385/37/683 2950/34/683
f 2950/34/684 1385/37/684 254/38/684 1381/39/684
f 1380/35/685 2950/34/685 1381/39/685 252/40/685
f 251/41/686 1379/42/686 2951/43/686 1383/44/686
f 1379/42/687 253/45/687 1382/46/687 2951/43/687
f 2951/43/688 1382/46/688 258/47/688 1387/48/688
f 1383/44/689 2951/43/689 1387/48/689 255/49/689
f 255/49/690 1387/48/690 2952/50/690 1384/51/690
f 1387/48/691 258/47/691 1386/52/691 2952/50/691
f 2952/50/692 1386/52/692 257/36/692 1388/33/692
f 1384/51/693 2952/50/693 1388/33/693 256/32/693
f 264/32/694 1398/33/694 2953/34/694 1390/35/694
f 1398/33/695 265/36/695 1395/37/695 2953/34/695
f 2953/34/696 1395/37/696 262/38/696 1391/39/696
f 1390/35/697 2953/34/697 1391/39/697 260/40/697
f 259/41/698 1389/42/698 2954/43/698 1393/44/698
f 1389/42/699 261/45/699 1392/46/699 2954/43/699
f 2954/43/700 1392/46/700 266/47/700 1397/48/700
f 1393/44/701 2954/43/701 1397/48/701 263/49/701
f 263/49/702 1397/48/702 2955/50/702 1394/51/702
f 1397/48/703 266/47/703 1396/52/703 2955/50/703
f 2955/50/704 1396/52/704 265/36/704 1398/33/704
f 1394/51/705 2955/50/705 1398/33/705 264/32/705
f 272/32/706 1408/33/706 2956/34/706 1400/35/706
f 1408/33/707 273/36/707 1405/37/707 2956/34/707
f 2956/34/708 1405/37/708 270/38/708 1401/39/708
f 1400/35/709 2956/34/709 1401/39/709 268/40/709
f 267/41/710 1399/42/710 2957/43/710 1403/44/710
f 1399/42/711 269/45/711 1402/46/711 2957/43/711
f 2957/43/712 1402/46/712 274/47/712 1407/48/712
f 1403/44/713 2957/43/713 1407/48/713 271/49/713
f 271/49/714 1407/48/714 2958/50/714 1404/51/714
f 1407/48/715 274/47/715 1406/52/715 2958/50/715
f 2958/50/716 1406/52/716 273/36/716 1408/33/716
f 1404/51/717 2958/50/717 1408/33/717 272/32/717
f 280/32/718 1418/33/718 2959/34/718 1410/35/718
f 1418/33/719 281/36/719 1415/37/719 2959/34/719
f 2959/34/720 1415/37/720 278/38/720 1411/39/720
f 1410/35/721 2959/34/721 1411/39/721 276/40/721
f 275/41/722 1409/42/722 2960/43/722 1413/44/722
f 1409/42/723 277/45/723 1412/46/723 2960/43/723
f 2960/43/724 1412/46/724 282/47/724 1417/48/724
f 1413/44/725 2960/43/725 1417/48/725 279/49/725
f 279/49/726 1417/48/726 2961/50/726 1414/51/726
f 1417/48/727 282/47/727 1416/52/727 2961/50/727
f 2961/50/728 1416/52/728 281/36/728 1418/33/728
f 1414/51/729 2961/50/729 1418/33/729 280/32/729
f 155/10/730 1259/54/730 2962/55/730 1419/56/730
f 1259/54/731 157/18/731 1421/57/731 2962/55/731
f 2962/55/732 1421/57/732 221/58/732 1339/42/732
f 1419/56/733 2962/55/733 1339/42/733 219/41/733
f 156/5/734 1260/59/734 2963/60/734 1420/61/734
f 1260/59/735 160/1/735 1424/62/735 2963/60/735
f 2963/60/736 1424/62/736 224/32/736 1340/63/736
f 1420/61/737 2963/60/737 1340/63/737 220/64/737
f 158/7/738 1261/65/738 2964/66/738 1422/67/738
f 1261/65/739 156/5/739 1420/61/739 2964/66/739
f 2964/66/740 1420/61/740 220/64/740 1341/39/740
f 1422/67/741 2964/66/741 1341/39/741 222/68/741
f 157/18/742 1262/17/742 2965/69/742 1421/57/742
f 1262/17/743 162/16/743 1426/70/743 2965/69/743
f 2965/69/744 1426/70/744 226/47/744 1342/46/744
f 1421/57/745 2965/69/745 1342/46/745 221/58/745
f 159/14/746 1263/71/746 2966/72/746 1423/73/746
f 1263/71/747 155/10/747 1419/56/747 2966/72/747
f 2966/72/748 1419/56/748 219/41/748 1343/44/748
f 1423/73/749 2966/72/749 1343/44/749 223/49/749
f 160/1/750 1264/74/750 2967/75/750 1424/62/750
f 1264/74/751 159/14/751 1423/73/751 2967/75/751
f 2967/75/752 1423/73/752 223/49/752 1344/51/752
f 1424/62/753 2967/75/753 1344/51/753 224/32/753
f 161/9/754 1265/8/754 2968/76/754 1425/77/754
f 1265/8/755 158/7/755 1422/67/755 2968/76/755
f 2968/76/756 1422/67/756 222/68/756 1345/37/756
f 1425/77/757 2968/76/757 1345/37/757 225/36/757
f 162/16/758 1266/25/758 2969/78/758 1426/70/758
f 1266/25/759 161/9/759 1425/77/759 2969/78/759
f 2969/78/760 1425/77/760 225/36/760 1346/52/760
f 1426/70/761 2969/78/761 1346/52/761 226/47/761
f 163/10/762 1269/54/762 2970/55/762 1427/56/762
f 1269/54/763 165/18/763 1429/57/763 2970/55/763
f 2970/55/764 1429/57/764 229/58/764 1349/42/764
f 1427/56/765 2970/55/765 1349/42/765 227/41/765
f 164/5/766 1270/59/766 2971/60/766 1428/61/766
f 1270/59/767 168/1/767 1432/62/767 2971/60/767
f 2971/60/768 1432/62/768 232/32/768 1350/63/768
f 1428/61/769 2971/60/769 1350/63/769 228/64/769
f 166/7/770 1271/65/770 2972/66/770 1430/67/770
f 1271/65/771 164/5/771 1428/61/771 2972/66/771
f 2972/66/772 1428/61/772 228/64/772 1351/39/772
f 1430/67/773 2972/66/773 1351/39/773 230/68/773
f 165/18/774 1272/17/774 2973/69/774 1429/57/774
f 1272/17/775 170/16/775 1434/70/775 2973/69/775
f 2973/69/776 1434/70/776 234/47/776 1352/46/776
f 1429/57/777 2973/69/777 1352/46/777 229/58/777
f 167/14/778 1273/71/778 2974/72/778 1431/73/778
f 1273/71/779 163/10/779 1427/56/779 2974/72/779
f 2974/72/780 1427/56/780 227/41/780 1353/44/780
f 1431/73/781 2974/72/781 1353/44/781 231/49/781
f 168/1/782 1274/74/782 2975/75/782 1432/62/782
f 1274/74/783 167/14/783 1431/73/783 2975/75/783
f 2975/75/784 1431/73/784 231/49/784 1354/51/784
f 1432/62/785 2975/75/785 1354/51/785 232/32/785
f 169/9/786 1275/8/786 2976/76/786 1433/77/786
f 1275/8/787 166/7/787 1430/67/787 2976/76/787
f 2976/76/788 1430/67/788 230/68/788 1355/37/788
f 1433/77/789 2976/76/789 1355/37/789 233/36/789
f 170/16/790 1276/25/790 2977/78/790 1434/70/790
f 1276/25/791 169/9/791 1433/77/791 2977/78/791
f 2977/78/792 1433/77/792 233/36/792 1356/52/792
f 1434/70/793 2977/78/793 1356/52/793 234/47/793
f 171/10/794 1279/54/794 2978/55/794 1435/56/794
f 1279/54/795 173/18/795 1437/57/795 2978/55/795
f 2978/55/796 1437/57/796 237/58/796 1359/42/796
f 1435/56/797 2978/55/797 1359/42/797 235/41/797
f 172/5/798 1280/59/798 2979/60/798 1436/61/798
f 1280/59/799 176/1/799 1440/62/799 2979/60/799
f 2979/60/800 1440/62/800 240/32/800 1360/63/800
f 1436/61/801 2979/60/801 1360/63/801 236/64/801
f 174/7/802 1281/65/802 2980/66/802 1438/67/802
f 1281/65/803 172/5/803 1436/61/803 2980/66/803
f 2980/66/804 1436/61/804 236/64/804 1361/39/804
f 1438/67/805 2980/66/805 1361/39/805 238/68/805
f 173/18/806 1282/17/806 2981/69/806 1437/57/806
f 1282/17/807 178/16/807 1442/70/807 2981/69/807
f 2981/69/808 1442/70/808 242/47/808 1362/46/808
f 1437/57/809 2981/69/809 1362/46/809 237/58/809
f 175/14/810 1283/71/810 2982/72/810 1439/73/810
f 1283/71/811 171/10/811 1435/56/811 2982/72/811
f 2982/72/812 1435/56/812 235/41/812 1363/44/812
f 1439/73/813 2982/72/813 1363/44/813 239/49/813
f 176/1/814 1284/74/814 2983/75/814 1440/62/814
f 1284/74/815 175/14/815 1439/73/815 2983/75/815
f 2983/75/816 1439/73/816 239/49/816 1364/51/816
f 1440/62/817 2983/75/817 1364/51/817 240/32/817
f 177/9/818 1285/8/818 2984/76/818 1441/77/818
f 1285/8/819 174/7/819 1438/67/819 2984/76/819
f 2984/76/820 1438/67/820 238/68/820 1365/37/820
f 1441/77/821 2984/76/821 1365/37/821 241/36/821
f 178/16/822 1286/25/822 2985/78/822 1442/70/822
f 1286/25/823 177/9/823 1441/77/823 2985/78/823
f 2985/78/824 1441/77/824 241/36/824 1366/52/824
f 1442/70/825 2985/78/825 1366/52/825 242/47/825
f 315/331/826 1570/332/826 2986/333/826 1443/334/826
f 1570/332/827 317/335/827 1445/336/827 2986/333/827
f 2986/333/828 1445/336/828 245/58/828 1369/42/828
f 1443/334/829 2986/333/829 1369/42/829 243/41/829
f 326/337/830 1569/338/830 2987/339/830 1520/340/830
f 1569/338/831 320/341/831 1448/342/831 2987/339/831
f 2987/339/832 1448/342/832 248/32/832 1517/343/832
f 1520/340/833 2987/339/833 1517/343/833 301/316/833
f 318/344/834 1568/345/834 2988/346/834 1446/347/834
f 1568/345/835 316/348/835 1444/349/835 2988/346/835
f 2988/346/836 1444/349/836 244/64/836 1371/39/836
f 1446/347/837 2988/346/837 1371/39/837 246/68/837
f 324/350/838 1567/351/838 2989/352/838 1512/353/838
f 1567/351/839 322/354/839 1450/355/839 2989/352/839
f 2989/352/840 1450/355/840 250/47/840 1509/327/840
f 1512/353/841 2989/352/841 1509/327/841 297/326/841
f 323/356/842 1566/357/842 2990/358/842 1511/359/842
f 1566/357/843 315/331/843 1443/334/843 2990/358/843
f 2990/358/844 1443/334/844 243/41/844 1510/360/844
f 1511/359/845 2990/358/845 1510/360/845 298/322/845
f 320/341/846 1565/361/846 2991/362/846 1448/342/846
f 1565/361/847 319/363/847 1447/364/847 2991/362/847
f 2991/362/848 1447/364/848 247/49/848 1374/51/848
f 1448/342/849 2991/362/849 1374/51/849 248/32/849
f 325/365/850 1564/366/850 2992/367/850 1519/368/850
f 1564/366/851 318/344/851 1446/347/851 2992/367/851
f 2992/367/852 1446/347/852 246/68/852 1518/321/852
f 1519/368/853 2992/367/853 1518/321/853 302/320/853
f 322/354/854 1563/369/854 2993/370/854 1450/355/854
f 1563/369/855 321/371/855 1449/372/855 2993/370/855
f 2993/370/856 1449/372/856 249/36/856 1376/52/856
f 1450/355/857 2993/370/857 1376/52/857 250/47/857
f 187/10/858 1299/54/858 2994/55/858 1451/56/858
f 1299/54/859 189/18/859 1453/57/859 2994/55/859
f 2994/55/860 1453/57/860 253/58/860 1379/42/860
f 1451/56/861 2994/55/861 1379/42/861 251/41/861
f 188/5/862 1300/59/862 2995/60/862 1452/61/862
f 1300/59/863 192/1/863 1456/62/863 2995/60/863
f 2995/60/864 1456/62/864 256/32/864 1380/63/864
f 1452/61/865 2995/60/865 1380/63/865 252/64/865
f 190/7/866 1301/65/866 2996/66/866 1454/67/866
f 1301/65/867 188/5/867 1452/61/867 2996/66/867
f 2996/66/868 1452/61/868 252/64/868 1381/39/868
f 1454/67/869 2996/66/869 1381/39/869 254/68/869
f 189/18/870 1302/17/870 2997/69/870 1453/57/870
f 1302/17/871 194/16/871 1458/70/871 2997/69/871
f 2997/69/872 1458/70/872 258/47/872 1382/46/872
f 1453/57/873 2997/69/873 1382/46/873 253/58/873
f 191/14/874 1303/71/874 2998/72/874 1455/73/874
f 1303/71/875 187/10/875 1451/56/875 2998/72/875
f 2998/72/876 1451/56/876 251/41/876 1383/44/876
f 1455/73/877 2998/72/877 1383/44/877 255/49/877
f 192/1/878 1304/74/878 2999/75/878 1456/62/878
f 1304/74/879 191/14/879 1455/73/879 2999/75/879
f 2999/75/880 1455/73/880 255/49/880 1384/51/880
f 1456/62/881 2999/75/881 1384/51/881 256/32/881
f 193/9/882 1305/8/882 3000/76/882 1457/77/882
f 1305/8/883 190/7/883 1454/67/883 3000/76/883
f 3000/76/884 1454/67/884 254/68/884 1385/37/884
f 1457/77/885 3000/76/885 1385/37/885 257/36/885
f 194/16/886 1306/25/886 3001/78/886 1458/70/886
f 1306/25/887 193/9/887 1457/77/887 3001/78/887
f 3001/78/888 1457/77/888 257/36/888 1386/52/888
f 1458/70/889 3001/78/889 1386/52/889 258/47/889
f 195/10/890 1309/54/890 3002/55/890 1459/56/890
f 1309/54/891 197/18/891 1461/57/891 3002/55/891
f 3002/55/892 1461/57/892 261/58/892 1389/42/892
f 1459/56/893 3002/55/893 1389/42/893 259/41/893
f 196/5/894 1310/59/894 3003/60/894 1460/61/894
f 1310/59/895 200/1/895 1464/62/895 3003/60/895
f 3003/60/896 1464/62/896 264/32/896 1390/63/896
f 1460/61/897 3003/60/897 1390/63/897 260/64/897
f 198/7/898 1311/65/898 3004/66/898 1462/67/898
f 1311/65/899 196/5/899 1460/61/899 3004/66/899
f 3004/66/900 1460/61/900 260/64/900 1391/39/900
f 1462/67/901 3004/66/901 1391/39/901 262/68/901
f 197/18/902 1312/17/902 3005/69/902 1461/57/902
f 1312/17/903 202/16/903 1466/70/903 3005/69/903
f 3005/69/904 1466/70/904 266/47/904 1392/46/904
f 1461/57/905 3005/69/905 1392/46/905 261/58/905
f 199/14/906 1313/71/906 3006/72/906 1463/73/906
f 1313/71/907 195/10/907 1459/56/907 3006/72/907
f 3006/72/908 1459/56/908 259/41/908 1393/44/908
f 1463/73/909 3006/72/909 1393/44/909 263/49/909
f 200/1/910 1314/74/910 3007/75/910 1464/62/910
f 1314/74/911 199/14/911 1463/73/911 3007/75/911
f 3007/75/912 1463/73/912 263/49/912 1394/51/912
f 1464/62/913 3007/75/913 1394/51/913 264/32/913
f 201/9/914 1315/8/914 3008/76/914 1465/77/914
f 1315/8/915 198/7/915 1462/67/915 3008/76/915
f 3008/76/916 1462/67/916 262/68/916 1395/37/916
f 1465/77/917 3008/76/917 1395/37/917 265/36/917
f 202/16/918 1316/25/918 3009/78/918 1466/70/918
f 1316/25/919 201/9/919 1465/77/919 3009/78/919
f 3009/78/920 1465/77/920 265/36/920 1396/52/920
f 1466/70/921 3009/78/921 1396/52/921 266/47/921
f 203/10/922 1319/54/922 3010/55/922 1467/56/922
f 1319/54/923 205/18/923 1469/57/923 3010/55/923
f 3010/55/924 1469/57/924 269/58/924 1399/42/924
f 1467/56/925 3010/55/925 1399/42/925 267/41/925
f 204/5/926 1320/59/926 3011/60/926 1468/61/926
f 1320/59/927 208/1/927 1472/62/927 3011/60/927
f 3011/60/928 1472/62/928 272/32/928 1400/63/928
f 1468/61/929 3011/60/929 1400/63/929 268/64/929
f 206/7/930 1321/65/930 3012/66/930 1470/67/930
f 1321/65/931 204/5/931 1468/61/931 3012/66/931
f 3012/66/932 1468/61/932 268/64/932 1401/39/932
f 1470/67/933 3012/66/933 1401/39/933 270/68/933
f 205/18/934 1322/17/934 3013/69/934 1469/57/934
f 1322/17/935 210/16/935 1474/70/935 3013/69/935
f 3013/69/936 1474/70/936 274/47/936 1402/46/936
f 1469/57/937 3013/69/937 1402/46/937 269/58/937
f 207/14/938 1323/71/938 3014/72/938 1471/73/938
f 1323/71/939 203/10/939 1467/56/939 3014/72/939
f 3014/72/940 1467/56/940 267/41/940 1403/44/940
f 1471/73/941 3014/72/941 1403/44/941 271/49/941
f 208/1/942 1324/74/942 3015/75/942 1472/62/942
f 1324/74/943 207/14/943 1471/73/943 3015/75/943
f 3015/75/944 1471/73/944 271/49/944 1404/51/944
f 1472/62/945 3015/75/945 1404/51/945 272/32/945
f 209/9/946 1325/8/946 3016/76/946 1473/77/946
f 1325/8/947 206/7/947 1470/67/947 3016/76/947
f 3016/76/948 1470/67/948 270/68/948 1405/37/948
f 1473/77/949 3016/76/949 1405/37/949 273/36/949
f 210/16/950 1326/25/950 3017/78/950 1474/70/950
f 1326/25/951 209/9/951 1473/77/951 3017/78/951
f 3017/78/952 1473/77/952 273/36/952 1406/52/952
f 1474/70/953 3017/78/953 1406/52/953 274/47/953
f 211/10/954 1329/54/954 3018/55/954 1475/56/954
f 1329/54/955 213/18/955 1477/57/955 3018/55/955
f 3018/55/956 1477/57/956 277/58/956 1409/42/956
f 1475/56/957 3018/55/957 1409/42/957 275/41/957
f 212/5/958 1330/59/958 3019/60/958 1476/61/958
f 1330/59/959 216/1/959 1480/62/959 3019/60/959
f 3019/60/960 1480/62/960 280/32/960 1410/63/960
f 1476/61/961 3019/60/961 1410/63/961 276/64/961
f 214/7/962 1331/65/962 3020/66/962 1478/67/962
f 1331/65/963 212/5/963 1476/61/963 3020/66/963
f 3020/66/964 1476/61/964 276/64/964 1411/39/964
f 1478/67/965 3020/66/965 1411/39/965 278/68/965
f 213/18/966 1332/17/966 3021/69/966 1477/57/966
f 1332/17/967 218/16/967 1482/70/967 3021/69/967
f 3021/69/968 1482/70/968 282/47/968 1412/46/968
f 1477/57/969 3021/69/969 1412/46/969 277/58/969
f 215/14/970 1333/71/970 3022/72/970 1479/73/970
f 1333/71/971 211/10/971 1475/56/971 3022/72/971
f 3022/72/972 1475/56/972 275/41/972 1413/44/972
f 1479/73/973 3022/72/973 1413/44/973 279/49/973
f 216/1/974 1334/74/974 3023/75/974 1480/62/974
f 1334/74/975 215/14/975 1479/73/975 3023/75/975
f 3023/75/976 1479/73/976 279/49/976 1414/51/976
f 1480/62/977 3023/75/977 1414/51/977 280/32/977
f 217/9/978 1335/8/978 3024/76/978 1481/77/978
f 1335/8/979 214/7/979 1478/67/979 3024/76/979
f 3024/76/980 1478/67/980 278/68/980 1415/37/980
f 1481/77/981 3024/76/981 1415/37/981 281/36/981
f 218/16/982 1336/25/982 3025/78/982 1482/70/982
f 1336/25/983 217/9/983 1481/77/983 3025/78/983
f 3025/78/984 1481/77/984 281/36/984 1416/52/984
f 1482/70/985 3025/78/985 1416/52/985 282/47/985
f 150/157/986 1224/373/986 3026/374/986 1233/158/986
f 1224/373/987 288/121/987 1489/123/987 3026/374/987
f 3026/374/988 1489/123/988 283/127/988 1483/375/988
f 1233/158/989 3026/374/989 1483/375/989 129/159/989
f 145/189/990 1219/376/990 3027/377/990 1238/190/990
f 1219/376/447 287/378/447 1490/379/447 3027/377/447
f 3027/377/991 1490/379/991 288/380/991 1224/381/991
f 1238/190/992 3027/377/992 1224/381/992 150/191/992
f 140/215/993 1214/382/993 3028/383/993 1243/216/993
f 1214/382/994 286/384/994 1491/102/994 3028/383/994
f 3028/383/995 1491/102/995 287/378/995 1219/376/995
f 1243/216/996 3028/383/996 1219/376/996 145/189/996
f 135/239/997 1209/385/997 3029/386/997 1248/240/997
f 1209/385/998 285/387/998 1492/96/998 3029/386/998
f 3029/386/999 1492/96/999 286/384/999 1214/382/999
f 1248/240/1000 3029/386/1000 1214/382/1000 140/215/1000
f 130/262/1001 1204/388/1001 3030/389/1001 1253/263/1001
f 1204/388/507 284/390/507 1493/90/507 3030/389/507
f 3030/389/1002 1493/90/1002 285/387/1002 1209/385/1002
f 1253/263/1003 3030/389/1003 1209/385/1003 135/239/1003
f 129/291/1004 1483/391/1004 3031/392/1004 1258/292/1004
f 1483/391/1005 283/68/1005 1494/84/1005 3031/392/1005
f 3031/392/1006 1494/84/1006 284/88/1006 1204/388/1006
f 1258/292/1007 3031/392/1007 1204/388/1007 130/293/1007
f 113/39/1008 1500/39/1008 3032/393/1008 1181/394/1008
f 1500/39/1009 294/264/1009 1501/267/1009 3032/393/1009
f 3032/393/1010 1501/267/1010 289/272/1010 1184/395/1010
f 1181/394/1011 3032/393/1011 1184/395/1011 115/396/1011
f 115/396/1012 1184/395/1012 3033/397/1012 1185/398/1012
f 1184/395/1013 289/272/1013 1502/399/1013 3033/397/1013
f 3033/397/1014 1502/399/1014 290/217/1014 1187/400/1014
f 1185/398/1015 3033/397/1015 1187/400/1015 117/401/1015
f 117/401/1016 1187/400/1016 3034/402/1016 1188/403/1016
f 1187/400/1017 290/217/1017 1503/220/1017 3034/402/1017
f 3034/402/1018 1503/220/1018 291/193/1018 1190/404/1018
f 1188/403/1019 3034/402/1019 1190/404/1019 119/404/1019
f 119/404/1020 1190/404/1020 3035/405/1020 1191/406/1020
f 1190/404/1021 291/404/1021 1504/196/1021 3035/405/1021
f 3035/405/1022 1504/196/1022 292/161/1022 1193/407/1022
f 1191/406/1023 3035/405/1023 1193/407/1023 121/407/1023
f 121/407/1024 1193/407/1024 3036/164/1024 1194/408/1024
f 1193/407/1025 292/161/1025 1505/164/1025 3036/164/1025
f 3036/164/1026 1505/164/1026 293/128/1026 1196/409/1026
f 1194/408/1027 3036/164/1027 1196/409/1027 123/410/1027
f 123/410/1028 1196/409/1028 3037/411/1028 1197/412/1028
f 1196/409/1029 293/128/1029 1506/131/1029 3037/411/1029
f 3037/411/1030 1506/131/1030 294/136/1030 1500/413/1030
f 1197/412/1031 3037/411/1031 1500/413/1031 113/136/1031
f 319/363/1032 1562/414/1032 3038/415/1032 1447/364/1032
f 1562/414/1033 323/356/1033 1511/359/1033 3038/415/1033
f 3038/415/1034 1511/359/1034 298/322/1034 1373/416/1034
f 1447/364/1035 3038/415/1035 1373/416/1035 247/49/1035
f 317/335/1036 1561/417/1036 3039/418/1036 1445/336/1036
f 1561/417/1037 324/350/1037 1512/353/1037 3039/418/1037
f 3039/418/1038 1512/353/1038 297/326/1038 1372/419/1038
f 1445/336/1039 3039/418/1039 1372/419/1039 245/58/1039
f 243/41/1040 1369/42/1040 3040/420/1040 1510/360/1040
f 1369/42/1041 245/45/1041 1372/419/1041 3040/420/1041
f 3040/420/1042 1372/419/1042 297/326/1042 1513/323/1042
f 1510/360/1043 3040/420/1043 1513/323/1043 298/322/1043
f 179/421/1044 1508/422/1044 3041/423/1044 1289/424/1044
f 1508/422/1045 296/425/1045 1514/426/1045 3041/423/1045
f 3041/423/1046 1514/426/1046 295/309/1046 1292/427/1046
f 1289/424/1047 3041/423/1047 1292/427/1047 181/428/1047
f 321/371/1048 1560/429/1048 3042/430/1048 1449/372/1048
f 1560/429/1049 325/365/1049 1519/368/1049 3042/430/1049
f 3042/430/1050 1519/368/1050 302/320/1050 1375/431/1050
f 1449/372/1051 3042/430/1051 1375/431/1051 249/36/1051
f 316/348/1052 1559/432/1052 3043/433/1052 1444/349/1052
f 1559/432/1053 326/337/1053 1520/340/1053 3043/433/1053
f 3043/433/1054 1520/340/1054 301/316/1054 1370/319/1054
f 1444/349/1055 3043/433/1055 1370/319/1055 244/64/1055
f 248/32/1056 1378/330/1056 3044/434/1056 1517/343/1056
f 1378/330/1057 249/36/1057 1375/431/1057 3044/434/1057
f 3044/434/1058 1375/431/1058 302/320/1058 1521/317/1058
f 1517/343/1059 3044/434/1059 1521/317/1059 301/316/1059
f 184/312/1060 1515/435/1060 3045/436/1060 1298/313/1060
f 1515/435/1061 299/437/1061 1522/438/1061 3045/436/1061
f 3045/436/1062 1522/438/1062 300/300/1062 1295/439/1062
f 1298/313/1063 3045/436/1063 1295/439/1063 185/314/1063
f 180/64/1064 1290/296/1064 3046/440/1064 1524/40/1064
f 1290/296/1065 299/441/1065 1534/442/1065 3046/440/1065
f 3046/440/1066 1534/442/1066 314/337/1066 1535/443/1066
f 1524/40/1067 3046/440/1067 1535/443/1067 304/444/1067
f 185/314/1068 1295/439/1068 3047/445/1068 1529/446/1068
f 1295/439/1069 300/300/1069 1533/447/1069 3047/445/1069
f 3047/445/1070 1533/447/1070 313/365/1070 1536/448/1070
f 1529/446/1071 3047/445/1071 1536/448/1071 309/449/1071
f 181/428/1072 1292/427/1072 3048/450/1072 1525/451/1072
f 1292/427/1073 295/309/1073 1532/452/1073 3048/450/1073
f 3048/450/1074 1532/452/1074 312/453/1074 1537/454/1074
f 1525/451/1075 3048/450/1075 1537/454/1075 305/455/1075
f 183/456/1076 1293/457/1076 3049/458/1076 1527/459/1076
f 1293/457/1077 296/460/1077 1531/461/1077 3049/458/1077
f 3049/458/1078 1531/461/1078 311/462/1078 1538/463/1078
f 1527/459/1079 3049/458/1079 1538/463/1079 307/363/1079
f 186/307/1080 1296/464/1080 3050/465/1080 1530/466/1080
f 1296/464/1081 185/467/1081 1529/468/1081 3050/465/1081
f 3050/465/1082 1529/468/1082 309/449/1082 1539/369/1082
f 1530/466/1083 3050/465/1083 1539/369/1083 310/469/1083
f 300/300/1084 1516/299/1084 3051/470/1084 1533/471/1084
f 1516/299/1085 182/68/1085 1526/38/1085 3051/470/1085
f 3051/470/1086 1526/38/1086 306/68/1086 1540/472/1086
f 1533/471/1087 3051/470/1087 1540/472/1087 313/365/1087
f 184/312/1088 1294/310/1088 3052/473/1088 1528/474/1088
f 1294/310/1089 183/456/1089 1527/459/1089 3052/473/1089
f 3052/473/1090 1527/459/1090 307/363/1090 1541/475/1090
f 1528/474/1091 3052/473/1091 1541/475/1091 308/476/1091
f 296/477/1092 1508/478/1092 3053/479/1092 1531/461/1092
f 1508/478/1093 179/421/1093 1523/480/1093 3053/479/1093
f 3053/479/1094 1523/480/1094 303/481/1094 1542/482/1094
f 1531/461/1095 3053/479/1095 1542/482/1095 311/462/1095
f 295/309/1096 1507/483/1096 3054/484/1096 1532/452/1096
f 1507/483/1097 186/307/1097 1530/466/1097 3054/484/1097
f 3054/484/1098 1530/466/1098 310/469/1098 1543/485/1098
f 1532/452/1099 3054/484/1099 1543/485/1099 312/453/1099
f 182/38/1100 1291/39/1100 3055/486/1100 1526/38/1100
f 1291/39/1101 180/40/1101 1524/40/1101 3055/486/1101
f 3055/486/1102 1524/40/1102 304/64/1102 1544/39/1102
f 1526/38/1103 3055/486/1103 1544/39/1103 306/38/1103
f 299/437/1104 1515/435/1104 3056/487/1104 1534/442/1104
f 1515/435/1105 184/312/1105 1528/474/1105 3056/487/1105
f 3056/487/1106 1528/474/1106 308/476/1106 1545/488/1106
f 1534/442/1107 3056/487/1107 1545/488/1107 314/489/1107
f 179/421/1108 1289/424/1108 3057/490/1108 1523/480/1108
f 1289/424/1109 181/428/1109 1525/451/1109 3057/490/1109
f 3057/490/1110 1525/451/1110 305/455/1110 1546/332/1110
f 1523/480/1111 3057/490/1111 1546/332/1111 303/481/1111
f 304/444/1112 1535/443/1112 3058/491/1112 1548/492/1112
f 1535/443/1113 314/337/1113 1558/337/1113 3058/491/1113
f 3058/491/1114 1558/337/1114 326/337/1114 1559/432/1114
f 1548/492/1115 3058/491/1115 1559/432/1115 316/348/1115
f 309/449/1116 1536/448/1116 3059/493/1116 1553/494/1116
f 1536/448/1117 313/365/1117 1557/495/1117 3059/493/1117
f 3059/493/1118 1557/495/1118 325/365/1118 1560/448/1118
f 1553/494/1119 3059/493/1119 1560/448/1119 321/449/1119
f 305/455/1120 1537/454/1120 3060/496/1120 1549/497/1120
f 1537/454/1121 312/453/1121 1556/498/1121 3060/496/1121
f 3060/496/1122 1556/498/1122 324/350/1122 1561/417/1122
f 1549/497/1123 3060/496/1123 1561/417/1123 317/335/1123
f 307/363/1124 1538/463/1124 3061/414/1124 1551/363/1124
f 1538/463/1125 311/462/1125 1555/462/1125 3061/414/1125
f 3061/414/1126 1555/462/1126 323/356/1126 1562/499/1126
f 1551/363/1127 3061/414/1127 1562/499/1127 319/363/1127
f 310/469/1128 1539/369/1128 3062/500/1128 1554/469/1128
f 1539/369/1129 309/449/1129 1553/449/1129 3062/500/1129
f 3062/500/1130 1553/449/1130 321/371/1130 1563/369/1130
f 1554/469/1131 3062/500/1131 1563/369/1131 322/354/1131
f 313/365/1132 1540/472/1132 3063/501/1132 1557/365/1132
f 1540/472/1133 306/68/1133 1550/502/1133 3063/501/1133
f 3063/501/1134 1550/502/1134 318/344/1134 1564/366/1134
f 1557/365/1135 3063/501/1135 1564/366/1135 325/365/1135
f 308/476/1136 1541/475/1136 3064/475/1136 1552/341/1136
f 1541/475/1137 307/363/1137 1551/363/1137 3064/475/1137
f 3064/475/1138 1551/363/1138 319/363/1138 1565/475/1138
f 1552/341/1139 3064/475/1139 1565/475/1139 320/476/1139
f 311/462/1140 1542/482/1140 3065/503/1140 1555/462/1140
f 1542/482/1141 303/504/1141 1547/505/1141 3065/503/1141
f 3065/503/1142 1547/505/1142 315/506/1142 1566/357/1142
f 1555/462/1143 3065/503/1143 1566/357/1143 323/356/1143
f 312/507/1144 1543/485/1144 3066/351/1144 1556/498/1144
f 1543/485/1145 310/508/1145 1554/469/1145 3066/351/1145
f 3066/351/1146 1554/469/1146 322/509/1146 1567/351/1146
f 1556/498/1147 3066/351/1147 1567/351/1147 324/510/1147
f 306/68/1148 1544/39/1148 3067/511/1148 1550/502/1148
f 1544/39/1149 304/444/1149 1548/492/1149 3067/511/1149
f 3067/511/1150 1548/492/1150 316/348/1150 1568/345/1150
f 1550/502/1151 3067/511/1151 1568/345/1151 318/344/1151
f 314/489/1152 1545/488/1152 3068/338/1152 1558/337/1152
f 1545/488/1153 308/476/1153 1552/341/1153 3068/338/1153
f 3068/338/1154 1552/341/1154 320/476/1154 1569/338/1154
f 1558/337/1155 3068/338/1155 1569/338/1155 326/512/1155
f 303/504/1156 1546/513/1156 3069/513/1156 1547/505/1156
f 1546/513/1157 305/514/1157 1549/497/1157 3069/513/1157
f 3069/513/1158 1549/497/1158 317/335/1158 1570/332/1158
f 1547/505/1159 3069/513/1159 1570/332/1159 315/506/1159
f 116/515/1160 1182/516/1160 3070/517/1160 1571/518/1160
f 114/519/1161 1572/520/1161 3070/517/1161 1182/521/1161
f 327/522/1162 1571/523/1162 3070/517/1162 1572/524/1162
f 114/519/1163 1198/525/1163 3071/526/1163 1572/527/1163
f 124/528/1164 1573/529/1164 3071/526/1164 1198/530/1164
f 327/522/1165 1572/531/1165 3071/526/1165 1573/532/1165
f 124/528/1166 1195/533/1166 3072/534/1166 1573/535/1166
f 122/536/1167 1574/537/1167 3072/534/1167 1195/533/1167
f 327/522/1168 1573/535/1168 3072/534/1168 1574/538/1168
f 122/536/1169 1192/539/1169 3073/540/1169 1574/538/1169
f 120/541/1170 1575/542/1170 3073/540/1170 1192/539/1170
f 327/522/1171 1574/543/1171 3073/540/1171 1575/542/1171
f 120/541/1172 1189/544/1172 3074/545/1172 1575/546/1172
f 118/547/1173 1576/548/1173 3074/545/1173 1189/544/1173
f 327/522/1174 1575/549/1174 3074/545/1174 1576/548/1174
f 118/547/1175 1186/550/1175 3075/551/1175 1576/548/1175
f 116/515/1176 1571/552/1176 3075/551/1176 1186/550/1176
f 327/522/1177 1576/553/1177 3075/551/1177 1571/518/1177
f 115/111/409 1185/554/409 3076/555/409 1578/556/409
f 117/557/409 1579/558/409 3076/555/409 1185/554/409
f 328/114/409 1578/556/409 3076/555/409 1579/559/409
f 117/557/409 1188/560/409 3077/561/409 1579/559/409
f 119/562/409 1580/563/409 3077/561/409 1188/560/409
f 328/114/409 1579/564/409 3077/561/409 1580/563/409
f 119/562/409 1191/565/409 3078/566/409 1580/567/409
f 121/568/409 1581/569/409 3078/566/409 1191/565/409
f 328/114/409 1580/570/409 3078/566/409 1581/571/409
f 121/568/409 1194/572/409 3079/573/409 1581/571/409
f 123/574/409 1582/575/409 3079/573/409 1194/572/409
f 328/114/409 1581/576/409 3079/573/409 1582/577/409
f 123/574/409 1197/578/409 3080/579/409 1582/575/409
f 113/107/409 1577/580/409 3080/579/409 1197/581/409
f 328/114/409 1582/582/409 3080/579/409 1577/580/409
f 334/1/1 1584/2/1 3081/3/1 1592/4/1
f 1584/2/2 330/5/2 1585/6/2 3081/3/2
f 3081/3/3 1585/6/3 332/7/3 1589/8/3
f 1592/4/4 3081/3/4 1589/8/4 335/9/4
f 329/10/5 1587/11/5 3082/12/5 1583/13/5
f 1587/11/6 333/14/6 1591/15/6 3082/12/6
f 3082/12/7 1591/15/7 336/16/7 1586/17/7
f 1583/13/8 3082/12/8 1586/17/8 331/18/8
f 333/19/9 1588/20/9 3083/21/9 1591/22/9
f 1588/20/10 334/23/10 1592/24/10 3083/21/10
f 3083/21/11 1592/24/11 335/9/11 1590/25/11
f 1591/22/12 3083/21/12 1590/25/12 336/26/12
f 342/1/13 1594/2/13 3084/3/13 1602/4/13
f 1594/2/14 338/5/14 1595/6/14 3084/3/14
f 3084/3/1178 1595/6/1178 340/7/1178 1599/8/1178
f 1602/4/16 3084/3/16 1599/8/16 343/9/16
f 337/10/17 1597/11/17 3085/12/17 1593/13/17
f 1597/11/18 341/14/18 1601/15/18 3085/12/18
f 3085/12/19 1601/15/19 344/16/19 1596/17/19
f 1593/13/20 3085/12/20 1596/17/20 339/18/20
f 341/19/21 1598/20/21 3086/21/21 1601/22/21
f 1598/20/22 342/23/22 1602/24/22 3086/21/22
f 3086/21/23 1602/24/23 343/9/23 1600/25/23
f 1601/22/24 3086/21/24 1600/25/24 344/26/24
f 350/1/25 1604/2/25 3087/3/25 1612/4/25
f 1604/2/26 346/5/26 1605/6/26 3087/3/26
f 3087/3/27 1605/6/27 348/7/27 1609/8/27
f 1612/4/28 3087/3/28 1609/8/28 351/9/28
f 345/10/29 1607/11/29 3088/12/29 1603/13/29
f 1607/11/30 349/14/30 1611/15/30 3088/12/30
f 3088/12/31 1611/15/31 352/16/31 1606/17/31
f 1603/13/32 3088/12/32 1606/17/32 347/18/32
f 349/19/33 1608/20/33 3089/21/33 1611/22/33
f 1608/20/34 350/23/34 1612/24/34 3089/21/34
f 3089/21/35 1612/24/35 351/9/35 1610/25/35
f 1611/22/36 3089/21/36 1610/25/36 352/26/36
f 356/19/37 1617/20/37 3090/21/37 1614/22/37
f 1617/20/38 355/23/38 1613/24/38 3090/21/38
f 3090/21/39 1613/24/39 354/9/39 1615/25/39
f 1614/22/40 3090/21/40 1615/25/40 353/26/40
f 360/10/41 1618/11/41 3091/12/41 1622/13/41
f 1618/11/42 356/27/42 1614/28/42 3091/12/42
f 3091/12/43 1614/28/43 353/16/43 1619/17/43
f 1622/13/1179 3091/12/1179 1619/17/1179 358/18/1179
f 355/29/45 1621/2/45 3092/30/45 1613/4/45
f 1621/2/46 359/5/46 1620/6/46 3092/30/46
f 3092/30/47 1620/6/47 357/7/47 1616/8/47
f 1613/4/48 3092/30/48 1616/8/48 354/31/48
f 366/1/49 1624/2/49 3093/3/49 1632/4/49
f 1624/2/50 362/5/50 1625/6/50 3093/3/50
f 3093/3/1180 1625/6/1180 364/7/1180 1629/8/1180
f 1632/4/52 3093/3/52 1629/8/52 367/9/52
f 361/10/53 1627/11/53 3094/12/53 1623/13/53
f 1627/11/1181 365/14/1181 1631/15/1181 3094/12/1181
f 3094/12/55 1631/15/55 368/16/55 1626/17/55
f 1623/13/56 3094/12/56 1626/17/56 363/18/56
f 365/19/57 1628/20/57 3095/21/57 1631/22/57
f 1628/20/1182 366/23/1182 1632/24/1182 3095/21/1182
f 3095/21/59 1632/24/59 367/9/59 1630/25/59
f 1631/22/60 3095/21/60 1630/25/60 368/26/60
f 374/1/61 1634/2/61 3096/3/61 1642/4/61
f 1634/2/62 370/5/62 1635/6/62 3096/3/62
f 3096/3/1183 1635/6/1183 372/7/1183 1639/8/1183
f 1642/4/64 3096/3/64 1639/8/64 375/9/64
f 369/10/65 1637/11/65 3097/12/65 1633/13/65
f 1637/11/66 373/14/66 1641/15/66 3097/12/66
f 3097/12/67 1641/15/67 376/16/67 1636/17/67
f 1633/13/68 3097/12/68 1636/17/68 371/18/68
f 373/19/69 1638/20/69 3098/21/69 1641/22/69
f 1638/20/70 374/23/70 1642/24/70 3098/21/70
f 3098/21/71 1642/24/71 375/9/71 1640/25/71
f 1641/22/72 3098/21/72 1640/25/72 376/26/72
f 382/1/73 1644/2/73 3099/3/73 1652/4/73
f 1644/2/1184 378/5/1184 1645/6/1184 3099/3/1184
f 3099/3/75 1645/6/75 380/7/75 1649/8/75
f 1652/4/76 3099/3/76 1649/8/76 383/9/76
f 377/10/77 1647/11/77 3100/12/77 1643/13/77
f 1647/11/1185 381/14/1185 1651/15/1185 3100/12/1185
f 3100/12/79 1651/15/79 384/16/79 1646/17/79
f 1643/13/80 3100/12/80 1646/17/80 379/18/80
f 381/19/81 1648/20/81 3101/21/81 1651/22/81
f 1648/20/1186 382/23/1186 1652/24/1186 3101/21/1186
f 3101/21/83 1652/24/83 383/9/83 1650/25/83
f 1651/22/1187 3101/21/1187 1650/25/1187 384/26/1187
f 390/32/85 1662/33/85 3102/34/85 1654/35/85
f 1662/33/86 391/36/86 1659/37/86 3102/34/86
f 3102/34/87 1659/37/87 388/38/87 1655/39/87
f 1654/35/88 3102/34/88 1655/39/88 386/40/88
f 385/41/89 1653/42/89 3103/43/89 1657/44/89
f 1653/42/90 387/45/90 1656/46/90 3103/43/90
f 3103/43/91 1656/46/91 392/47/91 1661/48/91
f 1657/44/92 3103/43/92 1661/48/92 389/49/92
f 389/49/93 1661/48/93 3104/50/93 1658/51/93
f 1661/48/94 392/47/94 1660/52/94 3104/50/94
f 3104/50/95 1660/52/95 391/36/95 1662/33/95
f 1658/51/96 3104/50/96 1662/33/96 390/32/96
f 398/32/97 1672/33/97 3105/34/97 1664/35/97
f 1672/33/98 399/36/98 1669/37/98 3105/34/98
f 3105/34/1188 1669/37/1188 396/38/1188 1665/39/1188
f 1664/35/100 3105/34/100 1665/39/100 394/40/100
f 393/41/101 1663/42/101 3106/43/101 1667/44/101
f 1663/42/102 395/45/102 1666/46/102 3106/43/102
f 3106/43/103 1666/46/103 400/47/103 1671/48/103
f 1667/44/104 3106/43/104 1671/48/104 397/49/104
f 397/49/105 1671/48/105 3107/50/105 1668/51/105
f 1671/48/106 400/47/106 1670/52/106 3107/50/106
f 3107/50/107 1670/52/107 399/36/107 1672/33/107
f 1668/51/108 3107/50/108 1672/33/108 398/32/108
f 406/32/109 1682/33/109 3108/34/109 1674/35/109
f 1682/33/110 407/36/110 1679/37/110 3108/34/110
f 3108/34/111 1679/37/111 404/38/111 1675/39/111
f 1674/35/112 3108/34/112 1675/39/112 402/40/112
f 401/41/1189 1673/42/1189 3109/43/1189 1677/44/1189
f 1673/42/1190 403/45/1190 1676/46/1190 3109/43/1190
f 3109/43/115 1676/46/115 408/47/115 1681/48/115
f 1677/44/116 3109/43/116 1681/48/116 405/49/116
f 405/49/117 1681/48/117 3110/50/117 1678/51/117
f 1681/48/118 408/47/118 1680/52/118 3110/50/118
f 3110/50/119 1680/52/119 407/36/119 1682/33/119
f 1678/51/120 3110/50/120 1682/33/120 406/32/120
f 412/49/121 1684/48/121 3111/50/121 1687/51/121
f 1684/48/122 409/47/122 1685/52/122 3111/50/122
f 3111/50/1191 1685/52/1191 410/36/1191 1683/53/1191
f 1687/51/124 3111/50/124 1683/53/124 411/32/124
f 416/41/125 1692/42/125 3112/43/125 1688/44/125
f 1692/42/126 414/45/126 1689/46/126 3112/43/126
f 3112/43/127 1689/46/127 409/47/127 1684/48/127
f 1688/44/128 3112/43/128 1684/48/128 412/49/128
f 411/32/129 1683/53/129 3113/34/129 1691/35/129
f 1683/53/130 410/36/130 1686/37/130 3113/34/130
f 3113/34/131 1686/37/131 413/38/131 1690/39/131
f 1691/35/132 3113/34/132 1690/39/132 415/40/132
f 422/32/1192 1702/33/1192 3114/34/1192 1694/35/1192
f 1702/33/134 423/36/134 1699/37/134 3114/34/134
f 3114/34/135 1699/37/135 420/38/135 1695/39/135
f 1694/35/136 3114/34/136 1695/39/136 418/40/136
f 417/41/137 1693/42/137 3115/43/137 1697/44/137
f 1693/42/1193 419/45/1193 1696/46/1193 3115/43/1193
f 3115/43/139 1696/46/139 424/47/139 1701/48/139
f 1697/44/1194 3115/43/1194 1701/48/1194 421/49/1194
f 421/49/141 1701/48/141 3116/50/141 1698/51/141
f 1701/48/142 424/47/142 1700/52/142 3116/50/142
f 3116/50/143 1700/52/143 423/36/143 1702/33/143
f 1698/51/144 3116/50/144 1702/33/144 422/32/144
f 430/32/145 1712/33/145 3117/34/145 1704/35/145
f 1712/33/146 431/36/146 1709/37/146 3117/34/146
f 3117/34/147 1709/37/147 428/38/147 1705/39/147
f 1704/35/148 3117/34/148 1705/39/148 426/40/148
f 425/41/149 1703/42/149 3118/43/149 1707/44/149
f 1703/42/150 427/45/150 1706/46/150 3118/43/150
f 3118/43/1195 1706/46/1195 432/47/1195 1711/48/1195
f 1707/44/152 3118/43/152 1711/48/152 429/49/152
f 429/49/153 1711/48/153 3119/50/153 1708/51/153
f 1711/48/154 432/47/154 1710/52/154 3119/50/154
f 3119/50/155 1710/52/155 431/36/155 1712/33/155
f 1708/51/156 3119/50/156 1712/33/156 430/32/156
f 438/32/157 1722/33/157 3120/34/157 1714/35/157
f 1722/33/158 439/36/158 1719/37/158 3120/34/158
f 3120/34/1196 1719/37/1196 436/38/1196 1715/39/1196
f 1714/35/160 3120/34/160 1715/39/160 434/40/160
f 433/41/161 1713/42/161 3121/43/161 1717/44/161
f 1713/42/162 435/45/162 1716/46/162 3121/43/162
f 3121/43/163 1716/46/163 440/47/163 1721/48/163
f 1717/44/164 3121/43/164 1721/48/164 437/49/164
f 437/49/165 1721/48/165 3122/50/165 1718/51/165
f 1721/48/1197 440/47/1197 1720/52/1197 3122/50/1197
f 3122/50/167 1720/52/167 439/36/167 1722/33/167
f 1718/51/168 3122/50/168 1722/33/168 438/32/168
f 329/10/169 1583/54/169 3123/55/169 1723/56/169
f 1583/54/170 331/18/170 1725/57/170 3123/55/170
f 3123/55/171 1725/57/171 387/58/171 1653/42/171
f 1723/56/172 3123/55/172 1653/42/172 385/41/172
f 330/5/173 1584/59/173 3124/60/173 1724/61/173
f 1584/59/174 334/1/174 1728/62/174 3124/60/174
f 3124/60/1198 1728/62/1198 390/32/1198 1654/63/1198
f 1724/61/176 3124/60/176 1654/63/176 386/64/176
f 332/7/177 1585/65/177 3125/66/177 1726/67/177
f 1585/65/178 330/5/178 1724/61/178 3125/66/178
f 3125/66/179 1724/61/179 386/64/179 1655/39/179
f 1726/67/1199 3125/66/1199 1655/39/1199 388/68/1199
f 331/18/181 1586/17/181 3126/69/181 1725/57/181
f 1586/17/182 336/16/182 1730/70/182 3126/69/182
f 3126/69/183 1730/70/183 392/47/183 1656/46/183
f 1725/57/184 3126/69/184 1656/46/184 387/58/184
f 333/14/185 1587/71/185 3127/72/185 1727/73/185
f 1587/71/186 329/10/186 1723/56/186 3127/72/186
f 3127/72/187 1723/56/187 385/41/187 1657/44/187
f 1727/73/188 3127/72/188 1657/44/188 389/49/188
f 334/1/189 1588/74/189 3128/75/189 1728/62/189
f 1588/74/190 333/14/190 1727/73/190 3128/75/190
f 3128/75/191 1727/73/191 389/49/191 1658/51/191
f 1728/62/192 3128/75/192 1658/51/192 390/32/192
f 335/9/193 1589/8/193 3129/76/193 1729/77/193
f 1589/8/1200 332/7/1200 1726/67/1200 3129/76/1200
f 3129/76/1201 1726/67/1201 388/68/1201 1659/37/1201
f 1729/77/196 3129/76/196 1659/37/196 391/36/196
f 336/16/197 1590/25/197 3130/78/197 1730/70/197
f 1590/25/198 335/9/198 1729/77/198 3130/78/198
f 3130/78/199 1729/77/199 391/36/199 1660/52/199
f 1730/70/200 3130/78/200 1660/52/200 392/47/200
f 337/10/201 1593/54/201 3131/55/201 1731/56/201
f 1593/54/202 339/18/202 1733/57/202 3131/55/202
f 3131/55/203 1733/57/203 395/58/203 1663/42/203
f 1731/56/1202 3131/55/1202 1663/42/1202 393/41/1202
f 338/5/1203 1594/59/1203 3132/60/1203 1732/61/1203
f 1594/59/206 342/1/206 1736/62/206 3132/60/206
f 3132/60/1204 1736/62/1204 398/32/1204 1664/63/1204
f 1732/61/1205 3132/60/1205 1664/63/1205 394/64/1205
f 340/7/1206 1595/65/1206 3133/66/1206 1734/67/1206
f 1595/65/1207 338/5/1207 1732/61/1207 3133/66/1207
f 3133/66/211 1732/61/211 394/64/211 1665/39/211
f 1734/67/1208 3133/66/1208 1665/39/1208 396/68/1208
f 339/18/1209 1596/17/1209 3134/69/1209 1733/57/1209
f 1596/17/214 344/16/214 1738/70/214 3134/69/214
f 3134/69/1210 1738/70/1210 400/47/1210 1666/46/1210
f 1733/57/1211 3134/69/1211 1666/46/1211 395/58/1211
f 341/14/217 1597/71/217 3135/72/217 1735/73/217
f 1597/71/218 337/10/218 1731/56/218 3135/72/218
f 3135/72/219 1731/56/219 393/41/219 1667/44/219
f 1735/73/220 3135/72/220 1667/44/220 397/49/220
f 342/1/221 1598/74/221 3136/75/221 1736/62/221
f 1598/74/1212 341/14/1212 1735/73/1212 3136/75/1212
f 3136/75/223 1735/73/223 397/49/223 1668/51/223
f 1736/62/1213 3136/75/1213 1668/51/1213 398/32/1213
f 343/9/1214 1599/8/1214 3137/76/1214 1737/77/1214
f 1599/8/1215 340/7/1215 1734/67/1215 3137/76/1215
f 3137/76/227 1734/67/227 396/68/227 1669/37/227
f 1737/77/1216 3137/76/1216 1669/37/1216 399/36/1216
f 344/16/229 1600/25/229 3138/78/229 1738/70/229
f 1600/25/230 343/9/230 1737/77/230 3138/78/230
f 3138/78/231 1737/77/231 399/36/231 1670/52/231
f 1738/70/232 3138/78/232 1670/52/232 400/47/232
f 345/10/233 1603/54/233 3139/55/233 1739/56/233
f 1603/54/234 347/18/234 1741/57/234 3139/55/234
f 3139/55/235 1741/57/235 403/58/235 1673/42/235
f 1739/56/1217 3139/55/1217 1673/42/1217 401/41/1217
f 346/5/237 1604/59/237 3140/60/237 1740/61/237
f 1604/59/238 350/1/238 1744/62/238 3140/60/238
f 3140/60/239 1744/62/239 406/32/239 1674/63/239
f 1740/61/240 3140/60/240 1674/63/240 402/64/240
f 348/7/241 1605/65/241 3141/66/241 1742/67/241
f 1605/65/242 346/5/242 1740/61/242 3141/66/242
f 3141/66/1218 1740/61/1218 402/64/1218 1675/39/1218
f 1742/67/244 3141/66/244 1675/39/244 404/68/244
f 347/18/245 1606/17/245 3142/69/245 1741/57/245
f 1606/17/246 352/16/246 1746/70/246 3142/69/246
f 3142/69/247 1746/70/247 408/47/247 1676/46/247
f 1741/57/248 3142/69/248 1676/46/248 403/58/248
f 349/14/249 1607/71/249 3143/72/249 1743/73/249
f 1607/71/250 345/10/250 1739/56/250 3143/72/250
f 3143/72/251 1739/56/251 401/41/251 1677/44/251
f 1743/73/252 3143/72/252 1677/44/252 405/49/252
f 350/1/253 1608/74/253 3144/75/253 1744/62/253
f 1608/74/254 349/14/254 1743/73/254 3144/75/254
f 3144/75/255 1743/73/255 405/49/255 1678/51/255
f 1744/62/1219 3144/75/1219 1678/51/1219 406/32/1219
f 351/9/257 1609/8/257 3145/76/257 1745/77/257
f 1609/8/1220 348/7/1220 1742/67/1220 3145/76/1220
f 3145/76/1221 1742/67/1221 404/68/1221 1679/37/1221
f 1745/77/260 3145/76/260 1679/37/260 407/36/260
f 352/16/261 1610/25/261 3146/78/261 1746/70/261
f 1610/25/262 351/9/262 1745/77/262 3146/78/262
f 3146/78/1222 1745/77/1222 407/36/1222 1680/52/1222
f 1746/70/264 3146/78/264 1680/52/264 408/47/264
f 353/16/265 1615/25/265 3147/78/265 1747/70/265
f 1615/25/266 354/31/266 1748/77/266 3147/78/266
f 3147/78/267 1748/77/267 410/36/267 1685/52/267
f 1747/70/1223 3147/78/1223 1685/52/1223 409/47/1223
f 354/31/269 1616/8/269 3148/76/269 1748/77/269
f 1616/8/270 357/7/270 1751/67/270 3148/76/270
f 3148/76/271 1751/67/271 413/68/271 1686/37/271
f 1748/77/272 3148/76/272 1686/37/272 410/36/272
f 355/79/1224 1617/74/1224 3149/75/1224 1749/80/1224
f 1617/74/274 356/14/274 1750/73/274 3149/75/274
f 3149/75/275 1750/73/275 412/49/275 1687/51/275
f 1749/80/1225 3149/75/1225 1687/51/1225 411/32/1225
f 356/14/277 1618/71/277 3150/81/277 1750/73/277
f 1618/71/1226 360/10/1226 1754/56/1226 3150/81/1226
f 3150/81/1227 1754/56/1227 416/41/1227 1688/44/1227
f 1750/73/280 3150/81/280 1688/44/280 412/49/280
f 358/18/281 1619/17/281 3151/69/281 1752/57/281
f 1619/17/282 353/16/282 1747/70/282 3151/69/282
f 3151/69/1228 1747/70/1228 409/47/1228 1689/46/1228
f 1752/57/1229 3151/69/1229 1689/46/1229 414/58/1229
f 357/7/1230 1620/65/1230 3152/66/1230 1751/67/1230
f 1620/65/1231 359/5/1231 1753/61/1231 3152/66/1231
f 3152/66/1232 1753/61/1232 415/64/1232 1690/39/1232
f 1751/67/288 3152/66/288 1690/39/288 413/68/288
f 359/5/1233 1621/82/1233 3153/60/1233 1753/61/1233
f 1621/82/1234 355/79/1234 1749/80/1234 3153/60/1234
f 3153/60/1235 1749/80/1235 411/32/1235 1691/63/1235
f 1753/61/1236 3153/60/1236 1691/63/1236 415/64/1236
f 360/10/293 1622/54/293 3154/55/293 1754/56/293
f 1622/54/1237 358/18/1237 1752/57/1237 3154/55/1237
f 3154/55/1238 1752/57/1238 414/58/1238 1692/42/1238
f 1754/56/1239 3154/55/1239 1692/42/1239 416/41/1239
f 361/10/297 1623/54/297 3155/55/297 1755/56/297
f 1623/54/1240 363/18/1240 1757/57/1240 3155/55/1240
f 3155/55/1241 1757/57/1241 419/58/1241 1693/42/1241
f 1755/56/1242 3155/55/1242 1693/42/1242 417/41/1242
f 362/5/301 1624/59/301 3156/60/301 1756/61/301
f 1624/59/1243 366/1/1243 1760/62/1243 3156/60/1243
f 3156/60/303 1760/62/303 422/32/303 1694/63/303
f 1756/61/1244 3156/60/1244 1694/63/1244 418/64/1244
f 364/7/305 1625/65/305 3157/66/305 1758/67/305
f 1625/65/306 362/5/306 1756/61/306 3157/66/306
f 3157/66/307 1756/61/307 418/64/307 1695/39/307
f 1758/67/308 3157/66/308 1695/39/308 420/68/308
f 363/18/309 1626/17/309 3158/69/309 1757/57/309
f 1626/17/310 368/16/310 1762/70/310 3158/69/310
f 3158/69/1245 1762/70/1245 424/47/1245 1696/46/1245
f 1757/57/1246 3158/69/1246 1696/46/1246 419/58/1246
f 365/14/313 1627/71/313 3159/72/313 1759/73/313
f 1627/71/1247 361/10/1247 1755/56/1247 3159/72/1247
f 3159/72/1248 1755/56/1248 417/41/1248 1697/44/1248
f 1759/73/316 3159/72/316 1697/44/316 421/49/316
f 366/1/317 1628/74/317 3160/75/317 1760/62/317
f 1628/74/318 365/14/318 1759/73/318 3160/75/318
f 3160/75/1249 1759/73/1249 421/49/1249 1698/51/1249
f 1760/62/320 3160/75/320 1698/51/320 422/32/320
f 367/9/1250 1629/8/1250 3161/76/1250 1761/77/1250
f 1629/8/322 364/7/322 1758/67/322 3161/76/322
f 3161/76/1251 1758/67/1251 420/68/1251 1699/37/1251
f 1761/77/1252 3161/76/1252 1699/37/1252 423/36/1252
f 368/16/1253 1630/25/1253 3162/78/1253 1762/70/1253
f 1630/25/1254 367/9/1254 1761/77/1254 3162/78/1254
f 3162/78/327 1761/77/327 423/36/327 1700/52/327
f 1762/70/328 3162/78/328 1700/52/328 424/47/328
f 369/10/1255 1633/54/1255 3163/55/1255 1763/56/1255
f 1633/54/1256 371/18/1256 1765/57/1256 3163/55/1256
f 3163/55/1257 1765/57/1257 427/58/1257 1703/42/1257
f 1763/56/1258 3163/55/1258 1703/42/1258 425/41/1258
f 370/5/1259 1634/59/1259 3164/60/1259 1764/61/1259
f 1634/59/1260 374/1/1260 1768/62/1260 3164/60/1260
f 3164/60/335 1768/62/335 430/32/335 1704/63/335
f 1764/61/336 3164/60/336 1704/63/336 426/64/336
f 372/7/337 1635/65/337 3165/66/337 1766/67/337
f 1635/65/338 370/5/338 1764/61/338 3165/66/338
f 3165/66/339 1764/61/339 426/64/339 1705/39/339
f 1766/67/1261 3165/66/1261 1705/39/1261 428/68/1261
f 371/18/341 1636/17/341 3166/69/341 1765/57/341
f 1636/17/1262 376/16/1262 1770/70/1262 3166/69/1262
f 3166/69/343 1770/70/343 432/47/343 1706/46/343
f 1765/57/344 3166/69/344 1706/46/344 427/58/344
f 373/14/345 1637/71/345 3167/72/345 1767/73/345
f 1637/71/346 369/10/346 1763/56/346 3167/72/346
f 3167/72/347 1763/56/347 425/41/347 1707/44/347
f 1767/73/348 3167/72/348 1707/44/348 429/49/348
f 374/1/349 1638/74/349 3168/75/349 1768/62/349
f 1638/74/350 373/14/350 1767/73/350 3168/75/350
f 3168/75/351 1767/73/351 429/49/351 1708/51/351
f 1768/62/352 3168/75/352 1708/51/352 430/32/352
f 375/9/353 1639/8/353 3169/76/353 1769/77/353
f 1639/8/1263 372/7/1263 1766/67/1263 3169/76/1263
f 3169/76/1264 1766/67/1264 428/68/1264 1709/37/1264
f 1769/77/356 3169/76/356 1709/37/356 431/36/356
f 376/16/357 1640/25/357 3170/78/357 1770/70/357
f 1640/25/358 375/9/358 1769/77/358 3170/78/358
f 3170/78/359 1769/77/359 431/36/359 1710/52/359
f 1770/70/360 3170/78/360 1710/52/360 432/47/360
f 377/10/1265 1643/54/1265 3171/55/1265 1771/56/1265
f 1643/54/1266 379/18/1266 1773/57/1266 3171/55/1266
f 3171/55/363 1773/57/363 435/58/363 1713/42/363
f 1771/56/1267 3171/55/1267 1713/42/1267 433/41/1267
f 378/5/365 1644/59/365 3172/60/365 1772/61/365
f 1644/59/1268 382/1/1268 1776/62/1268 3172/60/1268
f 3172/60/367 1776/62/367 438/32/367 1714/63/367
f 1772/61/1269 3172/60/1269 1714/63/1269 434/64/1269
f 380/7/369 1645/65/369 3173/66/369 1774/67/369
f 1645/65/1270 378/5/1270 1772/61/1270 3173/66/1270
f 3173/66/1271 1772/61/1271 434/64/1271 1715/39/1271
f 1774/67/1272 3173/66/1272 1715/39/1272 436/68/1272
f 379/18/1273 1646/17/1273 3174/69/1273 1773/57/1273
f 1646/17/374 384/16/374 1778/70/374 3174/69/374
f 3174/69/1274 1778/70/1274 440/47/1274 1716/46/1274
f 1773/57/376 3174/69/376 1716/46/376 435/58/376
f 381/14/1275 1647/71/1275 3175/72/1275 1775/73/1275
f 1647/71/378 377/10/378 1771/56/378 3175/72/378
f 3175/72/1276 1771/56/1276 433/41/1276 1717/44/1276
f 1775/73/380 3175/72/380 1717/44/380 437/49/380
f 382/1/381 1648/74/381 3176/75/381 1776/62/381
f 1648/74/382 381/14/382 1775/73/382 3176/75/382
f 3176/75/383 1775/73/383 437/49/383 1718/51/383
f 1776/62/1277 3176/75/1277 1718/51/1277 438/32/1277
f 383/9/385 1649/8/385 3177/76/385 1777/77/385
f 1649/8/1278 380/7/1278 1774/67/1278 3177/76/1278
f 3177/76/1279 1774/67/1279 436/68/1279 1719/37/1279
f 1777/77/388 3177/76/388 1719/37/388 439/36/388
f 384/16/389 1650/25/389 3178/78/389 1778/70/389
f 1650/25/1280 383/9/1280 1777/77/1280 3178/78/1280
f 3178/78/1281 1777/77/1281 439/36/1281 1720/52/1281
f 1778/70/392 3178/78/392 1720/52/392 440/47/392
f 611/68/393 1781/38/393 3179/83/393 2092/84/393
f 1781/38/394 442/38/394 1780/85/394 3179/83/394
f 3179/83/395 1780/85/395 444/86/395 2082/87/395
f 2092/84/396 3179/83/396 2082/87/396 612/88/396
f 612/88/397 2082/87/397 3180/89/397 2091/90/397
f 2082/87/398 444/86/398 1784/91/398 3180/89/398
f 3180/89/399 1784/91/399 446/92/399 2083/93/399
f 2091/90/400 3180/89/400 2083/93/400 613/94/400
f 613/94/401 2083/93/401 3181/95/401 2090/96/401
f 2083/93/1282 446/92/1282 1787/97/1282 3181/95/1282
f 3181/95/403 1787/97/403 448/98/403 2084/99/403
f 2090/96/404 3181/95/404 2084/99/404 614/100/404
f 614/100/405 2084/99/405 3182/101/405 2089/102/405
f 2084/99/406 448/98/406 1790/103/406 3182/101/406
f 3182/101/407 1790/103/407 450/104/407 2085/105/407
f 2089/102/408 3182/101/408 2085/105/408 615/106/408
f 441/107/409 1779/108/409 3183/109/409 2175/110/409
f 443/111/409 2176/112/409 3183/109/409 1779/113/409
f 656/114/409 2175/115/409 3183/109/409 2176/112/409
f 615/106/410 2085/105/410 3184/116/410 2088/117/410
f 2085/105/411 450/104/411 1793/118/411 3184/116/411
f 3184/116/412 1793/118/412 452/119/412 2086/120/412
f 2088/117/413 3184/116/413 2086/120/413 616/121/413
f 616/121/414 2086/120/414 3185/122/414 2087/123/414
f 2086/120/415 452/119/415 1796/124/415 3185/122/415
f 3185/122/416 1796/124/416 442/125/416 1781/126/416
f 2087/123/417 3185/122/417 1781/126/417 611/127/417
f 621/128/418 2097/129/418 3186/130/418 2104/131/418
f 2097/129/419 482/132/419 1827/133/419 3186/130/419
f 3186/130/420 1827/133/420 453/134/420 1797/135/420
f 2104/131/421 3186/130/421 1797/135/421 622/136/421
f 482/132/422 1826/137/422 3187/138/422 1827/133/422
f 1826/137/423 481/139/423 1828/140/423 3187/138/423
f 3187/138/424 1828/140/424 454/141/424 1798/142/424
f 1827/133/425 3187/138/425 1798/142/425 453/134/425
f 481/139/426 1825/143/426 3188/144/426 1828/140/426
f 1825/143/427 480/145/427 1829/146/427 3188/144/427
f 3188/144/428 1829/146/428 455/147/428 1799/148/428
f 1828/140/429 3188/144/429 1799/148/429 454/141/429
f 480/145/430 1824/149/430 3189/150/430 1829/146/430
f 1824/149/431 479/151/431 1830/152/431 3189/150/431
f 3189/150/432 1830/152/432 456/153/432 1800/154/432
f 1829/146/433 3189/150/433 1800/154/433 455/147/433
f 479/151/434 1823/155/434 3190/156/434 1830/152/434
f 1823/155/435 478/157/435 1831/158/435 3190/156/435
f 3190/156/436 1831/158/436 457/159/436 1801/160/436
f 1830/152/437 3190/156/437 1801/160/437 456/153/437
f 620/161/438 2096/162/438 3191/163/438 2103/164/438
f 2096/162/439 477/165/439 1832/166/439 3191/163/439
f 3191/163/440 1832/166/440 482/132/440 2097/129/440
f 2103/164/441 3191/163/441 2097/129/441 621/128/441
f 477/167/442 1821/168/442 3192/169/442 1832/170/442
f 1821/168/443 476/171/443 1833/172/443 3192/169/443
f 3192/169/444 1833/172/444 481/173/444 1826/174/444
f 1832/170/445 3192/169/445 1826/174/445 482/175/445
f 476/171/446 1820/176/446 3193/177/446 1833/172/446
f 1820/176/447 475/178/447 1834/179/447 3193/177/447
f 3193/177/448 1834/179/448 480/180/448 1825/181/448
f 1833/172/449 3193/177/449 1825/181/449 481/173/449
f 475/178/450 1819/182/450 3194/183/450 1834/179/450
f 1819/182/451 474/184/451 1835/185/451 3194/183/451
f 3194/183/452 1835/185/452 479/151/452 1824/186/452
f 1834/179/453 3194/183/453 1824/186/453 480/180/453
f 474/184/454 1818/187/454 3195/188/454 1835/185/454
f 1818/187/455 473/189/455 1836/190/455 3195/188/455
f 3195/188/456 1836/190/456 478/191/456 1823/192/456
f 1835/185/457 3195/188/457 1823/192/457 479/151/457
f 619/193/458 2095/194/458 3196/195/458 2102/196/458
f 2095/194/459 472/197/459 1837/198/459 3196/195/459
f 3196/195/460 1837/198/460 477/165/460 2096/162/460
f 2102/196/461 3196/195/461 2096/162/461 620/161/461
f 472/199/462 1816/200/462 3197/201/462 1837/202/462
f 1816/200/463 471/203/463 1838/204/463 3197/201/463
f 3197/201/464 1838/204/464 476/171/464 1821/168/464
f 1837/202/465 3197/201/465 1821/168/465 477/167/465
f 471/203/466 1815/205/466 3198/206/466 1838/204/466
f 1815/205/467 470/207/467 1839/208/467 3198/206/467
f 3198/206/468 1839/208/468 475/178/468 1820/176/468
f 1838/204/469 3198/206/469 1820/176/469 476/171/469
f 470/207/470 1814/209/470 3199/210/470 1839/208/470
f 1814/209/471 469/211/471 1840/212/471 3199/210/471
f 3199/210/472 1840/212/472 474/184/472 1819/182/472
f 1839/208/473 3199/210/473 1819/182/473 475/178/473
f 469/211/474 1813/213/474 3200/214/474 1840/212/474
f 1813/213/475 468/215/475 1841/216/475 3200/214/475
f 3200/214/476 1841/216/476 473/189/476 1818/187/476
f 1840/212/477 3200/214/477 1818/187/477 474/184/477
f 618/217/478 2094/218/478 3201/219/478 2101/220/478
f 2094/218/479 467/221/479 1842/222/479 3201/219/479
f 3201/219/480 1842/222/480 472/197/480 2095/194/480
f 2101/220/481 3201/219/481 2095/194/481 619/193/481
f 467/223/482 1811/224/482 3202/225/482 1842/226/482
f 1811/224/483 466/227/483 1843/228/483 3202/225/483
f 3202/225/484 1843/228/484 471/203/484 1816/200/484
f 1842/226/485 3202/225/485 1816/200/485 472/199/485
f 466/227/486 1810/229/486 3203/230/486 1843/228/486
f 1810/229/487 465/231/487 1844/232/487 3203/230/487
f 3203/230/488 1844/232/488 470/207/488 1815/205/488
f 1843/228/489 3203/230/489 1815/205/489 471/203/489
f 465/231/490 1809/233/490 3204/234/490 1844/232/490
f 1809/233/491 464/235/491 1845/236/491 3204/234/491
f 3204/234/492 1845/236/492 469/211/492 1814/209/492
f 1844/232/493 3204/234/493 1814/209/493 470/207/493
f 464/235/494 1808/237/494 3205/238/494 1845/236/494
f 1808/237/495 463/239/495 1846/240/495 3205/238/495
f 3205/238/496 1846/240/496 468/215/496 1813/213/496
f 1845/236/497 3205/238/497 1813/213/497 469/211/497
f 617/241/498 2093/242/498 3206/243/498 2100/244/498
f 2093/242/499 462/245/499 1847/246/499 3206/243/499
f 3206/243/500 1847/246/500 467/223/500 2094/247/500
f 2100/244/501 3206/243/501 2094/247/501 618/217/501
f 462/245/502 1806/248/502 3207/249/502 1847/246/502
f 1806/248/503 461/250/503 1848/251/503 3207/249/503
f 3207/249/504 1848/251/504 466/227/504 1811/224/504
f 1847/246/505 3207/249/505 1811/224/505 467/223/505
f 461/250/506 1805/252/506 3208/253/506 1848/251/506
f 1805/252/507 460/254/507 1849/255/507 3208/253/507
f 3208/253/508 1849/255/508 465/231/508 1810/229/508
f 1848/251/509 3208/253/509 1810/229/509 466/227/509
f 460/254/510 1804/256/510 3209/257/510 1849/255/510
f 1804/256/511 459/258/511 1850/259/511 3209/257/511
f 3209/257/512 1850/259/512 464/235/512 1809/233/512
f 1849/255/1283 3209/257/1283 1809/233/1283 465/231/1283
f 459/258/514 1803/260/514 3210/261/514 1850/259/514
f 1803/260/515 458/262/515 1851/263/515 3210/261/515
f 3210/261/516 1851/263/516 463/239/516 1808/237/516
f 1850/259/517 3210/261/517 1808/237/517 464/235/517
f 622/264/518 1797/265/518 3211/266/518 2099/267/518
f 1797/265/519 453/268/519 1852/269/519 3211/266/519
f 3211/266/520 1852/269/520 462/270/520 2093/271/520
f 2099/267/521 3211/266/521 2093/271/521 617/272/521
f 453/268/522 1798/273/522 3212/274/522 1852/269/522
f 1798/273/523 454/275/523 1853/276/523 3212/274/523
f 3212/274/524 1853/276/524 461/277/524 1806/248/524
f 1852/269/525 3212/274/525 1806/248/525 462/270/525
f 454/275/526 1799/278/526 3213/279/526 1853/276/526
f 1799/278/527 455/280/527 1854/281/527 3213/279/527
f 3213/279/528 1854/281/528 460/282/528 1805/283/528
f 1853/276/529 3213/279/529 1805/283/529 461/277/529
f 455/280/530 1800/284/530 3214/285/530 1854/281/530
f 1800/284/531 456/286/531 1855/287/531 3214/285/531
f 3214/285/532 1855/287/532 459/288/532 1804/256/532
f 1854/281/533 3214/285/533 1804/256/533 460/282/533
f 456/286/534 1801/289/534 3215/290/534 1855/287/534
f 1801/289/535 457/291/535 1856/292/535 3215/290/535
f 3215/290/536 1856/292/536 458/293/536 1803/294/536
f 1855/287/537 3215/290/537 1803/294/537 459/288/537
f 488/1/538 1858/2/538 3216/3/538 1866/4/538
f 1858/2/539 484/5/539 1859/6/539 3216/3/539
f 3216/3/540 1859/6/540 486/7/540 1863/8/540
f 1866/4/541 3216/3/541 1863/8/541 489/9/541
f 483/10/542 1861/11/542 3217/12/542 1857/13/542
f 1861/11/543 487/14/543 1865/15/543 3217/12/543
f 3217/12/544 1865/15/544 490/16/544 1860/17/544
f 1857/13/545 3217/12/545 1860/17/545 485/18/545
f 487/19/546 1862/20/546 3218/21/546 1865/22/546
f 1862/20/547 488/23/547 1866/24/547 3218/21/547
f 3218/21/548 1866/24/548 489/9/548 1864/25/548
f 1865/22/549 3218/21/549 1864/25/549 490/26/549
f 496/1/1284 1868/2/1284 3219/3/1284 1876/4/1284
f 1868/2/551 492/5/551 1869/6/551 3219/3/551
f 3219/3/552 1869/6/552 494/7/552 1873/8/552
f 1876/4/553 3219/3/553 1873/8/553 497/9/553
f 491/10/554 1871/11/554 3220/12/554 1867/13/554
f 1871/11/555 495/14/555 1875/15/555 3220/12/555
f 3220/12/556 1875/15/556 498/16/556 1870/17/556
f 1867/13/557 3220/12/557 1870/17/557 493/18/557
f 495/19/558 1872/20/558 3221/21/558 1875/22/558
f 1872/20/559 496/23/559 1876/24/559 3221/21/559
f 3221/21/560 1876/24/560 497/9/560 1874/25/560
f 1875/22/561 3221/21/561 1874/25/561 498/26/561
f 504/1/562 1878/2/562 3222/3/562 1886/4/562
f 1878/2/1285 500/5/1285 1879/6/1285 3222/3/1285
f 3222/3/564 1879/6/564 502/7/564 1883/8/564
f 1886/4/565 3222/3/565 1883/8/565 505/9/565
f 499/10/566 1881/11/566 3223/12/566 1877/13/566
f 1881/11/567 503/14/567 1885/15/567 3223/12/567
f 3223/12/568 1885/15/568 506/16/568 1880/17/568
f 1877/13/569 3223/12/569 1880/17/569 501/18/569
f 503/19/570 1882/20/570 3224/21/570 1885/22/570
f 1882/20/571 504/23/571 1886/24/571 3224/21/571
f 3224/21/572 1886/24/572 505/9/572 1884/25/572
f 1885/22/573 3224/21/573 1884/25/573 506/26/573
f 627/295/574 1888/296/574 3225/297/574 2120/298/574
f 1888/296/575 508/64/575 1889/39/575 3225/297/575
f 3225/297/576 1889/39/576 510/68/576 2114/299/576
f 2120/298/577 3225/297/577 2114/299/577 628/300/577
f 624/301/578 1891/302/578 3226/303/578 2112/304/578
f 1891/302/579 511/305/579 1895/306/579 3226/303/579
f 3226/303/1286 1895/306/1286 514/307/1286 2105/308/1286
f 2112/304/581 3226/303/581 2105/308/581 623/309/581
f 511/305/582 1892/310/582 3227/311/582 1895/306/582
f 1892/310/583 512/312/583 1896/313/583 3227/311/583
f 3227/311/584 1896/313/584 513/314/584 1894/315/584
f 1895/306/585 3227/311/585 1894/315/585 514/307/585
f 520/1/586 1898/2/586 3228/3/586 1906/4/586
f 1898/2/587 516/5/587 1899/6/587 3228/3/587
f 3228/3/588 1899/6/588 518/7/588 1903/8/588
f 1906/4/589 3228/3/589 1903/8/589 521/9/589
f 515/10/590 1901/11/590 3229/12/590 1897/13/590
f 1901/11/591 519/14/591 1905/15/591 3229/12/591
f 3229/12/592 1905/15/592 522/16/592 1900/17/592
f 1897/13/593 3229/12/593 1900/17/593 517/18/593
f 519/19/594 1902/20/594 3230/21/594 1905/22/594
f 1902/20/595 520/23/595 1906/24/595 3230/21/595
f 3230/21/596 1906/24/596 521/9/596 1904/25/596
f 1905/22/597 3230/21/597 1904/25/597 522/26/597
f 528/1/598 1908/2/598 3231/3/598 1916/4/598
f 1908/2/599 524/5/599 1909/6/599 3231/3/599
f 3231/3/600 1909/6/600 526/7/600 1913/8/600
f 1916/4/1287 3231/3/1287 1913/8/1287 529/9/1287
f 523/10/1288 1911/11/1288 3232/12/1288 1907/13/1288
f 1911/11/1289 527/14/1289 1915/15/1289 3232/12/1289
f 3232/12/604 1915/15/604 530/16/604 1910/17/604
f 1907/13/605 3232/12/605 1910/17/605 525/18/605
f 527/19/606 1912/20/606 3233/21/606 1915/22/606
f 1912/20/607 528/23/607 1916/24/607 3233/21/607
f 3233/21/608 1916/24/608 529/9/608 1914/25/608
f 1915/22/609 3233/21/609 1914/25/609 530/26/609
f 536/1/610 1918/2/610 3234/3/610 1926/4/610
f 1918/2/611 532/5/611 1919/6/611 3234/3/611
f 3234/3/612 1919/6/612 534/7/612 1923/8/612
f 1926/4/613 3234/3/613 1923/8/613 537/9/613
f 531/10/1290 1921/11/1290 3235/12/1290 1917/13/1290
f 1921/11/615 535/14/615 1925/15/615 3235/12/615
f 3235/12/1291 1925/15/1291 538/16/1291 1920/17/1291
f 1917/13/617 3235/12/617 1920/17/617 533/18/617
f 535/19/1292 1922/20/1292 3236/21/1292 1925/22/1292
f 1922/20/619 536/23/619 1926/24/619 3236/21/619
f 3236/21/620 1926/24/620 537/9/620 1924/25/620
f 1925/22/621 3236/21/621 1924/25/621 538/26/621
f 544/1/622 1928/2/622 3237/3/622 1936/4/622
f 1928/2/1293 540/5/1293 1929/6/1293 3237/3/1293
f 3237/3/624 1929/6/624 542/7/624 1933/8/624
f 1936/4/625 3237/3/625 1933/8/625 545/9/625
f 539/10/1294 1931/11/1294 3238/12/1294 1927/13/1294
f 1931/11/627 543/14/627 1935/15/627 3238/12/627
f 3238/12/628 1935/15/628 546/16/628 1930/17/628
f 1927/13/629 3238/12/629 1930/17/629 541/18/629
f 543/19/630 1932/20/630 3239/21/630 1935/22/630
f 1932/20/631 544/23/631 1936/24/631 3239/21/631
f 3239/21/632 1936/24/632 545/9/632 1934/25/632
f 1935/22/633 3239/21/633 1934/25/633 546/26/633
f 552/32/634 1946/33/634 3240/34/634 1938/35/634
f 1946/33/635 553/36/635 1943/37/635 3240/34/635
f 3240/34/636 1943/37/636 550/38/636 1939/39/636
f 1938/35/637 3240/34/637 1939/39/637 548/40/637
f 547/41/638 1937/42/638 3241/43/638 1941/44/638
f 1937/42/639 549/45/639 1940/46/639 3241/43/639
f 3241/43/640 1940/46/640 554/47/640 1945/48/640
f 1941/44/641 3241/43/641 1945/48/641 551/49/641
f 551/49/642 1945/48/642 3242/50/642 1942/51/642
f 1945/48/643 554/47/643 1944/52/643 3242/50/643
f 3242/50/644 1944/52/644 553/36/644 1946/33/644
f 1942/51/645 3242/50/645 1946/33/645 552/32/645
f 560/32/646 1956/33/646 3243/34/646 1948/35/646
f 1956/33/647 561/36/647 1953/37/647 3243/34/647
f 3243/34/1295 1953/37/1295 558/38/1295 1949/39/1295
f 1948/35/649 3243/34/649 1949/39/649 556/40/649
f 555/41/650 1947/42/650 3244/43/650 1951/44/650
f 1947/42/651 557/45/651 1950/46/651 3244/43/651
f 3244/43/652 1950/46/652 562/47/652 1955/48/652
f 1951/44/653 3244/43/653 1955/48/653 559/49/653
f 559/49/654 1955/48/654 3245/50/654 1952/51/654
f 1955/48/655 562/47/655 1954/52/655 3245/50/655
f 3245/50/1296 1954/52/1296 561/36/1296 1956/33/1296
f 1952/51/657 3245/50/657 1956/33/657 560/32/657
f 568/32/658 1966/33/658 3246/34/658 1958/35/658
f 1966/33/659 569/36/659 1963/37/659 3246/34/659
f 3246/34/660 1963/37/660 566/38/660 1959/39/660
f 1958/35/1297 3246/34/1297 1959/39/1297 564/40/1297
f 563/41/662 1957/42/662 3247/43/662 1961/44/662
f 1957/42/663 565/45/663 1960/46/663 3247/43/663
f 3247/43/664 1960/46/664 570/47/664 1965/48/664
f 1961/44/665 3247/43/665 1965/48/665 567/49/665
f 567/49/666 1965/48/666 3248/50/666 1962/51/666
f 1965/48/667 570/47/667 1964/52/667 3248/50/667
f 3248/50/668 1964/52/668 569/36/668 1966/33/668
f 1962/51/669 3248/50/669 1966/33/669 568/32/669
f 629/316/670 2119/317/670 3249/318/670 1968/319/670
f 2119/317/671 630/320/671 2116/321/671 3249/318/671
f 3249/318/1298 2116/321/1298 574/38/1298 1969/39/1298
f 1968/319/1299 3249/318/1299 1969/39/1299 572/40/1299
f 626/322/674 2111/323/674 3250/324/674 1971/325/674
f 2111/323/675 625/326/675 2107/327/675 3250/324/675
f 3250/324/1300 2107/327/1300 578/47/1300 1975/328/1300
f 1971/325/677 3250/324/677 1975/328/677 575/49/677
f 575/49/678 1975/328/678 3251/329/678 1972/51/678
f 1975/328/679 578/47/679 1974/52/679 3251/329/679
f 3251/329/680 1974/52/680 577/36/680 1976/330/680
f 1972/51/681 3251/329/681 1976/330/681 576/32/681
f 584/32/682 1986/33/682 3252/34/682 1978/35/682
f 1986/33/683 585/36/683 1983/37/683 3252/34/683
f 3252/34/1301 1983/37/1301 582/38/1301 1979/39/1301
f 1978/35/1302 3252/34/1302 1979/39/1302 580/40/1302
f 579/41/686 1977/42/686 3253/43/686 1981/44/686
f 1977/42/1303 581/45/1303 1980/46/1303 3253/43/1303
f 3253/43/688 1980/46/688 586/47/688 1985/48/688
f 1981/44/689 3253/43/689 1985/48/689 583/49/689
f 583/49/690 1985/48/690 3254/50/690 1982/51/690
f 1985/48/691 586/47/691 1984/52/691 3254/50/691
f 3254/50/692 1984/52/692 585/36/692 1986/33/692
f 1982/51/693 3254/50/693 1986/33/693 584/32/693
f 592/32/1304 1996/33/1304 3255/34/1304 1988/35/1304
f 1996/33/1305 593/36/1305 1993/37/1305 3255/34/1305
f 3255/34/1306 1993/37/1306 590/38/1306 1989/39/1306
f 1988/35/697 3255/34/697 1989/39/697 588/40/697
f 587/41/1307 1987/42/1307 3256/43/1307 1991/44/1307
f 1987/42/699 589/45/699 1990/46/699 3256/43/699
f 3256/43/700 1990/46/700 594/47/700 1995/48/700
f 1991/44/701 3256/43/701 1995/48/701 591/49/701
f 591/49/702 1995/48/702 3257/50/702 1992/51/702
f 1995/48/703 594/47/703 1994/52/703 3257/50/703
f 3257/50/704 1994/52/704 593/36/704 1996/33/704
f 1992/51/705 3257/50/705 1996/33/705 592/32/705
f 600/32/706 2006/33/706 3258/34/706 1998/35/706
f 2006/33/707 601/36/707 2003/37/707 3258/34/707
f 3258/34/1308 2003/37/1308 598/38/1308 1999/39/1308
f 1998/35/709 3258/34/709 1999/39/709 596/40/709
f 595/41/710 1997/42/710 3259/43/710 2001/44/710
f 1997/42/711 597/45/711 2000/46/711 3259/43/711
f 3259/43/712 2000/46/712 602/47/712 2005/48/712
f 2001/44/713 3259/43/713 2005/48/713 599/49/713
f 599/49/714 2005/48/714 3260/50/714 2002/51/714
f 2005/48/715 602/47/715 2004/52/715 3260/50/715
f 3260/50/716 2004/52/716 601/36/716 2006/33/716
f 2002/51/717 3260/50/717 2006/33/717 600/32/717
f 608/32/718 2016/33/718 3261/34/718 2008/35/718
f 2016/33/719 609/36/719 2013/37/719 3261/34/719
f 3261/34/720 2013/37/720 606/38/720 2009/39/720
f 2008/35/721 3261/34/721 2009/39/721 604/40/721
f 603/41/722 2007/42/722 3262/43/722 2011/44/722
f 2007/42/723 605/45/723 2010/46/723 3262/43/723
f 3262/43/1309 2010/46/1309 610/47/1309 2015/48/1309
f 2011/44/725 3262/43/725 2015/48/725 607/49/725
f 607/49/726 2015/48/726 3263/50/726 2012/51/726
f 2015/48/727 610/47/727 2014/52/727 3263/50/727
f 3263/50/728 2014/52/728 609/36/728 2016/33/728
f 2012/51/729 3263/50/729 2016/33/729 608/32/729
f 483/10/730 1857/54/730 3264/55/730 2017/56/730
f 1857/54/731 485/18/731 2019/57/731 3264/55/731
f 3264/55/732 2019/57/732 549/58/732 1937/42/732
f 2017/56/1310 3264/55/1310 1937/42/1310 547/41/1310
f 484/5/734 1858/59/734 3265/60/734 2018/61/734
f 1858/59/735 488/1/735 2022/62/735 3265/60/735
f 3265/60/736 2022/62/736 552/32/736 1938/63/736
f 2018/61/737 3265/60/737 1938/63/737 548/64/737
f 486/7/738 1859/65/738 3266/66/738 2020/67/738
f 1859/65/739 484/5/739 2018/61/739 3266/66/739
f 3266/66/1311 2018/61/1311 548/64/1311 1939/39/1311
f 2020/67/741 3266/66/741 1939/39/741 550/68/741
f 485/18/1312 1860/17/1312 3267/69/1312 2019/57/1312
f 1860/17/743 490/16/743 2024/70/743 3267/69/743
f 3267/69/744 2024/70/744 554/47/744 1940/46/744
f 2019/57/745 3267/69/745 1940/46/745 549/58/745
f 487/14/746 1861/71/746 3268/72/746 2021/73/746
f 1861/71/747 483/10/747 2017/56/747 3268/72/747
f 3268/72/748 2017/56/748 547/41/748 1941/44/748
f 2021/73/749 3268/72/749 1941/44/749 551/49/749
f 488/1/750 1862/74/750 3269/75/750 2022/62/750
f 1862/74/751 487/14/751 2021/73/751 3269/75/751
f 3269/75/752 2021/73/752 551/49/752 1942/51/752
f 2022/62/753 3269/75/753 1942/51/753 552/32/753
f 489/9/754 1863/8/754 3270/76/754 2023/77/754
f 1863/8/755 486/7/755 2020/67/755 3270/76/755
f 3270/76/756 2020/67/756 550/68/756 1943/37/756
f 2023/77/757 3270/76/757 1943/37/757 553/36/757
f 490/16/758 1864/25/758 3271/78/758 2024/70/758
f 1864/25/759 489/9/759 2023/77/759 3271/78/759
f 3271/78/760 2023/77/760 553/36/760 1944/52/760
f 2024/70/761 3271/78/761 1944/52/761 554/47/761
f 491/10/762 1867/54/762 3272/55/762 2025/56/762
f 1867/54/763 493/18/763 2027/57/763 3272/55/763
f 3272/55/764 2027/57/764 557/58/764 1947/42/764
f 2025/56/765 3272/55/765 1947/42/765 555/41/765
f 492/5/766 1868/59/766 3273/60/766 2026/61/766
f 1868/59/767 496/1/767 2030/62/767 3273/60/767
f 3273/60/768 2030/62/768 560/32/768 1948/63/768
f 2026/61/1313 3273/60/1313 1948/63/1313 556/64/1313
f 494/7/770 1869/65/770 3274/66/770 2028/67/770
f 1869/65/771 492/5/771 2026/61/771 3274/66/771
f 3274/66/1314 2026/61/1314 556/64/1314 1949/39/1314
f 2028/67/773 3274/66/773 1949/39/773 558/68/773
f 493/18/774 1870/17/774 3275/69/774 2027/57/774
f 1870/17/775 498/16/775 2032/70/775 3275/69/775
f 3275/69/776 2032/70/776 562/47/776 1950/46/776
f 2027/57/777 3275/69/777 1950/46/777 557/58/777
f 495/14/778 1871/71/778 3276/72/778 2029/73/778
f 1871/71/779 491/10/779 2025/56/779 3276/72/779
f 3276/72/780 2025/56/780 555/41/780 1951/44/780
f 2029/73/781 3276/72/781 1951/44/781 559/49/781
f 496/1/782 1872/74/782 3277/75/782 2030/62/782
f 1872/74/783 495/14/783 2029/73/783 3277/75/783
f 3277/75/784 2029/73/784 559/49/784 1952/51/784
f 2030/62/785 3277/75/785 1952/51/785 560/32/785
f 497/9/786 1873/8/786 3278/76/786 2031/77/786
f 1873/8/787 494/7/787 2028/67/787 3278/76/787
f 3278/76/788 2028/67/788 558/68/788 1953/37/788
f 2031/77/789 3278/76/789 1953/37/789 561/36/789
f 498/16/790 1874/25/790 3279/78/790 2032/70/790
f 1874/25/1315 497/9/1315 2031/77/1315 3279/78/1315
f 3279/78/792 2031/77/792 561/36/792 1954/52/792
f 2032/70/793 3279/78/793 1954/52/793 562/47/793
f 499/10/794 1877/54/794 3280/55/794 2033/56/794
f 1877/54/795 501/18/795 2035/57/795 3280/55/795
f 3280/55/796 2035/57/796 565/58/796 1957/42/796
f 2033/56/797 3280/55/797 1957/42/797 563/41/797
f 500/5/1316 1878/59/1316 3281/60/1316 2034/61/1316
f 1878/59/799 504/1/799 2038/62/799 3281/60/799
f 3281/60/800 2038/62/800 568/32/800 1958/63/800
f 2034/61/801 3281/60/801 1958/63/801 564/64/801
f 502/7/802 1879/65/802 3282/66/802 2036/67/802
f 1879/65/803 500/5/803 2034/61/803 3282/66/803
f 3282/66/1317 2034/61/1317 564/64/1317 1959/39/1317
f 2036/67/805 3282/66/805 1959/39/805 566/68/805
f 501/18/806 1880/17/806 3283/69/806 2035/57/806
f 1880/17/807 506/16/807 2040/70/807 3283/69/807
f 3283/69/1318 2040/70/1318 570/47/1318 1960/46/1318
f 2035/57/809 3283/69/809 1960/46/809 565/58/809
f 503/14/810 1881/71/810 3284/72/810 2037/73/810
f 1881/71/811 499/10/811 2033/56/811 3284/72/811
f 3284/72/812 2033/56/812 563/41/812 1961/44/812
f 2037/73/813 3284/72/813 1961/44/813 567/49/813
f 504/1/814 1882/74/814 3285/75/814 2038/62/814
f 1882/74/815 503/14/815 2037/73/815 3285/75/815
f 3285/75/1319 2037/73/1319 567/49/1319 1962/51/1319
f 2038/62/1320 3285/75/1320 1962/51/1320 568/32/1320
f 505/9/818 1883/8/818 3286/76/818 2039/77/818
f 1883/8/819 502/7/819 2036/67/819 3286/76/819
f 3286/76/820 2036/67/820 566/68/820 1963/37/820
f 2039/77/821 3286/76/821 1963/37/821 569/36/821
f 506/16/822 1884/25/822 3287/78/822 2040/70/822
f 1884/25/823 505/9/823 2039/77/823 3287/78/823
f 3287/78/824 2039/77/824 569/36/824 1964/52/824
f 2040/70/825 3287/78/825 1964/52/825 570/47/825
f 643/331/1321 2168/332/1321 3288/333/1321 2041/334/1321
f 2168/332/827 645/335/827 2043/336/827 3288/333/827
f 3288/333/1322 2043/336/1322 573/58/1322 1967/42/1322
f 2041/334/1323 3288/333/1323 1967/42/1323 571/41/1323
f 654/337/1324 2167/338/1324 3289/339/1324 2118/340/1324
f 2167/338/1325 648/341/1325 2046/342/1325 3289/339/1325
f 3289/339/832 2046/342/832 576/32/832 2115/343/832
f 2118/340/833 3289/339/833 2115/343/833 629/316/833
f 646/344/1326 2166/345/1326 3290/346/1326 2044/347/1326
f 2166/345/1327 644/348/1327 2042/349/1327 3290/346/1327
f 3290/346/836 2042/349/836 572/64/836 1969/39/836
f 2044/347/837 3290/346/837 1969/39/837 574/68/837
f 652/350/838 2165/351/838 3291/352/838 2110/353/838
f 2165/351/839 650/354/839 2048/355/839 3291/352/839
f 3291/352/840 2048/355/840 578/47/840 2107/327/840
f 2110/353/1328 3291/352/1328 2107/327/1328 625/326/1328
f 651/356/842 2164/357/842 3292/358/842 2109/359/842
f 2164/357/1329 643/331/1329 2041/334/1329 3292/358/1329
f 3292/358/844 2041/334/844 571/41/844 2108/360/844
f 2109/359/845 3292/358/845 2108/360/845 626/322/845
f 648/341/1330 2163/361/1330 3293/362/1330 2046/342/1330
f 2163/361/1331 647/363/1331 2045/364/1331 3293/362/1331
f 3293/362/1332 2045/364/1332 575/49/1332 1972/51/1332
f 2046/342/849 3293/362/849 1972/51/849 576/32/849
f 653/365/850 2162/366/850 3294/367/850 2117/368/850
f 2162/366/1333 646/344/1333 2044/347/1333 3294/367/1333
f 3294/367/852 2044/347/852 574/68/852 2116/321/852
f 2117/368/1334 3294/367/1334 2116/321/1334 630/320/1334
f 650/354/854 2161/369/854 3295/370/854 2048/355/854
f 2161/369/855 649/371/855 2047/372/855 3295/370/855
f 3295/370/856 2047/372/856 577/36/856 1974/52/856
f 2048/355/1335 3295/370/1335 1974/52/1335 578/47/1335
f 515/10/858 1897/54/858 3296/55/858 2049/56/858
f 1897/54/1336 517/18/1336 2051/57/1336 3296/55/1336
f 3296/55/860 2051/57/860 581/58/860 1977/42/860
f 2049/56/861 3296/55/861 1977/42/861 579/41/861
f 516/5/862 1898/59/862 3297/60/862 2050/61/862
f 1898/59/1337 520/1/1337 2054/62/1337 3297/60/1337
f 3297/60/864 2054/62/864 584/32/864 1978/63/864
f 2050/61/1338 3297/60/1338 1978/63/1338 580/64/1338
f 518/7/1339 1899/65/1339 3298/66/1339 2052/67/1339
f 1899/65/867 516/5/867 2050/61/867 3298/66/867
f 3298/66/868 2050/61/868 580/64/868 1979/39/868
f 2052/67/1340 3298/66/1340 1979/39/1340 582/68/1340
f 517/18/1341 1900/17/1341 3299/69/1341 2051/57/1341
f 1900/17/871 522/16/871 2056/70/871 3299/69/871
f 3299/69/872 2056/70/872 586/47/872 1980/46/872
f 2051/57/873 3299/69/873 1980/46/873 581/58/873
f 519/14/1342 1901/71/1342 3300/72/1342 2053/73/1342
f 1901/71/875 515/10/875 2049/56/875 3300/72/875
f 3300/72/1343 2049/56/1343 579/41/1343 1981/44/1343
f 2053/73/877 3300/72/877 1981/44/877 583/49/877
f 520/1/878 1902/74/878 3301/75/878 2054/62/878
f 1902/74/879 519/14/879 2053/73/879 3301/75/879
f 3301/75/880 2053/73/880 583/49/880 1982/51/880
f 2054/62/881 3301/75/881 1982/51/881 584/32/881
f 521/9/882 1903/8/882 3302/76/882 2055/77/882
f 1903/8/1344 518/7/1344 2052/67/1344 3302/76/1344
f 3302/76/1345 2052/67/1345 582/68/1345 1983/37/1345
f 2055/77/1346 3302/76/1346 1983/37/1346 585/36/1346
f 522/16/886 1904/25/886 3303/78/886 2056/70/886
f 1904/25/887 521/9/887 2055/77/887 3303/78/887
f 3303/78/888 2055/77/888 585/36/888 1984/52/888
f 2056/70/889 3303/78/889 1984/52/889 586/47/889
f 523/10/1347 1907/54/1347 3304/55/1347 2057/56/1347
f 1907/54/891 525/18/891 2059/57/891 3304/55/891
f 3304/55/892 2059/57/892 589/58/892 1987/42/892
f 2057/56/893 3304/55/893 1987/42/893 587/41/893
f 524/5/1348 1908/59/1348 3305/60/1348 2058/61/1348
f 1908/59/895 528/1/895 2062/62/895 3305/60/895
f 3305/60/1349 2062/62/1349 592/32/1349 1988/63/1349
f 2058/61/1350 3305/60/1350 1988/63/1350 588/64/1350
f 526/7/898 1909/65/898 3306/66/898 2060/67/898
f 1909/65/1351 524/5/1351 2058/61/1351 3306/66/1351
f 3306/66/1352 2058/61/1352 588/64/1352 1989/39/1352
f 2060/67/1353 3306/66/1353 1989/39/1353 590/68/1353
f 525/18/1354 1910/17/1354 3307/69/1354 2059/57/1354
f 1910/17/903 530/16/903 2064/70/903 3307/69/903
f 3307/69/904 2064/70/904 594/47/904 1990/46/904
f 2059/57/905 3307/69/905 1990/46/905 589/58/905
f 527/14/906 1911/71/906 3308/72/906 2061/73/906
f 1911/71/1355 523/10/1355 2057/56/1355 3308/72/1355
f 3308/72/1356 2057/56/1356 587/41/1356 1991/44/1356
f 2061/73/909 3308/72/909 1991/44/909 591/49/909
f 528/1/910 1912/74/910 3309/75/910 2062/62/910
f 1912/74/911 527/14/911 2061/73/911 3309/75/911
f 3309/75/1357 2061/73/1357 591/49/1357 1992/51/1357
f 2062/62/1358 3309/75/1358 1992/51/1358 592/32/1358
f 529/9/914 1913/8/914 3310/76/914 2063/77/914
f 1913/8/915 526/7/915 2060/67/915 3310/76/915
f 3310/76/916 2060/67/916 590/68/916 1993/37/916
f 2063/77/917 3310/76/917 1993/37/917 593/36/917
f 530/16/1359 1914/25/1359 3311/78/1359 2064/70/1359
f 1914/25/1360 529/9/1360 2063/77/1360 3311/78/1360
f 3311/78/920 2063/77/920 593/36/920 1994/52/920
f 2064/70/1361 3311/78/1361 1994/52/1361 594/47/1361
f 531/10/922 1917/54/922 3312/55/922 2065/56/922
f 1917/54/1362 533/18/1362 2067/57/1362 3312/55/1362
f 3312/55/924 2067/57/924 597/58/924 1997/42/924
f 2065/56/1363 3312/55/1363 1997/42/1363 595/41/1363
f 532/5/1364 1918/59/1364 3313/60/1364 2066/61/1364
f 1918/59/1365 536/1/1365 2070/62/1365 3313/60/1365
f 3313/60/928 2070/62/928 600/32/928 1998/63/928
f 2066/61/929 3313/60/929 1998/63/929 596/64/929
f 534/7/930 1919/65/930 3314/66/930 2068/67/930
f 1919/65/1366 532/5/1366 2066/61/1366 3314/66/1366
f 3314/66/932 2066/61/932 596/64/932 1999/39/932
f 2068/67/1367 3314/66/1367 1999/39/1367 598/68/1367
f 533/18/934 1920/17/934 3315/69/934 2067/57/934
f 1920/17/935 538/16/935 2072/70/935 3315/69/935
f 3315/69/1368 2072/70/1368 602/47/1368 2000/46/1368
f 2067/57/1369 3315/69/1369 2000/46/1369 597/58/1369
f 535/14/1370 1921/71/1370 3316/72/1370 2069/73/1370
f 1921/71/1371 531/10/1371 2065/56/1371 3316/72/1371
f 3316/72/1372 2065/56/1372 595/41/1372 2001/44/1372
f 2069/73/941 3316/72/941 2001/44/941 599/49/941
f 536/1/1373 1922/74/1373 3317/75/1373 2070/62/1373
f 1922/74/943 535/14/943 2069/73/943 3317/75/943
f 3317/75/944 2069/73/944 599/49/944 2002/51/944
f 2070/62/945 3317/75/945 2002/51/945 600/32/945
f 537/9/946 1923/8/946 3318/76/946 2071/77/946
f 1923/8/947 534/7/947 2068/67/947 3318/76/947
f 3318/76/1374 2068/67/1374 598/68/1374 2003/37/1374
f 2071/77/1375 3318/76/1375 2003/37/1375 601/36/1375
f 538/16/1376 1924/25/1376 3319/78/1376 2072/70/1376
f 1924/25/951 537/9/951 2071/77/951 3319/78/951
f 3319/78/1377 2071/77/1377 601/36/1377 2004/52/1377
f 2072/70/953 3319/78/953 2004/52/953 602/47/953
f 539/10/954 1927/54/954 3320/55/954 2073/56/954
f 1927/54/955 541/18/955 2075/57/955 3320/55/955
f 3320/55/1378 2075/57/1378 605/58/1378 2007/42/1378
f 2073/56/1379 3320/55/1379 2007/42/1379 603/41/1379
f 540/5/1380 1928/59/1380 3321/60/1380 2074/61/1380
f 1928/59/959 544/1/959 2078/62/959 3321/60/959
f 3321/60/960 2078/62/960 608/32/960 2008/63/960
f 2074/61/961 3321/60/961 2008/63/961 604/64/961
f 542/7/1381 1929/65/1381 3322/66/1381 2076/67/1381
f 1929/65/1382 540/5/1382 2074/61/1382 3322/66/1382
f 3322/66/1383 2074/61/1383 604/64/1383 2009/39/1383
f 2076/67/1384 3322/66/1384 2009/39/1384 606/68/1384
f 541/18/1385 1930/17/1385 3323/69/1385 2075/57/1385
f 1930/17/967 546/16/967 2080/70/967 3323/69/967
f 3323/69/1386 2080/70/1386 610/47/1386 2010/46/1386
f 2075/57/1387 3323/69/1387 2010/46/1387 605/58/1387
f 543/14/970 1931/71/970 3324/72/970 2077/73/970
f 1931/71/971 539/10/971 2073/56/971 3324/72/971
f 3324/72/972 2073/56/972 603/41/972 2011/44/972
f 2077/73/973 3324/72/973 2011/44/973 607/49/973
f 544/1/974 1932/74/974 3325/75/974 2078/62/974
f 1932/74/1388 543/14/1388 2077/73/1388 3325/75/1388
f 3325/75/976 2077/73/976 607/49/976 2012/51/976
f 2078/62/977 3325/75/977 2012/51/977 608/32/977
f 545/9/978 1933/8/978 3326/76/978 2079/77/978
f 1933/8/1389 542/7/1389 2076/67/1389 3326/76/1389
f 3326/76/980 2076/67/980 606/68/980 2013/37/980
f 2079/77/981 3326/76/981 2013/37/981 609/36/981
f 546/16/1390 1934/25/1390 3327/78/1390 2080/70/1390
f 1934/25/983 545/9/983 2079/77/983 3327/78/983
f 3327/78/984 2079/77/984 609/36/984 2014/52/984
f 2080/70/985 3327/78/985 2014/52/985 610/47/985
f 478/157/986 1822/373/986 3328/374/986 1831/158/986
f 1822/373/987 616/121/987 2087/123/987 3328/374/987
f 3328/374/988 2087/123/988 611/127/988 2081/375/988
f 1831/158/989 3328/374/989 2081/375/989 457/159/989
f 473/189/990 1817/376/990 3329/377/990 1836/190/990
f 1817/376/447 615/378/447 2088/379/447 3329/377/447
f 3329/377/991 2088/379/991 616/380/991 1822/381/991
f 1836/190/992 3329/377/992 1822/381/992 478/191/992
f 468/215/993 1812/382/993 3330/383/993 1841/216/993
f 1812/382/994 614/384/994 2089/102/994 3330/383/994
f 3330/383/995 2089/102/995 615/378/995 1817/376/995
f 1841/216/996 3330/383/996 1817/376/996 473/189/996
f 463/239/997 1807/385/997 3331/386/997 1846/240/997
f 1807/385/998 613/387/998 2090/96/998 3331/386/998
f 3331/386/999 2090/96/999 614/384/999 1812/382/999
f 1846/240/1000 3331/386/1000 1812/382/1000 468/215/1000
f 458/262/1001 1802/388/1001 3332/389/1001 1851/263/1001
f 1802/388/507 612/390/507 2091/90/507 3332/389/507
f 3332/389/1002 2091/90/1002 613/387/1002 1807/385/1002
f 1851/263/1003 3332/389/1003 1807/385/1003 463/239/1003
f 457/291/1004 2081/391/1004 3333/392/1004 1856/292/1004
f 2081/391/1005 611/68/1005 2092/84/1005 3333/392/1005
f 3333/392/1006 2092/84/1006 612/88/1006 1802/388/1006
f 1856/292/1007 3333/392/1007 1802/388/1007 458/293/1007
f 441/39/1008 2098/39/1008 3334/393/1008 1779/394/1008
f 2098/39/1009 622/264/1009 2099/267/1009 3334/393/1009
f 3334/393/1010 2099/267/1010 617/272/1010 1782/395/1010
f 1779/394/1011 3334/393/1011 1782/395/1011 443/396/1011
f 443/396/1391 1782/395/1391 3335/397/1391 1783/398/1391
f 1782/395/1013 617/272/1013 2100/399/1013 3335/397/1013
f 3335/397/1014 2100/399/1014 618/217/1014 1785/400/1014
f 1783/398/1392 3335/397/1392 1785/400/1392 445/401/1392
f 445/401/1016 1785/400/1016 3336/402/1016 1786/403/1016
f 1785/400/1017 618/217/1017 2101/220/1017 3336/402/1017
f 3336/402/1018 2101/220/1018 619/193/1018 1788/404/1018
f 1786/403/1019 3336/402/1019 1788/404/1019 447/404/1019
f 447/404/1020 1788/404/1020 3337/405/1020 1789/406/1020
f 1788/404/1021 619/404/1021 2102/196/1021 3337/405/1021
f 3337/405/1022 2102/196/1022 620/161/1022 1791/407/1022
f 1789/406/1023 3337/405/1023 1791/407/1023 449/407/1023
f 449/407/1393 1791/407/1393 3338/164/1393 1792/408/1393
f 1791/407/1025 620/161/1025 2103/164/1025 3338/164/1025
f 3338/164/1026 2103/164/1026 621/128/1026 1794/409/1026
f 1792/408/1027 3338/164/1027 1794/409/1027 451/410/1027
f 451/410/1028 1794/409/1028 3339/411/1028 1795/412/1028
f 1794/409/1029 621/128/1029 2104/131/1029 3339/411/1029
f 3339/411/1030 2104/131/1030 622/136/1030 2098/413/1030
f 1795/412/1031 3339/411/1031 2098/413/1031 441/136/1031
f 647/363/1394 2160/414/1394 3340/415/1394 2045/364/1394
f 2160/414/1395 651/356/1395 2109/359/1395 3340/415/1395
f 3340/415/1034 2109/359/1034 626/322/1034 1971/416/1034
f 2045/364/1035 3340/415/1035 1971/416/1035 575/49/1035
f 645/335/1396 2159/417/1396 3341/418/1396 2043/336/1396
f 2159/417/1397 652/350/1397 2110/353/1397 3341/418/1397
f 3341/418/1398 2110/353/1398 625/326/1398 1970/419/1398
f 2043/336/1399 3341/418/1399 1970/419/1399 573/58/1399
f 571/41/1400 1967/42/1400 3342/420/1400 2108/360/1400
f 1967/42/1401 573/45/1401 1970/419/1401 3342/420/1401
f 3342/420/1402 1970/419/1402 625/326/1402 2111/323/1402
f 2108/360/1043 3342/420/1043 2111/323/1043 626/322/1043
f 507/421/1403 2106/422/1403 3343/423/1403 1887/424/1403
f 2106/422/1045 624/425/1045 2112/426/1045 3343/423/1045
f 3343/423/1046 2112/426/1046 623/309/1046 1890/427/1046
f 1887/424/1047 3343/423/1047 1890/427/1047 509/428/1047
f 649/371/1048 2158/429/1048 3344/430/1048 2047/372/1048
f 2158/429/1049 653/365/1049 2117/368/1049 3344/430/1049
f 3344/430/1050 2117/368/1050 630/320/1050 1973/431/1050
f 2047/372/1051 3344/430/1051 1973/431/1051 577/36/1051
f 644/348/1052 2157/432/1052 3345/433/1052 2042/349/1052
f 2157/432/1404 654/337/1404 2118/340/1404 3345/433/1404
f 3345/433/1054 2118/340/1054 629/316/1054 1968/319/1054
f 2042/349/1055 3345/433/1055 1968/319/1055 572/64/1055
f 576/32/1056 1976/330/1056 3346/434/1056 2115/343/1056
f 1976/330/1057 577/36/1057 1973/431/1057 3346/434/1057
f 3346/434/1405 1973/431/1405 630/320/1405 2119/317/1405
f 2115/343/1059 3346/434/1059 2119/317/1059 629/316/1059
f 512/312/1060 2113/435/1060 3347/436/1060 1896/313/1060
f 2113/435/1061 627/437/1061 2120/438/1061 3347/436/1061
f 3347/436/1062 2120/438/1062 628/300/1062 1893/439/1062
f 1896/313/1063 3347/436/1063 1893/439/1063 513/314/1063
f 508/64/1064 1888/296/1064 3348/440/1064 2122/40/1064
f 1888/296/1065 627/441/1065 2132/442/1065 3348/440/1065
f 3348/440/1066 2132/442/1066 642/337/1066 2133/443/1066
f 2122/40/1067 3348/440/1067 2133/443/1067 632/444/1067
f 513/314/1068 1893/439/1068 3349/445/1068 2127/446/1068
f 1893/439/1069 628/300/1069 2131/447/1069 3349/445/1069
f 3349/445/1406 2131/447/1406 641/365/1406 2134/448/1406
f 2127/446/1407 3349/445/1407 2134/448/1407 637/449/1407
f 509/428/1072 1890/427/1072 3350/450/1072 2123/451/1072
f 1890/427/1073 623/309/1073 2130/452/1073 3350/450/1073
f 3350/450/1074 2130/452/1074 640/453/1074 2135/454/1074
f 2123/451/1075 3350/450/1075 2135/454/1075 633/455/1075
f 511/456/1076 1891/457/1076 3351/458/1076 2125/459/1076
f 1891/457/1077 624/460/1077 2129/461/1077 3351/458/1077
f 3351/458/1078 2129/461/1078 639/462/1078 2136/463/1078
f 2125/459/1079 3351/458/1079 2136/463/1079 635/363/1079
f 514/307/1080 1894/464/1080 3352/465/1080 2128/466/1080
f 1894/464/1081 513/467/1081 2127/468/1081 3352/465/1081
f 3352/465/1082 2127/468/1082 637/449/1082 2137/369/1082
f 2128/466/1083 3352/465/1083 2137/369/1083 638/469/1083
f 628/300/1084 2114/299/1084 3353/470/1084 2131/471/1084
f 2114/299/1408 510/68/1408 2124/38/1408 3353/470/1408
f 3353/470/1409 2124/38/1409 634/68/1409 2138/472/1409
f 2131/471/1410 3353/470/1410 2138/472/1410 641/365/1410
f 512/312/1088 1892/310/1088 3354/473/1088 2126/474/1088
f 1892/310/1089 511/456/1089 2125/459/1089 3354/473/1089
f 3354/473/1090 2125/459/1090 635/363/1090 2139/475/1090
f 2126/474/1091 3354/473/1091 2139/475/1091 636/476/1091
f 624/477/1092 2106/478/1092 3355/479/1092 2129/461/1092
f 2106/478/1411 507/421/1411 2121/480/1411 3355/479/1411
f 3355/479/1412 2121/480/1412 631/481/1412 2140/482/1412
f 2129/461/1095 3355/479/1095 2140/482/1095 639/462/1095
f 623/309/1096 2105/483/1096 3356/484/1096 2130/452/1096
f 2105/483/1097 514/307/1097 2128/466/1097 3356/484/1097
f 3356/484/1098 2128/466/1098 638/469/1098 2141/485/1098
f 2130/452/1413 3356/484/1413 2141/485/1413 640/453/1413
f 510/38/1100 1889/39/1100 3357/486/1100 2124/38/1100
f 1889/39/1101 508/40/1101 2122/40/1101 3357/486/1101
f 3357/486/1414 2122/40/1414 632/64/1414 2142/39/1414
f 2124/38/1415 3357/486/1415 2142/39/1415 634/38/1415
f 627/437/1104 2113/435/1104 3358/487/1104 2132/442/1104
f 2113/435/1416 512/312/1416 2126/474/1416 3358/487/1416
f 3358/487/1417 2126/474/1417 636/476/1417 2143/488/1417
f 2132/442/1107 3358/487/1107 2143/488/1107 642/489/1107
f 507/421/1418 1887/424/1418 3359/490/1418 2121/480/1418
f 1887/424/1419 509/428/1419 2123/451/1419 3359/490/1419
f 3359/490/1420 2123/451/1420 633/455/1420 2144/332/1420
f 2121/480/1421 3359/490/1421 2144/332/1421 631/481/1421
f 632/444/1112 2133/443/1112 3360/491/1112 2146/492/1112
f 2133/443/1113 642/337/1113 2156/337/1113 3360/491/1113
f 3360/491/1114 2156/337/1114 654/337/1114 2157/432/1114
f 2146/492/1422 3360/491/1422 2157/432/1422 644/348/1422
f 637/449/1423 2134/448/1423 3361/493/1423 2151/494/1423
f 2134/448/1117 641/365/1117 2155/495/1117 3361/493/1117
f 3361/493/1424 2155/495/1424 653/365/1424 2158/448/1424
f 2151/494/1119 3361/493/1119 2158/448/1119 649/449/1119
f 633/455/1120 2135/454/1120 3362/496/1120 2147/497/1120
f 2135/454/1121 640/453/1121 2154/498/1121 3362/496/1121
f 3362/496/1122 2154/498/1122 652/350/1122 2159/417/1122
f 2147/497/1123 3362/496/1123 2159/417/1123 645/335/1123
f 635/363/1124 2136/463/1124 3363/414/1124 2149/363/1124
f 2136/463/1125 639/462/1125 2153/462/1125 3363/414/1125
f 3363/414/1425 2153/462/1425 651/356/1425 2160/499/1425
f 2149/363/1127 3363/414/1127 2160/499/1127 647/363/1127
f 638/469/1128 2137/369/1128 3364/500/1128 2152/469/1128
f 2137/369/1426 637/449/1426 2151/449/1426 3364/500/1426
f 3364/500/1427 2151/449/1427 649/371/1427 2161/369/1427
f 2152/469/1131 3364/500/1131 2161/369/1131 650/354/1131
f 641/365/1428 2138/472/1428 3365/501/1428 2155/365/1428
f 2138/472/1429 634/68/1429 2148/502/1429 3365/501/1429
f 3365/501/1430 2148/502/1430 646/344/1430 2162/366/1430
f 2155/365/1135 3365/501/1135 2162/366/1135 653/365/1135
f 636/476/1431 2139/475/1431 3366/475/1431 2150/341/1431
f 2139/475/1137 635/363/1137 2149/363/1137 3366/475/1137
f 3366/475/1432 2149/363/1432 647/363/1432 2163/475/1432
f 2150/341/1433 3366/475/1433 2163/475/1433 648/476/1433
f 639/462/1434 2140/482/1434 3367/503/1434 2153/462/1434
f 2140/482/1435 631/504/1435 2145/505/1435 3367/503/1435
f 3367/503/1436 2145/505/1436 643/506/1436 2164/357/1436
f 2153/462/1143 3367/503/1143 2164/357/1143 651/356/1143
f 640/507/1144 2141/485/1144 3368/351/1144 2154/498/1144
f 2141/485/1145 638/508/1145 2152/469/1145 3368/351/1145
f 3368/351/1146 2152/469/1146 650/509/1146 2165/351/1146
f 2154/498/1147 3368/351/1147 2165/351/1147 652/510/1147
f 634/68/1437 2142/39/1437 3369/511/1437 2148/502/1437
f 2142/39/1438 632/444/1438 2146/492/1438 3369/511/1438
f 3369/511/1439 2146/492/1439 644/348/1439 2166/345/1439
f 2148/502/1440 3369/511/1440 2166/345/1440 646/344/1440
f 642/489/1152 2143/488/1152 3370/338/1152 2156/337/1152
f 2143/488/1153 636/476/1153 2150/341/1153 3370/338/1153
f 3370/338/1441 2150/341/1441 648/476/1441 2167/338/1441
f 2156/337/1442 3370/338/1442 2167/338/1442 654/512/1442
f 631/504/1156 2144/513/1156 3371/513/1156 2145/505/1156
f 2144/513/1443 633/514/1443 2147/497/1443 3371/513/1443
f 3371/513/1158 2147/497/1158 645/335/1158 2168/332/1158
f 2145/505/1444 3371/513/1444 2168/332/1444 643/506/1444
f 444/515/1445 1780/516/1445 3372/517/1445 2169/518/1445
f 442/519/1446 2170/520/1446 3372/517/1446 1780/521/1446
f 655/522/1162 2169/523/1162 3372/517/1162 2170/524/1162
f 442/519/1163 1796/525/1163 3373/526/1163 2170/527/1163
f 452/528/1447 2171/529/1447 3373/526/1447 1796/530/1447
f 655/522/1165 2170/531/1165 3373/526/1165 2171/532/1165
f 452/528/1448 1793/533/1448 3374/534/1448 2171/535/1448
f 450/536/1449 2172/537/1449 3374/534/1449 1793/533/1449
f 655/522/1450 2171/535/1450 3374/534/1450 2172/538/1450
f 450/536/1451 1790/539/1451 3375/540/1451 2172/538/1451
f 448/541/1170 2173/542/1170 3375/540/1170 1790/539/1170
f 655/522/1171 2172/543/1171 3375/540/1171 2173/542/1171
f 448/541/1452 1787/544/1452 3376/545/1452 2173/546/1452
f 446/547/1453 2174/548/1453 3376/545/1453 1787/544/1453
f 655/522/1174 2173/549/1174 3376/545/1174 2174/548/1174
f 446/547/1175 1784/550/1175 3377/551/1175 2174/548/1175
f 444/515/1176 2169/552/1176 3377/551/1176 1784/550/1176
f 655/522/1177 2174/553/1177 3377/551/1177 2169/518/1177
f 443/111/409 1783/554/409 3378/555/409 2176/556/409
f 445/557/409 2177/558/409 3378/555/409 1783/554/409
f 656/114/409 2176/556/409 3378/555/409 2177/559/409
f 445/557/409 1786/560/409 3379/561/409 2177/559/409
f 447/562/409 2178/563/409 3379/561/409 1786/560/409
f 656/114/409 2177/564/409 3379/561/409 2178/563/409
f 447/562/409 1789/565/409 3380/566/409 2178/567/409
f 449/568/409 2179/569/409 3380/566/409 1789/565/409
f 656/114/409 2178/570/409 3380/566/409 2179/571/409
f 449/568/409 1792/572/409 3381/573/409 2179/571/409
f 451/574/409 2180/575/409 3381/573/409 1792/572/409
f 656/114/409 2179/576/409 3381/573/409 2180/577/409
f 451/574/409 1795/578/409 3382/579/409 2180/575/409
f 441/107/409 2175/580/409 3382/579/409 1795/581/409
f 656/114/409 2180/582/409 3382/579/409 2175/580/409
f 662/1/1 2182/2/1 3383/3/1 2190/4/1
f 2182/2/1454 658/5/1454 2183/6/1454 3383/3/1454
f 3383/3/3 2183/6/3 660/7/3 2187/8/3
f 2190/4/4 3383/3/4 2187/8/4 663/9/4
f 657/10/5 2185/11/5 3384/12/5 2181/13/5
f 2185/11/6 661/14/6 2189/15/6 3384/12/6
f 3384/12/7 2189/15/7 664/16/7 2184/17/7
f 2181/13/8 3384/12/8 2184/17/8 659/18/8
f 661/19/9 2186/20/9 3385/21/9 2189/22/9
f 2186/20/10 662/23/10 2190/24/10 3385/21/10
f 3385/21/1455 2190/24/1455 663/9/1455 2188/25/1455
f 2189/22/12 3385/21/12 2188/25/12 664/26/12
f 670/1/1456 2192/2/1456 3386/3/1456 2200/4/1456
f 2192/2/14 666/5/14 2193/6/14 3386/3/14
f 3386/3/1178 2193/6/1178 668/7/1178 2197/8/1178
f 2200/4/16 3386/3/16 2197/8/16 671/9/16
f 665/10/17 2195/11/17 3387/12/17 2191/13/17
f 2195/11/18 669/14/18 2199/15/18 3387/12/18
f 3387/12/19 2199/15/19 672/16/19 2194/17/19
f 2191/13/1457 3387/12/1457 2194/17/1457 667/18/1457
f 669/19/21 2196/20/21 3388/21/21 2199/22/21
f 2196/20/22 670/23/22 2200/24/22 3388/21/22
f 3388/21/23 2200/24/23 671/9/23 2198/25/23
f 2199/22/24 3388/21/24 2198/25/24 672/26/24
f 678/1/25 2202/2/25 3389/3/25 2210/4/25
f 2202/2/26 674/5/26 2203/6/26 3389/3/26
f 3389/3/27 2203/6/27 676/7/27 2207/8/27
f 2210/4/28 3389/3/28 2207/8/28 679/9/28
f 673/10/29 2205/11/29 3390/12/29 2201/13/29
f 2205/11/30 677/14/30 2209/15/30 3390/12/30
f 3390/12/31 2209/15/31 680/16/31 2204/17/31
f 2201/13/32 3390/12/32 2204/17/32 675/18/32
f 677/19/33 2206/20/33 3391/21/33 2209/22/33
f 2206/20/34 678/23/34 2210/24/34 3391/21/34
f 3391/21/35 2210/24/35 679/9/35 2208/25/35
f 2209/22/36 3391/21/36 2208/25/36 680/26/36
f 684/19/1458 2215/20/1458 3392/21/1458 2212/22/1458
f 2215/20/38 683/23/38 2211/24/38 3392/21/38
f 3392/21/39 2211/24/39 682/9/39 2213/25/39
f 2212/22/40 3392/21/40 2213/25/40 681/26/40
f 688/10/1459 2216/11/1459 3393/12/1459 2220/13/1459
f 2216/11/42 684/27/42 2212/28/42 3393/12/42
f 3393/12/43 2212/28/43 681/16/43 2217/17/43
f 2220/13/1179 3393/12/1179 2217/17/1179 686/18/1179
f 683/29/45 2219/2/45 3394/30/45 2211/4/45
f 2219/2/1460 687/5/1460 2218/6/1460 3394/30/1460
f 3394/30/47 2218/6/47 685/7/47 2214/8/47
f 2211/4/48 3394/30/48 2214/8/48 682/31/48
f 694/1/1461 2222/2/1461 3395/3/1461 2230/4/1461
f 2222/2/1462 690/5/1462 2223/6/1462 3395/3/1462
f 3395/3/1463 2223/6/1463 692/7/1463 2227/8/1463
f 2230/4/1464 3395/3/1464 2227/8/1464 695/9/1464
f 689/10/53 2225/11/53 3396/12/53 2221/13/53
f 2225/11/1181 693/14/1181 2229/15/1181 3396/12/1181
f 3396/12/55 2229/15/55 696/16/55 2224/17/55
f 2221/13/56 3396/12/56 2224/17/56 691/18/56
f 693/19/1465 2226/20/1465 3397/21/1465 2229/22/1465
f 2226/20/58 694/23/58 2230/24/58 3397/21/58
f 3397/21/1466 2230/24/1466 695/9/1466 2228/25/1466
f 2229/22/60 3397/21/60 2228/25/60 696/26/60
f 702/1/61 2232/2/61 3398/3/61 2240/4/61
f 2232/2/62 698/5/62 2233/6/62 3398/3/62
f 3398/3/63 2233/6/63 700/7/63 2237/8/63
f 2240/4/64 3398/3/64 2237/8/64 703/9/64
f 697/10/65 2235/11/65 3399/12/65 2231/13/65
f 2235/11/66 701/14/66 2239/15/66 3399/12/66
f 3399/12/67 2239/15/67 704/16/67 2234/17/67
f 2231/13/68 3399/12/68 2234/17/68 699/18/68
f 701/19/69 2236/20/69 3400/21/69 2239/22/69
f 2236/20/1467 702/23/1467 2240/24/1467 3400/21/1467
f 3400/21/71 2240/24/71 703/9/71 2238/25/71
f 2239/22/72 3400/21/72 2238/25/72 704/26/72
f 710/1/73 2242/2/73 3401/3/73 2250/4/73
f 2242/2/1184 706/5/1184 2243/6/1184 3401/3/1184
f 3401/3/75 2243/6/75 708/7/75 2247/8/75
f 2250/4/1468 3401/3/1468 2247/8/1468 711/9/1468
f 705/10/77 2245/11/77 3402/12/77 2241/13/77
f 2245/11/78 709/14/78 2249/15/78 3402/12/78
f 3402/12/79 2249/15/79 712/16/79 2244/17/79
f 2241/13/80 3402/12/80 2244/17/80 707/18/80
f 709/19/81 2246/20/81 3403/21/81 2249/22/81
f 2246/20/1186 710/23/1186 2250/24/1186 3403/21/1186
f 3403/21/1469 2250/24/1469 711/9/1469 2248/25/1469
f 2249/22/1470 3403/21/1470 2248/25/1470 712/26/1470
f 718/32/85 2260/33/85 3404/34/85 2252/35/85
f 2260/33/1471 719/36/1471 2257/37/1471 3404/34/1471
f 3404/34/87 2257/37/87 716/38/87 2253/39/87
f 2252/35/88 3404/34/88 2253/39/88 714/40/88
f 713/41/1472 2251/42/1472 3405/43/1472 2255/44/1472
f 2251/42/90 715/45/90 2254/46/90 3405/43/90
f 3405/43/91 2254/46/91 720/47/91 2259/48/91
f 2255/44/92 3405/43/92 2259/48/92 717/49/92
f 717/49/93 2259/48/93 3406/50/93 2256/51/93
f 2259/48/94 720/47/94 2258/52/94 3406/50/94
f 3406/50/1473 2258/52/1473 719/36/1473 2260/33/1473
f 2256/51/96 3406/50/96 2260/33/96 718/32/96
f 726/32/97 2270/33/97 3407/34/97 2262/35/97
f 2270/33/98 727/36/98 2267/37/98 3407/34/98
f 3407/34/1188 2267/37/1188 724/38/1188 2263/39/1188
f 2262/35/100 3407/34/100 2263/39/100 722/40/100
f 721/41/101 2261/42/101 3408/43/101 2265/44/101
f 2261/42/102 723/45/102 2264/46/102 3408/43/102
f 3408/43/103 2264/46/103 728/47/103 2269/48/103
f 2265/44/104 3408/43/104 2269/48/104 725/49/104
f 725/49/105 2269/48/105 3409/50/105 2266/51/105
f 2269/48/106 728/47/106 2268/52/106 3409/50/106
f 3409/50/1474 2268/52/1474 727/36/1474 2270/33/1474
f 2266/51/108 3409/50/108 2270/33/108 726/32/108
f 734/32/109 2280/33/109 3410/34/109 2272/35/109
f 2280/33/110 735/36/110 2277/37/110 3410/34/110
f 3410/34/111 2277/37/111 732/38/111 2273/39/111
f 2272/35/112 3410/34/112 2273/39/112 730/40/112
f 729/41/113 2271/42/113 3411/43/113 2275/44/113
f 2271/42/1190 731/45/1190 2274/46/1190 3411/43/1190
f 3411/43/115 2274/46/115 736/47/115 2279/48/115
f 2275/44/116 3411/43/116 2279/48/116 733/49/116
f 733/49/117 2279/48/117 3412/50/117 2276/51/117
f 2279/48/118 736/47/118 2278/52/118 3412/50/118
f 3412/50/119 2278/52/119 735/36/119 2280/33/119
f 2276/51/120 3412/50/120 2280/33/120 734/32/120
f 740/49/121 2282/48/121 3413/50/121 2285/51/121
f 2282/48/122 737/47/122 2283/52/122 3413/50/122
f 3413/50/1191 2283/52/1191 738/36/1191 2281/53/1191
f 2285/51/124 3413/50/124 2281/53/124 739/32/124
f 744/41/125 2290/42/125 3414/43/125 2286/44/125
f 2290/42/126 742/45/126 2287/46/126 3414/43/126
f 3414/43/127 2287/46/127 737/47/127 2282/48/127
f 2286/44/1475 3414/43/1475 2282/48/1475 740/49/1475
f 739/32/129 2281/53/129 3415/34/129 2289/35/129
f 2281/53/130 738/36/130 2284/37/130 3415/34/130
f 3415/34/1476 2284/37/1476 741/38/1476 2288/39/1476
f 2289/35/132 3415/34/132 2288/39/132 743/40/132
f 750/32/1192 2300/33/1192 3416/34/1192 2292/35/1192
f 2300/33/1477 751/36/1477 2297/37/1477 3416/34/1477
f 3416/34/135 2297/37/135 748/38/135 2293/39/135
f 2292/35/1478 3416/34/1478 2293/39/1478 746/40/1478
f 745/41/137 2291/42/137 3417/43/137 2295/44/137
f 2291/42/138 747/45/138 2294/46/138 3417/43/138
f 3417/43/139 2294/46/139 752/47/139 2299/48/139
f 2295/44/1479 3417/43/1479 2299/48/1479 749/49/1479
f 749/49/141 2299/48/141 3418/50/141 2296/51/141
f 2299/48/1480 752/47/1480 2298/52/1480 3418/50/1480
f 3418/50/143 2298/52/143 751/36/143 2300/33/143
f 2296/51/144 3418/50/144 2300/33/144 750/32/144
f 758/32/145 2310/33/145 3419/34/145 2302/35/145
f 2310/33/146 759/36/146 2307/37/146 3419/34/146
f 3419/34/1481 2307/37/1481 756/38/1481 2303/39/1481
f 2302/35/148 3419/34/148 2303/39/148 754/40/148
f 753/41/149 2301/42/149 3420/43/149 2305/44/149
f 2301/42/150 755/45/150 2304/46/150 3420/43/150
f 3420/43/1195 2304/46/1195 760/47/1195 2309/48/1195
f 2305/44/152 3420/43/152 2309/48/152 757/49/152
f 757/49/153 2309/48/153 3421/50/153 2306/51/153
f 2309/48/154 760/47/154 2308/52/154 3421/50/154
f 3421/50/155 2308/52/155 759/36/155 2310/33/155
f 2306/51/156 3421/50/156 2310/33/156 758/32/156
f 766/32/157 2320/33/157 3422/34/157 2312/35/157
f 2320/33/158 767/36/158 2317/37/158 3422/34/158
f 3422/34/1196 2317/37/1196 764/38/1196 2313/39/1196
f 2312/35/160 3422/34/160 2313/39/160 762/40/160
f 761/41/161 2311/42/161 3423/43/161 2315/44/161
f 2311/42/162 763/45/162 2314/46/162 3423/43/162
f 3423/43/1482 2314/46/1482 768/47/1482 2319/48/1482
f 2315/44/1483 3423/43/1483 2319/48/1483 765/49/1483
f 765/49/165 2319/48/165 3424/50/165 2316/51/165
f 2319/48/166 768/47/166 2318/52/166 3424/50/166
f 3424/50/167 2318/52/167 767/36/167 2320/33/167
f 2316/51/168 3424/50/168 2320/33/168 766/32/168
f 657/10/169 2181/54/169 3425/55/169 2321/56/169
f 2181/54/1484 659/18/1484 2323/57/1484 3425/55/1484
f 3425/55/171 2323/57/171 715/58/171 2251/42/171
f 2321/56/172 3425/55/172 2251/42/172 713/41/172
f 658/5/173 2182/59/173 3426/60/173 2322/61/173
f 2182/59/174 662/1/174 2326/62/174 3426/60/174
f 3426/60/1198 2326/62/1198 718/32/1198 2252/63/1198
f 2322/61/1485 3426/60/1485 2252/63/1485 714/64/1485
f 660/7/177 2183/65/177 3427/66/177 2324/67/177
f 2183/65/1486 658/5/1486 2322/61/1486 3427/66/1486
f 3427/66/1487 2322/61/1487 714/64/1487 2253/39/1487
f 2324/67/1488 3427/66/1488 2253/39/1488 716/68/1488
f 659/18/181 2184/17/181 3428/69/181 2323/57/181
f 2184/17/182 664/16/182 2328/70/182 3428/69/182
f 3428/69/1489 2328/70/1489 720/47/1489 2254/46/1489
f 2323/57/1490 3428/69/1490 2254/46/1490 715/58/1490
f 661/14/185 2185/71/185 3429/72/185 2325/73/185
f 2185/71/1491 657/10/1491 2321/56/1491 3429/72/1491
f 3429/72/1492 2321/56/1492 713/41/1492 2255/44/1492
f 2325/73/188 3429/72/188 2255/44/188 717/49/188
f 662/1/189 2186/74/189 3430/75/189 2326/62/189
f 2186/74/190 661/14/190 2325/73/190 3430/75/190
f 3430/75/1493 2325/73/1493 717/49/1493 2256/51/1493
f 2326/62/192 3430/75/192 2256/51/192 718/32/192
f 663/9/193 2187/8/193 3431/76/193 2327/77/193
f 2187/8/1494 660/7/1494 2324/67/1494 3431/76/1494
f 3431/76/1201 2324/67/1201 716/68/1201 2257/37/1201
f 2327/77/196 3431/76/196 2257/37/196 719/36/196
f 664/16/1495 2188/25/1495 3432/78/1495 2328/70/1495
f 2188/25/1496 663/9/1496 2327/77/1496 3432/78/1496
f 3432/78/199 2327/77/199 719/36/199 2258/52/199
f 2328/70/200 3432/78/200 2258/52/200 720/47/200
f 665/10/1497 2191/54/1497 3433/55/1497 2329/56/1497
f 2191/54/1498 667/18/1498 2331/57/1498 3433/55/1498
f 3433/55/1499 2331/57/1499 723/58/1499 2261/42/1499
f 2329/56/1202 3433/55/1202 2261/42/1202 721/41/1202
f 666/5/1500 2192/59/1500 3434/60/1500 2330/61/1500
f 2192/59/206 670/1/206 2334/62/206 3434/60/206
f 3434/60/207 2334/62/207 726/32/207 2262/63/207
f 2330/61/1501 3434/60/1501 2262/63/1501 722/64/1501
f 668/7/209 2193/65/209 3435/66/209 2332/67/209
f 2193/65/1502 666/5/1502 2330/61/1502 3435/66/1502
f 3435/66/211 2330/61/211 722/64/211 2263/39/211
f 2332/67/212 3435/66/212 2263/39/212 724/68/212
f 667/18/1503 2194/17/1503 3436/69/1503 2331/57/1503
f 2194/17/1504 672/16/1504 2336/70/1504 3436/69/1504
f 3436/69/1210 2336/70/1210 728/47/1210 2264/46/1210
f 2331/57/1505 3436/69/1505 2264/46/1505 723/58/1505
f 669/14/217 2195/71/217 3437/72/217 2333/73/217
f 2195/71/1506 665/10/1506 2329/56/1506 3437/72/1506
f 3437/72/219 2329/56/219 721/41/219 2265/44/219
f 2333/73/220 3437/72/220 2265/44/220 725/49/220
f 670/1/1507 2196/74/1507 3438/75/1507 2334/62/1507
f 2196/74/1212 669/14/1212 2333/73/1212 3438/75/1212
f 3438/75/223 2333/73/223 725/49/223 2266/51/223
f 2334/62/224 3438/75/224 2266/51/224 726/32/224
f 671/9/1508 2197/8/1508 3439/76/1508 2335/77/1508
f 2197/8/1509 668/7/1509 2332/67/1509 3439/76/1509
f 3439/76/1510 2332/67/1510 724/68/1510 2267/37/1510
f 2335/77/228 3439/76/228 2267/37/228 727/36/228
f 672/16/229 2198/25/229 3440/78/229 2336/70/229
f 2198/25/1511 671/9/1511 2335/77/1511 3440/78/1511
f 3440/78/231 2335/77/231 727/36/231 2268/52/231
f 2336/70/232 3440/78/232 2268/52/232 728/47/232
f 673/10/233 2201/54/233 3441/55/233 2337/56/233
f 2201/54/234 675/18/234 2339/57/234 3441/55/234
f 3441/55/1512 2339/57/1512 731/58/1512 2271/42/1512
f 2337/56/1513 3441/55/1513 2271/42/1513 729/41/1513
f 674/5/1514 2202/59/1514 3442/60/1514 2338/61/1514
f 2202/59/238 678/1/238 2342/62/238 3442/60/238
f 3442/60/239 2342/62/239 734/32/239 2272/63/239
f 2338/61/240 3442/60/240 2272/63/240 730/64/240
f 676/7/241 2203/65/241 3443/66/241 2340/67/241
f 2203/65/1515 674/5/1515 2338/61/1515 3443/66/1515
f 3443/66/243 2338/61/243 730/64/243 2273/39/243
f 2340/67/1516 3443/66/1516 2273/39/1516 732/68/1516
f 675/18/1517 2204/17/1517 3444/69/1517 2339/57/1517
f 2204/17/1518 680/16/1518 2344/70/1518 3444/69/1518
f 3444/69/247 2344/70/247 736/47/247 2274/46/247
f 2339/57/1519 3444/69/1519 2274/46/1519 731/58/1519
f 677/14/1520 2205/71/1520 3445/72/1520 2341/73/1520
f 2205/71/250 673/10/250 2337/56/250 3445/72/250
f 3445/72/251 2337/56/251 729/41/251 2275/44/251
f 2341/73/1521 3445/72/1521 2275/44/1521 733/49/1521
f 678/1/253 2206/74/253 3446/75/253 2342/62/253
f 2206/74/1522 677/14/1522 2341/73/1522 3446/75/1522
f 3446/75/255 2341/73/255 733/49/255 2276/51/255
f 2342/62/1219 3446/75/1219 2276/51/1219 734/32/1219
f 679/9/257 2207/8/257 3447/76/257 2343/77/257
f 2207/8/1220 676/7/1220 2340/67/1220 3447/76/1220
f 3447/76/259 2340/67/259 732/68/259 2277/37/259
f 2343/77/260 3447/76/260 2277/37/260 735/36/260
f 680/16/1523 2208/25/1523 3448/78/1523 2344/70/1523
f 2208/25/262 679/9/262 2343/77/262 3448/78/262
f 3448/78/263 2343/77/263 735/36/263 2278/52/263
f 2344/70/264 3448/78/264 2278/52/264 736/47/264
f 681/16/265 2213/25/265 3449/78/265 2345/70/265
f 2213/25/266 682/31/266 2346/77/266 3449/78/266
f 3449/78/267 2346/77/267 738/36/267 2283/52/267
f 2345/70/268 3449/78/268 2283/52/268 737/47/268
f 682/31/269 2214/8/269 3450/76/269 2346/77/269
f 2214/8/1524 685/7/1524 2349/67/1524 3450/76/1524
f 3450/76/1525 2349/67/1525 741/68/1525 2284/37/1525
f 2346/77/272 3450/76/272 2284/37/272 738/36/272
f 683/79/273 2215/74/273 3451/75/273 2347/80/273
f 2215/74/1526 684/14/1526 2348/73/1526 3451/75/1526
f 3451/75/1527 2348/73/1527 740/49/1527 2285/51/1527
f 2347/80/276 3451/75/276 2285/51/276 739/32/276
f 684/14/277 2216/71/277 3452/81/277 2348/73/277
f 2216/71/278 688/10/278 2352/56/278 3452/81/278
f 3452/81/1227 2352/56/1227 744/41/1227 2286/44/1227
f 2348/73/280 3452/81/280 2286/44/280 740/49/280
f 686/18/1528 2217/17/1528 3453/69/1528 2350/57/1528
f 2217/17/1529 681/16/1529 2345/70/1529 3453/69/1529
f 3453/69/1530 2345/70/1530 737/47/1530 2287/46/1530
f 2350/57/1531 3453/69/1531 2287/46/1531 742/58/1531
f 685/7/1532 2218/65/1532 3454/66/1532 2349/67/1532
f 2218/65/1231 687/5/1231 2351/61/1231 3454/66/1231
f 3454/66/287 2351/61/287 743/64/287 2288/39/287
f 2349/67/1533 3454/66/1533 2288/39/1533 741/68/1533
f 687/5/289 2219/82/289 3455/60/289 2351/61/289
f 2219/82/1534 683/79/1534 2347/80/1534 3455/60/1534
f 3455/60/1235 2347/80/1235 739/32/1235 2289/63/1235
f 2351/61/1236 3455/60/1236 2289/63/1236 743/64/1236
f 688/10/1535 2220/54/1535 3456/55/1535 2352/56/1535
f 2220/54/1536 686/18/1536 2350/57/1536 3456/55/1536
f 3456/55/1238 2350/57/1238 742/58/1238 2290/42/1238
f 2352/56/1239 3456/55/1239 2290/42/1239 744/41/1239
f 689/10/1537 2221/54/1537 3457/55/1537 2353/56/1537
f 2221/54/1538 691/18/1538 2355/57/1538 3457/55/1538
f 3457/55/299 2355/57/299 747/58/299 2291/42/299
f 2353/56/1242 3457/55/1242 2291/42/1242 745/41/1242
f 690/5/1539 2222/59/1539 3458/60/1539 2354/61/1539
f 2222/59/1540 694/1/1540 2358/62/1540 3458/60/1540
f 3458/60/303 2358/62/303 750/32/303 2292/63/303
f 2354/61/1541 3458/60/1541 2292/63/1541 746/64/1541
f 692/7/305 2223/65/305 3459/66/305 2356/67/305
f 2223/65/1542 690/5/1542 2354/61/1542 3459/66/1542
f 3459/66/307 2354/61/307 746/64/307 2293/39/307
f 2356/67/308 3459/66/308 2293/39/308 748/68/308
f 691/18/1543 2224/17/1543 3460/69/1543 2355/57/1543
f 2224/17/310 696/16/310 2360/70/310 3460/69/310
f 3460/69/311 2360/70/311 752/47/311 2294/46/311
f 2355/57/1544 3460/69/1544 2294/46/1544 747/58/1544
f 693/14/1545 2225/71/1545 3461/72/1545 2357/73/1545
f 2225/71/1546 689/10/1546 2353/56/1546 3461/72/1546
f 3461/72/315 2353/56/315 745/41/315 2295/44/315
f 2357/73/316 3461/72/316 2295/44/316 749/49/316
f 694/1/1547 2226/74/1547 3462/75/1547 2358/62/1547
f 2226/74/1548 693/14/1548 2357/73/1548 3462/75/1548
f 3462/75/319 2357/73/319 749/49/319 2296/51/319
f 2358/62/320 3462/75/320 2296/51/320 750/32/320
f 695/9/1549 2227/8/1549 3463/76/1549 2359/77/1549
f 2227/8/1550 692/7/1550 2356/67/1550 3463/76/1550
f 3463/76/1551 2356/67/1551 748/68/1551 2297/37/1551
f 2359/77/1252 3463/76/1252 2297/37/1252 751/36/1252
f 696/16/325 2228/25/325 3464/78/325 2360/70/325
f 2228/25/326 695/9/326 2359/77/326 3464/78/326
f 3464/78/1552 2359/77/1552 751/36/1552 2298/52/1552
f 2360/70/328 3464/78/328 2298/52/328 752/47/328
f 697/10/329 2231/54/329 3465/55/329 2361/56/329
f 2231/54/330 699/18/330 2363/57/330 3465/55/330
f 3465/55/1553 2363/57/1553 755/58/1553 2301/42/1553
f 2361/56/332 3465/55/332 2301/42/332 753/41/332
f 698/5/333 2232/59/333 3466/60/333 2362/61/333
f 2232/59/1554 702/1/1554 2366/62/1554 3466/60/1554
f 3466/60/335 2366/62/335 758/32/335 2302/63/335
f 2362/61/1555 3466/60/1555 2302/63/1555 754/64/1555
f 700/7/337 2233/65/337 3467/66/337 2364/67/337
f 2233/65/338 698/5/338 2362/61/338 3467/66/338
f 3467/66/339 2362/61/339 754/64/339 2303/39/339
f 2364/67/340 3467/66/340 2303/39/340 756/68/340
f 699/18/341 2234/17/341 3468/69/341 2363/57/341
f 2234/17/1556 704/16/1556 2368/70/1556 3468/69/1556
f 3468/69/343 2368/70/343 760/47/343 2304/46/343
f 2363/57/1557 3468/69/1557 2304/46/1557 755/58/1557
f 701/14/345 2235/71/345 3469/72/345 2365/73/345
f 2235/71/346 697/10/346 2361/56/346 3469/72/346
f 3469/72/347 2361/56/347 753/41/347 2305/44/347
f 2365/73/1558 3469/72/1558 2305/44/1558 757/49/1558
f 702/1/1559 2236/74/1559 3470/75/1559 2366/62/1559
f 2236/74/350 701/14/350 2365/73/350 3470/75/350
f 3470/75/351 2365/73/351 757/49/351 2306/51/351
f 2366/62/352 3470/75/352 2306/51/352 758/32/352
f 703/9/1560 2237/8/1560 3471/76/1560 2367/77/1560
f 2237/8/1561 700/7/1561 2364/67/1561 3471/76/1561
f 3471/76/1264 2364/67/1264 756/68/1264 2307/37/1264
f 2367/77/1562 3471/76/1562 2307/37/1562 759/36/1562
f 704/16/357 2238/25/357 3472/78/357 2368/70/357
f 2238/25/1563 703/9/1563 2367/77/1563 3472/78/1563
f 3472/78/1564 2367/77/1564 759/36/1564 2308/52/1564
f 2368/70/360 3472/78/360 2308/52/360 760/47/360
f 705/10/361 2241/54/361 3473/55/361 2369/56/361
f 2241/54/1565 707/18/1565 2371/57/1565 3473/55/1565
f 3473/55/1566 2371/57/1566 763/58/1566 2311/42/1566
f 2369/56/1267 3473/55/1267 2311/42/1267 761/41/1267
f 706/5/365 2242/59/365 3474/60/365 2370/61/365
f 2242/59/1268 710/1/1268 2374/62/1268 3474/60/1268
f 3474/60/367 2374/62/367 766/32/367 2312/63/367
f 2370/61/368 3474/60/368 2312/63/368 762/64/368
f 708/7/1567 2243/65/1567 3475/66/1567 2372/67/1567
f 2243/65/1568 706/5/1568 2370/61/1568 3475/66/1568
f 3475/66/1569 2370/61/1569 762/64/1569 2313/39/1569
f 2372/67/1570 3475/66/1570 2313/39/1570 764/68/1570
f 707/18/373 2244/17/373 3476/69/373 2371/57/373
f 2244/17/1571 712/16/1571 2376/70/1571 3476/69/1571
f 3476/69/375 2376/70/375 768/47/375 2314/46/375
f 2371/57/376 3476/69/376 2314/46/376 763/58/376
f 709/14/1572 2245/71/1572 3477/72/1572 2373/73/1572
f 2245/71/1573 705/10/1573 2369/56/1573 3477/72/1573
f 3477/72/379 2369/56/379 761/41/379 2315/44/379
f 2373/73/380 3477/72/380 2315/44/380 765/49/380
f 710/1/381 2246/74/381 3478/75/381 2374/62/381
f 2246/74/1574 709/14/1574 2373/73/1574 3478/75/1574
f 3478/75/383 2373/73/383 765/49/383 2316/51/383
f 2374/62/1575 3478/75/1575 2316/51/1575 766/32/1575
f 711/9/1576 2247/8/1576 3479/76/1576 2375/77/1576
f 2247/8/1577 708/7/1577 2372/67/1577 3479/76/1577
f 3479/76/1578 2372/67/1578 764/68/1578 2317/37/1578
f 2375/77/388 3479/76/388 2317/37/388 767/36/388
f 712/16/1579 2248/25/1579 3480/78/1579 2376/70/1579
f 2248/25/1580 711/9/1580 2375/77/1580 3480/78/1580
f 3480/78/1281 2375/77/1281 767/36/1281 2318/52/1281
f 2376/70/392 3480/78/392 2318/52/392 768/47/392
f 939/68/393 2379/38/393 3481/83/393 2690/84/393
f 2379/38/394 770/38/394 2378/85/394 3481/83/394
f 3481/83/1581 2378/85/1581 772/86/1581 2680/87/1581
f 2690/84/396 3481/83/396 2680/87/396 940/88/396
f 940/88/397 2680/87/397 3482/89/397 2689/90/397
f 2680/87/398 772/86/398 2382/91/398 3482/89/398
f 3482/89/399 2382/91/399 774/92/399 2681/93/399
f 2689/90/400 3482/89/400 2681/93/400 941/94/400
f 941/94/401 2681/93/401 3483/95/401 2688/96/401
f 2681/93/402 774/92/402 2385/97/402 3483/95/402
f 3483/95/403 2385/97/403 776/98/403 2682/99/403
f 2688/96/1582 3483/95/1582 2682/99/1582 942/100/1582
f 942/100/405 2682/99/405 3484/101/405 2687/102/405
f 2682/99/406 776/98/406 2388/103/406 3484/101/406
f 3484/101/1583 2388/103/1583 778/104/1583 2683/105/1583
f 2687/102/408 3484/101/408 2683/105/408 943/106/408
f 769/107/409 2377/108/409 3485/109/409 2773/110/409
f 771/111/409 2774/112/409 3485/109/409 2377/113/409
f 984/114/1584 2773/115/1584 3485/109/1584 2774/112/1584
f 943/106/410 2683/105/410 3486/116/410 2686/117/410
f 2683/105/411 778/104/411 2391/118/411 3486/116/411
f 3486/116/412 2391/118/412 780/119/412 2684/120/412
f 2686/117/413 3486/116/413 2684/120/413 944/121/413
f 944/121/414 2684/120/414 3487/122/414 2685/123/414
f 2684/120/1585 780/119/1585 2394/124/1585 3487/122/1585
f 3487/122/416 2394/124/416 770/125/416 2379/126/416
f 2685/123/417 3487/122/417 2379/126/417 939/127/417
f 949/128/418 2695/129/418 3488/130/418 2702/131/418
f 2695/129/419 810/132/419 2425/133/419 3488/130/419
f 3488/130/420 2425/133/420 781/134/420 2395/135/420
f 2702/131/421 3488/130/421 2395/135/421 950/136/421
f 810/132/422 2424/137/422 3489/138/422 2425/133/422
f 2424/137/423 809/139/423 2426/140/423 3489/138/423
f 3489/138/424 2426/140/424 782/141/424 2396/142/424
f 2425/133/425 3489/138/425 2396/142/425 781/134/425
f 809/139/426 2423/143/426 3490/144/426 2426/140/426
f 2423/143/427 808/145/427 2427/146/427 3490/144/427
f 3490/144/428 2427/146/428 783/147/428 2397/148/428
f 2426/140/429 3490/144/429 2397/148/429 782/141/429
f 808/145/430 2422/149/430 3491/150/430 2427/146/430
f 2422/149/431 807/151/431 2428/152/431 3491/150/431
f 3491/150/432 2428/152/432 784/153/432 2398/154/432
f 2427/146/433 3491/150/433 2398/154/433 783/147/433
f 807/151/434 2421/155/434 3492/156/434 2428/152/434
f 2421/155/435 806/157/435 2429/158/435 3492/156/435
f 3492/156/436 2429/158/436 785/159/436 2399/160/436
f 2428/152/437 3492/156/437 2399/160/437 784/153/437
f 948/161/438 2694/162/438 3493/163/438 2701/164/438
f 2694/162/439 805/165/439 2430/166/439 3493/163/439
f 3493/163/440 2430/166/440 810/132/440 2695/129/440
f 2701/164/441 3493/163/441 2695/129/441 949/128/441
f 805/167/442 2419/168/442 3494/169/442 2430/170/442
f 2419/168/443 804/171/443 2431/172/443 3494/169/443
f 3494/169/444 2431/172/444 809/173/444 2424/174/444
f 2430/170/445 3494/169/445 2424/174/445 810/175/445
f 804/171/446 2418/176/446 3495/177/446 2431/172/446
f 2418/176/447 803/178/447 2432/179/447 3495/177/447
f 3495/177/448 2432/179/448 808/180/448 2423/181/448
f 2431/172/449 3495/177/449 2423/181/449 809/173/449
f 803/178/450 2417/182/450 3496/183/450 2432/179/450
f 2417/182/451 802/184/451 2433/185/451 3496/183/451
f 3496/183/452 2433/185/452 807/151/452 2422/186/452
f 2432/179/453 3496/183/453 2422/186/453 808/180/453
f 802/184/454 2416/187/454 3497/188/454 2433/185/454
f 2416/187/455 801/189/455 2434/190/455 3497/188/455
f 3497/188/456 2434/190/456 806/191/456 2421/192/456
f 2433/185/457 3497/188/457 2421/192/457 807/151/457
f 947/193/458 2693/194/458 3498/195/458 2700/196/458
f 2693/194/459 800/197/459 2435/198/459 3498/195/459
f 3498/195/460 2435/198/460 805/165/460 2694/162/460
f 2700/196/461 3498/195/461 2694/162/461 948/161/461
f 800/199/462 2414/200/462 3499/201/462 2435/202/462
f 2414/200/463 799/203/463 2436/204/463 3499/201/463
f 3499/201/464 2436/204/464 804/171/464 2419/168/464
f 2435/202/465 3499/201/465 2419/168/465 805/167/465
f 799/203/466 2413/205/466 3500/206/466 2436/204/466
f 2413/205/467 798/207/467 2437/208/467 3500/206/467
f 3500/206/468 2437/208/468 803/178/468 2418/176/468
f 2436/204/469 3500/206/469 2418/176/469 804/171/469
f 798/207/470 2412/209/470 3501/210/470 2437/208/470
f 2412/209/471 797/211/471 2438/212/471 3501/210/471
f 3501/210/472 2438/212/472 802/184/472 2417/182/472
f 2437/208/473 3501/210/473 2417/182/473 803/178/473
f 797/211/474 2411/213/474 3502/214/474 2438/212/474
f 2411/213/475 796/215/475 2439/216/475 3502/214/475
f 3502/214/476 2439/216/476 801/189/476 2416/187/476
f 2438/212/477 3502/214/477 2416/187/477 802/184/477
f 946/217/478 2692/218/478 3503/219/478 2699/220/478
f 2692/218/479 795/221/479 2440/222/479 3503/219/479
f 3503/219/480 2440/222/480 800/197/480 2693/194/480
f 2699/220/481 3503/219/481 2693/194/481 947/193/481
f 795/223/482 2409/224/482 3504/225/482 2440/226/482
f 2409/224/483 794/227/483 2441/228/483 3504/225/483
f 3504/225/484 2441/228/484 799/203/484 2414/200/484
f 2440/226/485 3504/225/485 2414/200/485 800/199/485
f 794/227/486 2408/229/486 3505/230/486 2441/228/486
f 2408/229/487 793/231/487 2442/232/487 3505/230/487
f 3505/230/488 2442/232/488 798/207/488 2413/205/488
f 2441/228/489 3505/230/489 2413/205/489 799/203/489
f 793/231/490 2407/233/490 3506/234/490 2442/232/490
f 2407/233/491 792/235/491 2443/236/491 3506/234/491
f 3506/234/492 2443/236/492 797/211/492 2412/209/492
f 2442/232/493 3506/234/493 2412/209/493 798/207/493
f 792/235/494 2406/237/494 3507/238/494 2443/236/494
f 2406/237/495 791/239/495 2444/240/495 3507/238/495
f 3507/238/496 2444/240/496 796/215/496 2411/213/496
f 2443/236/497 3507/238/497 2411/213/497 797/211/497
f 945/241/498 2691/242/498 3508/243/498 2698/244/498
f 2691/242/499 790/245/499 2445/246/499 3508/243/499
f 3508/243/500 2445/246/500 795/223/500 2692/247/500
f 2698/244/501 3508/243/501 2692/247/501 946/217/501
f 790/245/502 2404/248/502 3509/249/502 2445/246/502
f 2404/248/503 789/250/503 2446/251/503 3509/249/503
f 3509/249/504 2446/251/504 794/227/504 2409/224/504
f 2445/246/505 3509/249/505 2409/224/505 795/223/505
f 789/250/506 2403/252/506 3510/253/506 2446/251/506
f 2403/252/507 788/254/507 2447/255/507 3510/253/507
f 3510/253/508 2447/255/508 793/231/508 2408/229/508
f 2446/251/509 3510/253/509 2408/229/509 794/227/509
f 788/254/510 2402/256/510 3511/257/510 2447/255/510
f 2402/256/511 787/258/511 2448/259/511 3511/257/511
f 3511/257/512 2448/259/512 792/235/512 2407/233/512
f 2447/255/513 3511/257/513 2407/233/513 793/231/513
f 787/258/514 2401/260/514 3512/261/514 2448/259/514
f 2401/260/515 786/262/515 2449/263/515 3512/261/515
f 3512/261/516 2449/263/516 791/239/516 2406/237/516
f 2448/259/517 3512/261/517 2406/237/517 792/235/517
f 950/264/518 2395/265/518 3513/266/518 2697/267/518
f 2395/265/519 781/268/519 2450/269/519 3513/266/519
f 3513/266/520 2450/269/520 790/270/520 2691/271/520
f 2697/267/521 3513/266/521 2691/271/521 945/272/521
f 781/268/522 2396/273/522 3514/274/522 2450/269/522
f 2396/273/523 782/275/523 2451/276/523 3514/274/523
f 3514/274/524 2451/276/524 789/277/524 2404/248/524
f 2450/269/525 3514/274/525 2404/248/525 790/270/525
f 782/275/526 2397/278/526 3515/279/526 2451/276/526
f 2397/278/527 783/280/527 2452/281/527 3515/279/527
f 3515/279/528 2452/281/528 788/282/528 2403/283/528
f 2451/276/529 3515/279/529 2403/283/529 789/277/529
f 783/280/530 2398/284/530 3516/285/530 2452/281/530
f 2398/284/531 784/286/531 2453/287/531 3516/285/531
f 3516/285/532 2453/287/532 787/288/532 2402/256/532
f 2452/281/533 3516/285/533 2402/256/533 788/282/533
f 784/286/534 2399/289/534 3517/290/534 2453/287/534
f 2399/289/535 785/291/535 2454/292/535 3517/290/535
f 3517/290/536 2454/292/536 786/293/536 2401/294/536
f 2453/287/537 3517/290/537 2401/294/537 787/288/537
f 816/1/1586 2456/2/1586 3518/3/1586 2464/4/1586
f 2456/2/539 812/5/539 2457/6/539 3518/3/539
f 3518/3/540 2457/6/540 814/7/540 2461/8/540
f 2464/4/541 3518/3/541 2461/8/541 817/9/541
f 811/10/542 2459/11/542 3519/12/542 2455/13/542
f 2459/11/543 815/14/543 2463/15/543 3519/12/543
f 3519/12/544 2463/15/544 818/16/544 2458/17/544
f 2455/13/545 3519/12/545 2458/17/545 813/18/545
f 815/19/546 2460/20/546 3520/21/546 2463/22/546
f 2460/20/547 816/23/547 2464/24/547 3520/21/547
f 3520/21/548 2464/24/548 817/9/548 2462/25/548
f 2463/22/549 3520/21/549 2462/25/549 818/26/549
f 824/1/1284 2466/2/1284 3521/3/1284 2474/4/1284
f 2466/2/551 820/5/551 2467/6/551 3521/3/551
f 3521/3/552 2467/6/552 822/7/552 2471/8/552
f 2474/4/553 3521/3/553 2471/8/553 825/9/553
f 819/10/554 2469/11/554 3522/12/554 2465/13/554
f 2469/11/555 823/14/555 2473/15/555 3522/12/555
f 3522/12/556 2473/15/556 826/16/556 2468/17/556
f 2465/13/557 3522/12/557 2468/17/557 821/18/557
f 823/19/558 2470/20/558 3523/21/558 2473/22/558
f 2470/20/559 824/23/559 2474/24/559 3523/21/559
f 3523/21/1587 2474/24/1587 825/9/1587 2472/25/1587
f 2473/22/561 3523/21/561 2472/25/561 826/26/561
f 832/1/562 2476/2/562 3524/3/562 2484/4/562
f 2476/2/563 828/5/563 2477/6/563 3524/3/563
f 3524/3/1588 2477/6/1588 830/7/1588 2481/8/1588
f 2484/4/565 3524/3/565 2481/8/565 833/9/565
f 827/10/566 2479/11/566 3525/12/566 2475/13/566
f 2479/11/567 831/14/567 2483/15/567 3525/12/567
f 3525/12/568 2483/15/568 834/16/568 2478/17/568
f 2475/13/1589 3525/12/1589 2478/17/1589 829/18/1589
f 831/19/570 2480/20/570 3526/21/570 2483/22/570
f 2480/20/571 832/23/571 2484/24/571 3526/21/571
f 3526/21/572 2484/24/572 833/9/572 2482/25/572
f 2483/22/573 3526/21/573 2482/25/573 834/26/573
f 955/295/574 2486/296/574 3527/297/574 2718/298/574
f 2486/296/575 836/64/575 2487/39/575 3527/297/575
f 3527/297/576 2487/39/576 838/68/576 2712/299/576
f 2718/298/577 3527/297/577 2712/299/577 956/300/577
f 952/301/578 2489/302/578 3528/303/578 2710/304/578
f 2489/302/579 839/305/579 2493/306/579 3528/303/579
f 3528/303/1286 2493/306/1286 842/307/1286 2703/308/1286
f 2710/304/581 3528/303/581 2703/308/581 951/309/581
f 839/305/582 2490/310/582 3529/311/582 2493/306/582
f 2490/310/583 840/312/583 2494/313/583 3529/311/583
f 3529/311/584 2494/313/584 841/314/584 2492/315/584
f 2493/306/585 3529/311/585 2492/315/585 842/307/585
f 848/1/586 2496/2/586 3530/3/586 2504/4/586
f 2496/2/587 844/5/587 2497/6/587 3530/3/587
f 3530/3/1590 2497/6/1590 846/7/1590 2501/8/1590
f 2504/4/589 3530/3/589 2501/8/589 849/9/589
f 843/10/1591 2499/11/1591 3531/12/1591 2495/13/1591
f 2499/11/591 847/14/591 2503/15/591 3531/12/591
f 3531/12/592 2503/15/592 850/16/592 2498/17/592
f 2495/13/593 3531/12/593 2498/17/593 845/18/593
f 847/19/594 2500/20/594 3532/21/594 2503/22/594
f 2500/20/595 848/23/595 2504/24/595 3532/21/595
f 3532/21/596 2504/24/596 849/9/596 2502/25/596
f 2503/22/597 3532/21/597 2502/25/597 850/26/597
f 856/1/598 2506/2/598 3533/3/598 2514/4/598
f 2506/2/1592 852/5/1592 2507/6/1592 3533/3/1592
f 3533/3/600 2507/6/600 854/7/600 2511/8/600
f 2514/4/601 3533/3/601 2511/8/601 857/9/601
f 851/10/1288 2509/11/1288 3534/12/1288 2505/13/1288
f 2509/11/603 855/14/603 2513/15/603 3534/12/603
f 3534/12/604 2513/15/604 858/16/604 2508/17/604
f 2505/13/605 3534/12/605 2508/17/605 853/18/605
f 855/19/1593 2510/20/1593 3535/21/1593 2513/22/1593
f 2510/20/607 856/23/607 2514/24/607 3535/21/607
f 3535/21/608 2514/24/608 857/9/608 2512/25/608
f 2513/22/609 3535/21/609 2512/25/609 858/26/609
f 864/1/610 2516/2/610 3536/3/610 2524/4/610
f 2516/2/611 860/5/611 2517/6/611 3536/3/611
f 3536/3/612 2517/6/612 862/7/612 2521/8/612
f 2524/4/1594 3536/3/1594 2521/8/1594 865/9/1594
f 859/10/614 2519/11/614 3537/12/614 2515/13/614
f 2519/11/615 863/14/615 2523/15/615 3537/12/615
f 3537/12/1595 2523/15/1595 866/16/1595 2518/17/1595
f 2515/13/1596 3537/12/1596 2518/17/1596 861/18/1596
f 863/19/1292 2520/20/1292 3538/21/1292 2523/22/1292
f 2520/20/619 864/23/619 2524/24/619 3538/21/619
f 3538/21/1597 2524/24/1597 865/9/1597 2522/25/1597
f 2523/22/621 3538/21/621 2522/25/621 866/26/621
f 872/1/622 2526/2/622 3539/3/622 2534/4/622
f 2526/2/1598 868/5/1598 2527/6/1598 3539/3/1598
f 3539/3/1599 2527/6/1599 870/7/1599 2531/8/1599
f 2534/4/625 3539/3/625 2531/8/625 873/9/625
f 867/10/1294 2529/11/1294 3540/12/1294 2525/13/1294
f 2529/11/1600 871/14/1600 2533/15/1600 3540/12/1600
f 3540/12/628 2533/15/628 874/16/628 2528/17/628
f 2525/13/629 3540/12/629 2528/17/629 869/18/629
f 871/19/1601 2530/20/1601 3541/21/1601 2533/22/1601
f 2530/20/631 872/23/631 2534/24/631 3541/21/631
f 3541/21/632 2534/24/632 873/9/632 2532/25/632
f 2533/22/633 3541/21/633 2532/25/633 874/26/633
f 880/32/634 2544/33/634 3542/34/634 2536/35/634
f 2544/33/635 881/36/635 2541/37/635 3542/34/635
f 3542/34/636 2541/37/636 878/38/636 2537/39/636
f 2536/35/1602 3542/34/1602 2537/39/1602 876/40/1602
f 875/41/638 2535/42/638 3543/43/638 2539/44/638
f 2535/42/639 877/45/639 2538/46/639 3543/43/639
f 3543/43/640 2538/46/640 882/47/640 2543/48/640
f 2539/44/641 3543/43/641 2543/48/641 879/49/641
f 879/49/642 2543/48/642 3544/50/642 2540/51/642
f 2543/48/643 882/47/643 2542/52/643 3544/50/643
f 3544/50/644 2542/52/644 881/36/644 2544/33/644
f 2540/51/645 3544/50/645 2544/33/645 880/32/645
f 888/32/646 2554/33/646 3545/34/646 2546/35/646
f 2554/33/647 889/36/647 2551/37/647 3545/34/647
f 3545/34/648 2551/37/648 886/38/648 2547/39/648
f 2546/35/649 3545/34/649 2547/39/649 884/40/649
f 883/41/650 2545/42/650 3546/43/650 2549/44/650
f 2545/42/651 885/45/651 2548/46/651 3546/43/651
f 3546/43/652 2548/46/652 890/47/652 2553/48/652
f 2549/44/653 3546/43/653 2553/48/653 887/49/653
f 887/49/654 2553/48/654 3547/50/654 2550/51/654
f 2553/48/1603 890/47/1603 2552/52/1603 3547/50/1603
f 3547/50/1604 2552/52/1604 889/36/1604 2554/33/1604
f 2550/51/1605 3547/50/1605 2554/33/1605 888/32/1605
f 896/32/658 2564/33/658 3548/34/658 2556/35/658
f 2564/33/659 897/36/659 2561/37/659 3548/34/659
f 3548/34/660 2561/37/660 894/38/660 2557/39/660
f 2556/35/1297 3548/34/1297 2557/39/1297 892/40/1297
f 891/41/662 2555/42/662 3549/43/662 2559/44/662
f 2555/42/663 893/45/663 2558/46/663 3549/43/663
f 3549/43/664 2558/46/664 898/47/664 2563/48/664
f 2559/44/665 3549/43/665 2563/48/665 895/49/665
f 895/49/666 2563/48/666 3550/50/666 2560/51/666
f 2563/48/667 898/47/667 2562/52/667 3550/50/667
f 3550/50/1606 2562/52/1606 897/36/1606 2564/33/1606
f 2560/51/669 3550/50/669 2564/33/669 896/32/669
f 957/316/670 2717/317/670 3551/318/670 2566/319/670
f 2717/317/671 958/320/671 2714/321/671 3551/318/671
f 3551/318/672 2714/321/672 902/38/672 2567/39/672
f 2566/319/1299 3551/318/1299 2567/39/1299 900/40/1299
f 954/322/674 2709/323/674 3552/324/674 2569/325/674
f 2709/323/675 953/326/675 2705/327/675 3552/324/675
f 3552/324/676 2705/327/676 906/47/676 2573/328/676
f 2569/325/677 3552/324/677 2573/328/677 903/49/677
f 903/49/678 2573/328/678 3553/329/678 2570/51/678
f 2573/328/679 906/47/679 2572/52/679 3553/329/679
f 3553/329/680 2572/52/680 905/36/680 2574/330/680
f 2570/51/681 3553/329/681 2574/330/681 904/32/681
f 912/32/1607 2584/33/1607 3554/34/1607 2576/35/1607
f 2584/33/1608 913/36/1608 2581/37/1608 3554/34/1608
f 3554/34/684 2581/37/684 910/38/684 2577/39/684
f 2576/35/685 3554/34/685 2577/39/685 908/40/685
f 907/41/686 2575/42/686 3555/43/686 2579/44/686
f 2575/42/1303 909/45/1303 2578/46/1303 3555/43/1303
f 3555/43/688 2578/46/688 914/47/688 2583/48/688
f 2579/44/689 3555/43/689 2583/48/689 911/49/689
f 911/49/690 2583/48/690 3556/50/690 2580/51/690
f 2583/48/691 914/47/691 2582/52/691 3556/50/691
f 3556/50/1609 2582/52/1609 913/36/1609 2584/33/1609
f 2580/51/693 3556/50/693 2584/33/693 912/32/693
f 920/32/694 2594/33/694 3557/34/694 2586/35/694
f 2594/33/695 921/36/695 2591/37/695 3557/34/695
f 3557/34/696 2591/37/696 918/38/696 2587/39/696
f 2586/35/697 3557/34/697 2587/39/697 916/40/697
f 915/41/1307 2585/42/1307 3558/43/1307 2589/44/1307
f 2585/42/1610 917/45/1610 2588/46/1610 3558/43/1610
f 3558/43/700 2588/46/700 922/47/700 2593/48/700
f 2589/44/701 3558/43/701 2593/48/701 919/49/701
f 919/49/702 2593/48/702 3559/50/702 2590/51/702
f 2593/48/703 922/47/703 2592/52/703 3559/50/703
f 3559/50/704 2592/52/704 921/36/704 2594/33/704
f 2590/51/1611 3559/50/1611 2594/33/1611 920/32/1611
f 928/32/706 2604/33/706 3560/34/706 2596/35/706
f 2604/33/1612 929/36/1612 2601/37/1612 3560/34/1612
f 3560/34/1308 2601/37/1308 926/38/1308 2597/39/1308
f 2596/35/709 3560/34/709 2597/39/709 924/40/709
f 923/41/710 2595/42/710 3561/43/710 2599/44/710
f 2595/42/711 925/45/711 2598/46/711 3561/43/711
f 3561/43/1613 2598/46/1613 930/47/1613 2603/48/1613
f 2599/44/713 3561/43/713 2603/48/713 927/49/713
f 927/49/714 2603/48/714 3562/50/714 2600/51/714
f 2603/48/715 930/47/715 2602/52/715 3562/50/715
f 3562/50/716 2602/52/716 929/36/716 2604/33/716
f 2600/51/717 3562/50/717 2604/33/717 928/32/717
f 936/32/718 2614/33/718 3563/34/718 2606/35/718
f 2614/33/719 937/36/719 2611/37/719 3563/34/719
f 3563/34/1614 2611/37/1614 934/38/1614 2607/39/1614
f 2606/35/721 3563/34/721 2607/39/721 932/40/721
f 931/41/722 2605/42/722 3564/43/722 2609/44/722
f 2605/42/1615 933/45/1615 2608/46/1615 3564/43/1615
f 3564/43/724 2608/46/724 938/47/724 2613/48/724
f 2609/44/1616 3564/43/1616 2613/48/1616 935/49/1616
f 935/49/726 2613/48/726 3565/50/726 2610/51/726
f 2613/48/727 938/47/727 2612/52/727 3565/50/727
f 3565/50/728 2612/52/728 937/36/728 2614/33/728
f 2610/51/729 3565/50/729 2614/33/729 936/32/729
f 811/10/730 2455/54/730 3566/55/730 2615/56/730
f 2455/54/731 813/18/731 2617/57/731 3566/55/731
f 3566/55/1617 2617/57/1617 877/58/1617 2535/42/1617
f 2615/56/733 3566/55/733 2535/42/733 875/41/733
f 812/5/734 2456/59/734 3567/60/734 2616/61/734
f 2456/59/1618 816/1/1618 2620/62/1618 3567/60/1618
f 3567/60/736 2620/62/736 880/32/736 2536/63/736
f 2616/61/1619 3567/60/1619 2536/63/1619 876/64/1619
f 814/7/738 2457/65/738 3568/66/738 2618/67/738
f 2457/65/739 812/5/739 2616/61/739 3568/66/739
f 3568/66/740 2616/61/740 876/64/740 2537/39/740
f 2618/67/741 3568/66/741 2537/39/741 878/68/741
f 813/18/742 2458/17/742 3569/69/742 2617/57/742
f 2458/17/743 818/16/743 2622/70/743 3569/69/743
f 3569/69/744 2622/70/744 882/47/744 2538/46/744
f 2617/57/745 3569/69/745 2538/46/745 877/58/745
f 815/14/1620 2459/71/1620 3570/72/1620 2619/73/1620
f 2459/71/1621 811/10/1621 2615/56/1621 3570/72/1621
f 3570/72/748 2615/56/748 875/41/748 2539/44/748
f 2619/73/749 3570/72/749 2539/44/749 879/49/749
f 816/1/750 2460/74/750 3571/75/750 2620/62/750
f 2460/74/751 815/14/751 2619/73/751 3571/75/751
f 3571/75/752 2619/73/752 879/49/752 2540/51/752
f 2620/62/753 3571/75/753 2540/51/753 880/32/753
f 817/9/1622 2461/8/1622 3572/76/1622 2621/77/1622
f 2461/8/755 814/7/755 2618/67/755 3572/76/755
f 3572/76/756 2618/67/756 878/68/756 2541/37/756
f 2621/77/757 3572/76/757 2541/37/757 881/36/757
f 818/16/758 2462/25/758 3573/78/758 2622/70/758
f 2462/25/759 817/9/759 2621/77/759 3573/78/759
f 3573/78/1623 2621/77/1623 881/36/1623 2542/52/1623
f 2622/70/761 3573/78/761 2542/52/761 882/47/761
f 819/10/1624 2465/54/1624 3574/55/1624 2623/56/1624
f 2465/54/1625 821/18/1625 2625/57/1625 3574/55/1625
f 3574/55/764 2625/57/764 885/58/764 2545/42/764
f 2623/56/765 3574/55/765 2545/42/765 883/41/765
f 820/5/1626 2466/59/1626 3575/60/1626 2624/61/1626
f 2466/59/1627 824/1/1627 2628/62/1627 3575/60/1627
f 3575/60/768 2628/62/768 888/32/768 2546/63/768
f 2624/61/1313 3575/60/1313 2546/63/1313 884/64/1313
f 822/7/1628 2467/65/1628 3576/66/1628 2626/67/1628
f 2467/65/771 820/5/771 2624/61/771 3576/66/771
f 3576/66/1314 2624/61/1314 884/64/1314 2547/39/1314
f 2626/67/773 3576/66/773 2547/39/773 886/68/773
f 821/18/1629 2468/17/1629 3577/69/1629 2625/57/1629
f 2468/17/775 826/16/775 2630/70/775 3577/69/775
f 3577/69/776 2630/70/776 890/47/776 2548/46/776
f 2625/57/777 3577/69/777 2548/46/777 885/58/777
f 823/14/778 2469/71/778 3578/72/778 2627/73/778
f 2469/71/779 819/10/779 2623/56/779 3578/72/779
f 3578/72/780 2623/56/780 883/41/780 2549/44/780
f 2627/73/781 3578/72/781 2549/44/781 887/49/781
f 824/1/782 2470/74/782 3579/75/782 2628/62/782
f 2470/74/783 823/14/783 2627/73/783 3579/75/783
f 3579/75/784 2627/73/784 887/49/784 2550/51/784
f 2628/62/785 3579/75/785 2550/51/785 888/32/785
f 825/9/786 2471/8/786 3580/76/786 2629/77/786
f 2471/8/787 822/7/787 2626/67/787 3580/76/787
f 3580/76/788 2626/67/788 886/68/788 2551/37/788
f 2629/77/789 3580/76/789 2551/37/789 889/36/789
f 826/16/790 2472/25/790 3581/78/790 2630/70/790
f 2472/25/1315 825/9/1315 2629/77/1315 3581/78/1315
f 3581/78/792 2629/77/792 889/36/792 2552/52/792
f 2630/70/793 3581/78/793 2552/52/793 890/47/793
f 827/10/1630 2475/54/1630 3582/55/1630 2631/56/1630
f 2475/54/795 829/18/795 2633/57/795 3582/55/795
f 3582/55/796 2633/57/796 893/58/796 2555/42/796
f 2631/56/797 3582/55/797 2555/42/797 891/41/797
f 828/5/798 2476/59/798 3583/60/798 2632/61/798
f 2476/59/799 832/1/799 2636/62/799 3583/60/799
f 3583/60/800 2636/62/800 896/32/800 2556/63/800
f 2632/61/801 3583/60/801 2556/63/801 892/64/801
f 830/7/802 2477/65/802 3584/66/802 2634/67/802
f 2477/65/803 828/5/803 2632/61/803 3584/66/803
f 3584/66/1317 2632/61/1317 892/64/1317 2557/39/1317
f 2634/67/1631 3584/66/1631 2557/39/1631 894/68/1631
f 829/18/1632 2478/17/1632 3585/69/1632 2633/57/1632
f 2478/17/1633 834/16/1633 2638/70/1633 3585/69/1633
f 3585/69/808 2638/70/808 898/47/808 2558/46/808
f 2633/57/1634 3585/69/1634 2558/46/1634 893/58/1634
f 831/14/1635 2479/71/1635 3586/72/1635 2635/73/1635
f 2479/71/1636 827/10/1636 2631/56/1636 3586/72/1636
f 3586/72/812 2631/56/812 891/41/812 2559/44/812
f 2635/73/813 3586/72/813 2559/44/813 895/49/813
f 832/1/814 2480/74/814 3587/75/814 2636/62/814
f 2480/74/1637 831/14/1637 2635/73/1637 3587/75/1637
f 3587/75/816 2635/73/816 895/49/816 2560/51/816
f 2636/62/817 3587/75/817 2560/51/817 896/32/817
f 833/9/1638 2481/8/1638 3588/76/1638 2637/77/1638
f 2481/8/819 830/7/819 2634/67/819 3588/76/819
f 3588/76/1639 2634/67/1639 894/68/1639 2561/37/1639
f 2637/77/1640 3588/76/1640 2561/37/1640 897/36/1640
f 834/16/822 2482/25/822 3589/78/822 2638/70/822
f 2482/25/823 833/9/823 2637/77/823 3589/78/823
f 3589/78/824 2637/77/824 897/36/824 2562/52/824
f 2638/70/825 3589/78/825 2562/52/825 898/47/825
f 971/331/1641 2766/332/1641 3590/333/1641 2639/334/1641
f 2766/332/1642 973/335/1642 2641/336/1642 3590/333/1642
f 3590/333/1643 2641/336/1643 901/58/1643 2565/42/1643
f 2639/334/1644 3590/333/1644 2565/42/1644 899/41/1644
f 982/337/1645 2765/338/1645 3591/339/1645 2716/340/1645
f 2765/338/1646 976/341/1646 2644/342/1646 3591/339/1646
f 3591/339/832 2644/342/832 904/32/832 2713/343/832
f 2716/340/833 3591/339/833 2713/343/833 957/316/833
f 974/344/1647 2764/345/1647 3592/346/1647 2642/347/1647
f 2764/345/1648 972/348/1648 2640/349/1648 3592/346/1648
f 3592/346/1649 2640/349/1649 900/64/1649 2567/39/1649
f 2642/347/837 3592/346/837 2567/39/837 902/68/837
f 980/350/838 2763/351/838 3593/352/838 2708/353/838
f 2763/351/1650 978/354/1650 2646/355/1650 3593/352/1650
f 3593/352/840 2646/355/840 906/47/840 2705/327/840
f 2708/353/841 3593/352/841 2705/327/841 953/326/841
f 979/356/842 2762/357/842 3594/358/842 2707/359/842
f 2762/357/843 971/331/843 2639/334/843 3594/358/843
f 3594/358/1651 2639/334/1651 899/41/1651 2706/360/1651
f 2707/359/845 3594/358/845 2706/360/845 954/322/845
f 976/341/1652 2761/361/1652 3595/362/1652 2644/342/1652
f 2761/361/1653 975/363/1653 2643/364/1653 3595/362/1653
f 3595/362/848 2643/364/848 903/49/848 2570/51/848
f 2644/342/849 3595/362/849 2570/51/849 904/32/849
f 981/365/850 2760/366/850 3596/367/850 2715/368/850
f 2760/366/851 974/344/851 2642/347/851 3596/367/851
f 3596/367/1654 2642/347/1654 902/68/1654 2714/321/1654
f 2715/368/1655 3596/367/1655 2714/321/1655 958/320/1655
f 978/354/854 2759/369/854 3597/370/854 2646/355/854
f 2759/369/855 977/371/855 2645/372/855 3597/370/855
f 3597/370/856 2645/372/856 905/36/856 2572/52/856
f 2646/355/1335 3597/370/1335 2572/52/1335 906/47/1335
f 843/10/858 2495/54/858 3598/55/858 2647/56/858
f 2495/54/1336 845/18/1336 2649/57/1336 3598/55/1336
f 3598/55/1656 2649/57/1656 909/58/1656 2575/42/1656
f 2647/56/861 3598/55/861 2575/42/861 907/41/861
f 844/5/1657 2496/59/1657 3599/60/1657 2648/61/1657
f 2496/59/1337 848/1/1337 2652/62/1337 3599/60/1337
f 3599/60/1658 2652/62/1658 912/32/1658 2576/63/1658
f 2648/61/1659 3599/60/1659 2576/63/1659 908/64/1659
f 846/7/1660 2497/65/1660 3600/66/1660 2650/67/1660
f 2497/65/867 844/5/867 2648/61/867 3600/66/867
f 3600/66/1661 2648/61/1661 908/64/1661 2577/39/1661
f 2650/67/1662 3600/66/1662 2577/39/1662 910/68/1662
f 845/18/1663 2498/17/1663 3601/69/1663 2649/57/1663
f 2498/17/1664 850/16/1664 2654/70/1664 3601/69/1664
f 3601/69/872 2654/70/872 914/47/872 2578/46/872
f 2649/57/1665 3601/69/1665 2578/46/1665 909/58/1665
f 847/14/1342 2499/71/1342 3602/72/1342 2651/73/1342
f 2499/71/875 843/10/875 2647/56/875 3602/72/875
f 3602/72/1666 2647/56/1666 907/41/1666 2579/44/1666
f 2651/73/1667 3602/72/1667 2579/44/1667 911/49/1667
f 848/1/1668 2500/74/1668 3603/75/1668 2652/62/1668
f 2500/74/1669 847/14/1669 2651/73/1669 3603/75/1669
f 3603/75/880 2651/73/880 911/49/880 2580/51/880
f 2652/62/1670 3603/75/1670 2580/51/1670 912/32/1670
f 849/9/1671 2501/8/1671 3604/76/1671 2653/77/1671
f 2501/8/1672 846/7/1672 2650/67/1672 3604/76/1672
f 3604/76/1673 2650/67/1673 910/68/1673 2581/37/1673
f 2653/77/1674 3604/76/1674 2581/37/1674 913/36/1674
f 850/16/1675 2502/25/1675 3605/78/1675 2654/70/1675
f 2502/25/1676 849/9/1676 2653/77/1676 3605/78/1676
f 3605/78/888 2653/77/888 913/36/888 2582/52/888
f 2654/70/1677 3605/78/1677 2582/52/1677 914/47/1677
f 851/10/1347 2505/54/1347 3606/55/1347 2655/56/1347
f 2505/54/1678 853/18/1678 2657/57/1678 3606/55/1678
f 3606/55/892 2657/57/892 917/58/892 2585/42/892
f 2655/56/893 3606/55/893 2585/42/893 915/41/893
f 852/5/894 2506/59/894 3607/60/894 2656/61/894
f 2506/59/1679 856/1/1679 2660/62/1679 3607/60/1679
f 3607/60/1349 2660/62/1349 920/32/1349 2586/63/1349
f 2656/61/1680 3607/60/1680 2586/63/1680 916/64/1680
f 854/7/898 2507/65/898 3608/66/898 2658/67/898
f 2507/65/1681 852/5/1681 2656/61/1681 3608/66/1681
f 3608/66/1352 2656/61/1352 916/64/1352 2587/39/1352
f 2658/67/1353 3608/66/1353 2587/39/1353 918/68/1353
f 853/18/1354 2508/17/1354 3609/69/1354 2657/57/1354
f 2508/17/1682 858/16/1682 2662/70/1682 3609/69/1682
f 3609/69/904 2662/70/904 922/47/904 2588/46/904
f 2657/57/905 3609/69/905 2588/46/905 917/58/905
f 855/14/1683 2509/71/1683 3610/72/1683 2659/73/1683
f 2509/71/1355 851/10/1355 2655/56/1355 3610/72/1355
f 3610/72/908 2655/56/908 915/41/908 2589/44/908
f 2659/73/909 3610/72/909 2589/44/909 919/49/909
f 856/1/910 2510/74/910 3611/75/910 2660/62/910
f 2510/74/911 855/14/911 2659/73/911 3611/75/911
f 3611/75/912 2659/73/912 919/49/912 2590/51/912
f 2660/62/1684 3611/75/1684 2590/51/1684 920/32/1684
f 857/9/914 2511/8/914 3612/76/914 2661/77/914
f 2511/8/1685 854/7/1685 2658/67/1685 3612/76/1685
f 3612/76/1686 2658/67/1686 918/68/1686 2591/37/1686
f 2661/77/917 3612/76/917 2591/37/917 921/36/917
f 858/16/1359 2512/25/1359 3613/78/1359 2662/70/1359
f 2512/25/919 857/9/919 2661/77/919 3613/78/919
f 3613/78/1687 2661/77/1687 921/36/1687 2592/52/1687
f 2662/70/1361 3613/78/1361 2592/52/1361 922/47/1361
f 859/10/922 2515/54/922 3614/55/922 2663/56/922
f 2515/54/923 861/18/923 2665/57/923 3614/55/923
f 3614/55/1688 2665/57/1688 925/58/1688 2595/42/1688
f 2663/56/1689 3614/55/1689 2595/42/1689 923/41/1689
f 860/5/926 2516/59/926 3615/60/926 2664/61/926
f 2516/59/927 864/1/927 2668/62/927 3615/60/927
f 3615/60/928 2668/62/928 928/32/928 2596/63/928
f 2664/61/929 3615/60/929 2596/63/929 924/64/929
f 862/7/930 2517/65/930 3616/66/930 2666/67/930
f 2517/65/1366 860/5/1366 2664/61/1366 3616/66/1366
f 3616/66/1690 2664/61/1690 924/64/1690 2597/39/1690
f 2666/67/1367 3616/66/1367 2597/39/1367 926/68/1367
f 861/18/934 2518/17/934 3617/69/934 2665/57/934
f 2518/17/1691 866/16/1691 2670/70/1691 3617/69/1691
f 3617/69/936 2670/70/936 930/47/936 2598/46/936
f 2665/57/1692 3617/69/1692 2598/46/1692 925/58/1692
f 863/14/938 2519/71/938 3618/72/938 2667/73/938
f 2519/71/1693 859/10/1693 2663/56/1693 3618/72/1693
f 3618/72/940 2663/56/940 923/41/940 2599/44/940
f 2667/73/941 3618/72/941 2599/44/941 927/49/941
f 864/1/1694 2520/74/1694 3619/75/1694 2668/62/1694
f 2520/74/1695 863/14/1695 2667/73/1695 3619/75/1695
f 3619/75/944 2667/73/944 927/49/944 2600/51/944
f 2668/62/1696 3619/75/1696 2600/51/1696 928/32/1696
f 865/9/1697 2521/8/1697 3620/76/1697 2669/77/1697
f 2521/8/1698 862/7/1698 2666/67/1698 3620/76/1698
f 3620/76/1699 2666/67/1699 926/68/1699 2601/37/1699
f 2669/77/1375 3620/76/1375 2601/37/1375 929/36/1375
f 866/16/1700 2522/25/1700 3621/78/1700 2670/70/1700
f 2522/25/951 865/9/951 2669/77/951 3621/78/951
f 3621/78/952 2669/77/952 929/36/952 2602/52/952
f 2670/70/953 3621/78/953 2602/52/953 930/47/953
f 867/10/1701 2525/54/1701 3622/55/1701 2671/56/1701
f 2525/54/1702 869/18/1702 2673/57/1702 3622/55/1702
f 3622/55/1378 2673/57/1378 933/58/1378 2605/42/1378
f 2671/56/1379 3622/55/1379 2605/42/1379 931/41/1379
f 868/5/958 2526/59/958 3623/60/958 2672/61/958
f 2526/59/1703 872/1/1703 2676/62/1703 3623/60/1703
f 3623/60/1704 2676/62/1704 936/32/1704 2606/63/1704
f 2672/61/961 3623/60/961 2606/63/961 932/64/961
f 870/7/1705 2527/65/1705 3624/66/1705 2674/67/1705
f 2527/65/963 868/5/963 2672/61/963 3624/66/963
f 3624/66/1706 2672/61/1706 932/64/1706 2607/39/1706
f 2674/67/1707 3624/66/1707 2607/39/1707 934/68/1707
f 869/18/1708 2528/17/1708 3625/69/1708 2673/57/1708
f 2528/17/1709 874/16/1709 2678/70/1709 3625/69/1709
f 3625/69/1710 2678/70/1710 938/47/1710 2608/46/1710
f 2673/57/969 3625/69/969 2608/46/969 933/58/969
f 871/14/1711 2529/71/1711 3626/72/1711 2675/73/1711
f 2529/71/1712 867/10/1712 2671/56/1712 3626/72/1712
f 3626/72/972 2671/56/972 931/41/972 2609/44/972
f 2675/73/973 3626/72/973 2609/44/973 935/49/973
f 872/1/1713 2530/74/1713 3627/75/1713 2676/62/1713
f 2530/74/1714 871/14/1714 2675/73/1714 3627/75/1714
f 3627/75/976 2675/73/976 935/49/976 2610/51/976
f 2676/62/977 3627/75/977 2610/51/977 936/32/977
f 873/9/978 2531/8/978 3628/76/978 2677/77/978
f 2531/8/1715 870/7/1715 2674/67/1715 3628/76/1715
f 3628/76/980 2674/67/980 934/68/980 2611/37/980
f 2677/77/981 3628/76/981 2611/37/981 937/36/981
f 874/16/982 2532/25/982 3629/78/982 2678/70/982
f 2532/25/983 873/9/983 2677/77/983 3629/78/983
f 3629/78/984 2677/77/984 937/36/984 2612/52/984
f 2678/70/1716 3629/78/1716 2612/52/1716 938/47/1716
f 806/157/986 2420/373/986 3630/374/986 2429/158/986
f 2420/373/1717 944/121/1717 2685/123/1717 3630/374/1717
f 3630/374/988 2685/123/988 939/127/988 2679/375/988
f 2429/158/989 3630/374/989 2679/375/989 785/159/989
f 801/189/990 2415/376/990 3631/377/990 2434/190/990
f 2415/376/447 943/378/447 2686/379/447 3631/377/447
f 3631/377/991 2686/379/991 944/380/991 2420/381/991
f 2434/190/992 3631/377/992 2420/381/992 806/191/992
f 796/215/993 2410/382/993 3632/383/993 2439/216/993
f 2410/382/994 942/384/994 2687/102/994 3632/383/994
f 3632/383/995 2687/102/995 943/378/995 2415/376/995
f 2439/216/996 3632/383/996 2415/376/996 801/189/996
f 791/239/997 2405/385/997 3633/386/997 2444/240/997
f 2405/385/1718 941/387/1718 2688/96/1718 3633/386/1718
f 3633/386/999 2688/96/999 942/384/999 2410/382/999
f 2444/240/1000 3633/386/1000 2410/382/1000 796/215/1000
f 786/262/1001 2400/388/1001 3634/389/1001 2449/263/1001
f 2400/388/507 940/390/507 2689/90/507 3634/389/507
f 3634/389/1002 2689/90/1002 941/387/1002 2405/385/1002
f 2449/263/1003 3634/389/1003 2405/385/1003 791/239/1003
f 785/291/1004 2679/391/1004 3635/392/1004 2454/292/1004
f 2679/391/1005 939/68/1005 2690/84/1005 3635/392/1005
f 3635/392/1006 2690/84/1006 940/88/1006 2400/388/1006
f 2454/292/1007 3635/392/1007 2400/388/1007 786/293/1007
f 769/39/1719 2696/39/1719 3636/393/1719 2377/394/1719
f 2696/39/1009 950/264/1009 2697/267/1009 3636/393/1009
f 3636/393/1010 2697/267/1010 945/272/1010 2380/395/1010
f 2377/394/1011 3636/393/1011 2380/395/1011 771/396/1011
f 771/396/1391 2380/395/1391 3637/397/1391 2381/398/1391
f 2380/395/1013 945/272/1013 2698/399/1013 3637/397/1013
f 3637/397/1014 2698/399/1014 946/217/1014 2383/400/1014
f 2381/398/1392 3637/397/1392 2383/400/1392 773/401/1392
f 773/401/1016 2383/400/1016 3638/402/1016 2384/403/1016
f 2383/400/1017 946/217/1017 2699/220/1017 3638/402/1017
f 3638/402/1018 2699/220/1018 947/193/1018 2386/404/1018
f 2384/403/1019 3638/402/1019 2386/404/1019 775/404/1019
f 775/404/1020 2386/404/1020 3639/405/1020 2387/406/1020
f 2386/404/1021 947/404/1021 2700/196/1021 3639/405/1021
f 3639/405/1022 2700/196/1022 948/161/1022 2389/407/1022
f 2387/406/1023 3639/405/1023 2389/407/1023 777/407/1023
f 777/407/1393 2389/407/1393 3640/164/1393 2390/408/1393
f 2389/407/1025 948/161/1025 2701/164/1025 3640/164/1025
f 3640/164/1026 2701/164/1026 949/128/1026 2392/409/1026
f 2390/408/1720 3640/164/1720 2392/409/1720 779/410/1720
f 779/410/1028 2392/409/1028 3641/411/1028 2393/412/1028
f 2392/409/1029 949/128/1029 2702/131/1029 3641/411/1029
f 3641/411/1030 2702/131/1030 950/136/1030 2696/413/1030
f 2393/412/1031 3641/411/1031 2696/413/1031 769/136/1031
f 975/363/1394 2758/414/1394 3642/415/1394 2643/364/1394
f 2758/414/1721 979/356/1721 2707/359/1721 3642/415/1721
f 3642/415/1034 2707/359/1034 954/322/1034 2569/416/1034
f 2643/364/1035 3642/415/1035 2569/416/1035 903/49/1035
f 973/335/1036 2757/417/1036 3643/418/1036 2641/336/1036
f 2757/417/1722 980/350/1722 2708/353/1722 3643/418/1722
f 3643/418/1398 2708/353/1398 953/326/1398 2568/419/1398
f 2641/336/1723 3643/418/1723 2568/419/1723 901/58/1723
f 899/41/1724 2565/42/1724 3644/420/1724 2706/360/1724
f 2565/42/1725 901/45/1725 2568/419/1725 3644/420/1725
f 3644/420/1042 2568/419/1042 953/326/1042 2709/323/1042
f 2706/360/1726 3644/420/1726 2709/323/1726 954/322/1726
f 835/421/1727 2704/422/1727 3645/423/1727 2485/424/1727
f 2704/422/1045 952/425/1045 2710/426/1045 3645/423/1045
f 3645/423/1728 2710/426/1728 951/309/1728 2488/427/1728
f 2485/424/1729 3645/423/1729 2488/427/1729 837/428/1729
f 977/371/1048 2756/429/1048 3646/430/1048 2645/372/1048
f 2756/429/1730 981/365/1730 2715/368/1730 3646/430/1730
f 3646/430/1050 2715/368/1050 958/320/1050 2571/431/1050
f 2645/372/1731 3646/430/1731 2571/431/1731 905/36/1731
f 972/348/1732 2755/432/1732 3647/433/1732 2640/349/1732
f 2755/432/1053 982/337/1053 2716/340/1053 3647/433/1053
f 3647/433/1054 2716/340/1054 957/316/1054 2566/319/1054
f 2640/349/1733 3647/433/1733 2566/319/1733 900/64/1733
f 904/32/1056 2574/330/1056 3648/434/1056 2713/343/1056
f 2574/330/1057 905/36/1057 2571/431/1057 3648/434/1057
f 3648/434/1058 2571/431/1058 958/320/1058 2717/317/1058
f 2713/343/1734 3648/434/1734 2717/317/1734 957/316/1734
f 840/312/1060 2711/435/1060 3649/436/1060 2494/313/1060
f 2711/435/1061 955/437/1061 2718/438/1061 3649/436/1061
f 3649/436/1062 2718/438/1062 956/300/1062 2491/439/1062
f 2494/313/1063 3649/436/1063 2491/439/1063 841/314/1063
f 836/64/1064 2486/296/1064 3650/440/1064 2720/40/1064
f 2486/296/1065 955/441/1065 2730/442/1065 3650/440/1065
f 3650/440/1066 2730/442/1066 970/337/1066 2731/443/1066
f 2720/40/1735 3650/440/1735 2731/443/1735 960/444/1735
f 841/314/1736 2491/439/1736 3651/445/1736 2725/446/1736
f 2491/439/1069 956/300/1069 2729/447/1069 3651/445/1069
f 3651/445/1737 2729/447/1737 969/365/1737 2732/448/1737
f 2725/446/1738 3651/445/1738 2732/448/1738 965/449/1738
f 837/428/1072 2488/427/1072 3652/450/1072 2721/451/1072
f 2488/427/1739 951/309/1739 2728/452/1739 3652/450/1739
f 3652/450/1740 2728/452/1740 968/453/1740 2733/454/1740
f 2721/451/1741 3652/450/1741 2733/454/1741 961/455/1741
f 839/456/1076 2489/457/1076 3653/458/1076 2723/459/1076
f 2489/457/1742 952/460/1742 2727/461/1742 3653/458/1742
f 3653/458/1078 2727/461/1078 967/462/1078 2734/463/1078
f 2723/459/1743 3653/458/1743 2734/463/1743 963/363/1743
f 842/307/1080 2492/464/1080 3654/465/1080 2726/466/1080
f 2492/464/1081 841/467/1081 2725/468/1081 3654/465/1081
f 3654/465/1744 2725/468/1744 965/449/1744 2735/369/1744
f 2726/466/1083 3654/465/1083 2735/369/1083 966/469/1083
f 956/300/1084 2712/299/1084 3655/470/1084 2729/471/1084
f 2712/299/1745 838/68/1745 2722/38/1745 3655/470/1745
f 3655/470/1746 2722/38/1746 962/68/1746 2736/472/1746
f 2729/471/1747 3655/470/1747 2736/472/1747 969/365/1747
f 840/312/1088 2490/310/1088 3656/473/1088 2724/474/1088
f 2490/310/1089 839/456/1089 2723/459/1089 3656/473/1089
f 3656/473/1090 2723/459/1090 963/363/1090 2737/475/1090
f 2724/474/1091 3656/473/1091 2737/475/1091 964/476/1091
f 952/477/1092 2704/478/1092 3657/479/1092 2727/461/1092
f 2704/478/1748 835/421/1748 2719/480/1748 3657/479/1748
f 3657/479/1412 2719/480/1412 959/481/1412 2738/482/1412
f 2727/461/1095 3657/479/1095 2738/482/1095 967/462/1095
f 951/309/1096 2703/483/1096 3658/484/1096 2728/452/1096
f 2703/483/1749 842/307/1749 2726/466/1749 3658/484/1749
f 3658/484/1750 2726/466/1750 966/469/1750 2739/485/1750
f 2728/452/1751 3658/484/1751 2739/485/1751 968/453/1751
f 838/38/1100 2487/39/1100 3659/486/1100 2722/38/1100
f 2487/39/1101 836/40/1101 2720/40/1101 3659/486/1101
f 3659/486/1752 2720/40/1752 960/64/1752 2740/39/1752
f 2722/38/1753 3659/486/1753 2740/39/1753 962/38/1753
f 955/437/1104 2711/435/1104 3660/487/1104 2730/442/1104
f 2711/435/1105 840/312/1105 2724/474/1105 3660/487/1105
f 3660/487/1754 2724/474/1754 964/476/1754 2741/488/1754
f 2730/442/1755 3660/487/1755 2741/488/1755 970/489/1755
f 835/421/1756 2485/424/1756 3661/490/1756 2719/480/1756
f 2485/424/1757 837/428/1757 2721/451/1757 3661/490/1757
f 3661/490/1758 2721/451/1758 961/455/1758 2742/332/1758
f 2719/480/1759 3661/490/1759 2742/332/1759 959/481/1759
f 960/444/1760 2731/443/1760 3662/491/1760 2744/492/1760
f 2731/443/1761 970/337/1761 2754/337/1761 3662/491/1761
f 3662/491/1762 2754/337/1762 982/337/1762 2755/432/1762
f 2744/492/1763 3662/491/1763 2755/432/1763 972/348/1763
f 965/449/1116 2732/448/1116 3663/493/1116 2749/494/1116
f 2732/448/1764 969/365/1764 2753/495/1764 3663/493/1764
f 3663/493/1424 2753/495/1424 981/365/1424 2756/448/1424
f 2749/494/1119 3663/493/1119 2756/448/1119 977/449/1119
f 961/455/1120 2733/454/1120 3664/496/1120 2745/497/1120
f 2733/454/1121 968/453/1121 2752/498/1121 3664/496/1121
f 3664/496/1122 2752/498/1122 980/350/1122 2757/417/1122
f 2745/497/1765 3664/496/1765 2757/417/1765 973/335/1765
f 963/363/1766 2734/463/1766 3665/414/1766 2747/363/1766
f 2734/463/1767 967/462/1767 2751/462/1767 3665/414/1767
f 3665/414/1768 2751/462/1768 979/356/1768 2758/499/1768
f 2747/363/1127 3665/414/1127 2758/499/1127 975/363/1127
f 966/469/1769 2735/369/1769 3666/500/1769 2750/469/1769
f 2735/369/1770 965/449/1770 2749/449/1770 3666/500/1770
f 3666/500/1427 2749/449/1427 977/371/1427 2759/369/1427
f 2750/469/1131 3666/500/1131 2759/369/1131 978/354/1131
f 969/365/1771 2736/472/1771 3667/501/1771 2753/365/1771
f 2736/472/1133 962/68/1133 2746/502/1133 3667/501/1133
f 3667/501/1772 2746/502/1772 974/344/1772 2760/366/1772
f 2753/365/1773 3667/501/1773 2760/366/1773 981/365/1773
f 964/476/1136 2737/475/1136 3668/475/1136 2748/341/1136
f 2737/475/1137 963/363/1137 2747/363/1137 3668/475/1137
f 3668/475/1138 2747/363/1138 975/363/1138 2761/475/1138
f 2748/341/1774 3668/475/1774 2761/475/1774 976/476/1774
f 967/462/1775 2738/482/1775 3669/503/1775 2751/462/1775
f 2738/482/1435 959/504/1435 2743/505/1435 3669/503/1435
f 3669/503/1776 2743/505/1776 971/506/1776 2762/357/1776
f 2751/462/1777 3669/503/1777 2762/357/1777 979/356/1777
f 968/507/1144 2739/485/1144 3670/351/1144 2752/498/1144
f 2739/485/1778 966/508/1778 2750/469/1778 3670/351/1778
f 3670/351/1779 2750/469/1779 978/509/1779 2763/351/1779
f 2752/498/1147 3670/351/1147 2763/351/1147 980/510/1147
f 962/68/1148 2740/39/1148 3671/511/1148 2746/502/1148
f 2740/39/1780 960/444/1780 2744/492/1780 3671/511/1780
f 3671/511/1781 2744/492/1781 972/348/1781 2764/345/1781
f 2746/502/1782 3671/511/1782 2764/345/1782 974/344/1782
f 970/489/1152 2741/488/1152 3672/338/1152 2754/337/1152
f 2741/488/1153 964/476/1153 2748/341/1153 3672/338/1153
f 3672/338/1441 2748/341/1441 976/476/1441 2765/338/1441
f 2754/337/1783 3672/338/1783 2765/338/1783 982/512/1783
f 959/504/1784 2742/513/1784 3673/513/1784 2743/505/1784
f 2742/513/1785 961/514/1785 2745/497/1785 3673/513/1785
f 3673/513/1786 2745/497/1786 973/335/1786 2766/332/1786
f 2743/505/1787 3673/513/1787 2766/332/1787 971/506/1787
f 772/515/1160 2378/516/1160 3674/517/1160 2767/518/1160
f 770/519/1788 2768/520/1788 3674/517/1788 2378/521/1788
f 983/522/1162 2767/523/1162 3674/517/1162 2768/524/1162
f 770/519/1789 2394/525/1789 3675/526/1789 2768/527/1789
f 780/528/1790 2769/529/1790 3675/526/1790 2394/530/1790
f 983/522/1165 2768/531/1165 3675/526/1165 2769/532/1165
f 780/528/1791 2391/533/1791 3676/534/1791 2769/535/1791
f 778/536/1792 2770/537/1792 3676/534/1792 2391/533/1792
f 983/522/1168 2769/535/1168 3676/534/1168 2770/538/1168
f 778/536/1793 2388/539/1793 3677/540/1793 2770/538/1793
f 776/541/1794 2771/542/1794 3677/540/1794 2388/539/1794
f 983/522/1795 2770/543/1795 3677/540/1795 2771/542/1795
f 776/541/1172 2385/544/1172 3678/545/1172 2771/546/1172
f 774/547/1796 2772/548/1796 3678/545/1796 2385/544/1796
f 983/522/1797 2771/549/1797 3678/545/1797 2772/548/1797
f 774/547/1175 2382/550/1175 3679/551/1175 2772/548/1175
f 772/515/1798 2767/552/1798 3679/551/1798 2382/550/1798
f 983/522/1177 2772/553/1177 3679/551/1177 2767/518/1177
f 771/111/409 2381/554/409 3680/555/409 2774/556/409
f 773/557/409 2775/558/409 3680/555/409 2381/554/409
f 984/114/1799 2774/556/1799 3680/555/1799 2775/559/1799
f 773/557/409 2384/560/409 3681/561/409 2775/559/409
f 775/562/409 2776/563/409 3681/561/409 2384/560/409
f 984/114/1800 2775/564/1800 3681/561/1800 2776/563/1800
f 775/562/409 2387/565/409 3682/566/409 2776/567/409
f 777/568/409 2777/569/409 3682/566/409 2387/565/409
f 984/114/1800 2776/570/1800 3682/566/1800 2777/571/1800
f 777/568/1801 2390/572/1801 3683/573/1801 2777/571/1801
f 779/574/409 2778/575/409 3683/573/409 2390/572/409
f 984/114/409 2777/576/409 3683/573/409 2778/577/409
f 779/574/409 2393/578/409 3684/579/409 2778/575/409
f 769/107/409 2773/580/409 3684/579/409 2393/581/409
f 984/114/1802 2778/582/1802 3684/579/1802 2773/580/1802
